firm_id,year,industry,soe,freq_AI,freq_BD,freq_CC,freq_BC,freq_APP,freq_total,n_tokens,Dig,Dig_share,Dig_ent,size,lev,roa,growth,age,board,dual,cdo,patent,Patent
1,2016,信息技术,0,26,23,12,10,27,98,436,4.59511985013459,22.477064220183486,0.28481108535925626,21.318,0.4129,0.1264,0.0021,9,9,1,0,1,0.6931471805599453
1,2017,信息技术,0,34,29,32,19,30,144,413,4.976733742420574,34.866828087167065,0.4609632226176234,24.0122,0.6948,0.0509,0.249,10,10,1,0,2,1.0986122886681098
1,2018,信息技术,0,29,41,30,24,37,161,520,5.087596335232384,30.961538461538463,0.518808189903789,24.2916,0.3788,0.0737,0.2559,11,11,0,1,2,1.0986122886681098
1,2019,信息技术,0,50,30,32,21,38,171,448,5.147494476813453,38.169642857142854,0.5537246514049253,24.3701,0.6866,0.0566,0.2844,12,10,0,1,5,1.791759469228055
1,2020,信息技术,0,42,41,32,21,50,186,502,5.231108616854587,37.05179282868526,0.5964248278636395,24.2556,0.599,0.0684,0.1169,13,8,0,0,4,1.6094379124341003
1,2021,信息技术,0,49,45,36,32,59,221,517,5.402677381872279,42.74661508704062,0.7313680134717857,25.8383,0.4824,-0.0049,0.1477,14,10,0,1,5,1.791759469228055
1,2022,信息技术,0,46,55,44,29,55,229,540,5.438079308923196,42.407407407407405,0.7530696366006621,25.4502,0.7814,0.1115,-0.0875,15,9,1,0,5,1.791759469228055
2,2016,高端制造,1,13,10,22,8,16,69,395,4.248495242049359,17.468354430379744,0.19585640237291368,22.2498,0.555,0.0327,0.0022,14,9,0,0,4,1.6094379124341003
2,2017,高端制造,1,17,14,18,13,18,80,417,4.394449154672439,19.18465227817746,0.2375964585456847,21.7261,0.3097,0.0068,-0.1587,15,11,0,0,2,1.0986122886681098
2,2018,高端制造,1,22,11,15,10,10,68,406,4.23410650459726,16.748768472906402,0.19400564296005512,24.7542,0.8841,0.0812,0.2637,16,11,0,0,2,1.0986122886681098
2,2019,高端制造,1,25,21,19,9,33,107,389,4.68213122712422,27.506426735218508,0.316061358025185,21.7447,0.5717,0.0235,0.3253,17,10,1,0,2,1.0986122886681098
2,2020,高端制造,1,19,24,22,7,18,90,355,4.51085950651685,25.352112676056336,0.25845264251853806,23.4044,0.4993,0.0384,-0.2835,18,12,0,0,0,0.0
2,2021,高端制造,1,17,28,19,13,33,110,394,4.709530201312334,27.918781725888326,0.32957658960531955,22.8519,0.5181,0.0193,0.3599,19,5,1,1,0,0.0
2,2022,高端制造,1,32,34,22,12,23,123,433,4.820281565605037,28.406466512702078,0.37308752265998285,24.1642,0.4063,-0.024,-0.3051,20,9,0,1,4,1.6094379124341003
3,2016,医药生物,0,12,15,15,13,17,72,387,4.290459441148391,18.6046511627907,0.20890405901332504,24.3338,0.4786,0.0257,-0.0146,12,8,0,0,1,0.6931471805599453
3,2017,医药生物,0,20,12,16,8,15,71,371,4.276666119016055,19.137466307277627,0.1995252400254028,25.0171,0.3307,0.0877,0.3895,13,10,0,0,1,0.6931471805599453
3,2018,医药生物,0,19,19,15,13,18,84,448,4.442651256490317,18.75,0.24759197215255538,23.066,0.398,0.0245,0.2488,14,11,1,0,0,0.0
3,2019,医药生物,0,28,23,18,19,28,116,440,4.762173934797756,26.36363636363636,0.36331321542167283,24.032,0.5037,0.0428,0.457,15,6,0,0,2,1.0986122886681098
3,2020,医药生物,0,23,28,21,15,23,110,359,4.709530201312334,30.64066852367688,0.3362983618862427,25.1464,0.5178,-0.008,0.3148,16,7,0,1,2,1.0986122886681098
3,2021,医药生物,0,27,30,28,13,27,125,431,4.836281906951478,29.00232018561485,0.38490363092540103,24.9702,0.5971,0.0475,-0.1785,17,10,1,0,1,0.6931471805599453
3,2022,医药生物,0,26,31,28,14,40,139,486,4.941642422609304,28.600823045267486,0.43043009104447555,26.3226,0.5369,0.0075,-0.0102,18,8,1,0,5,1.791759469228055
4,2016,批发零售,0,24,33,31,25,38,151,434,5.0238805208462765,34.7926267281106,0.49042069493931006,23.8959,0.4498,0.0513,0.224,21,10,1,0,1,0.6931471805599453
4,2017,批发零售,0,35,40,29,17,35,156,460,5.056245805348308,33.91304347826087,0.4906921780814268,25.6164,0.1072,0.2165,0.173,22,10,1,1,8,2.1972245773362196
4,2018,批发零售,0,29,33,30,18,33,143,410,4.969813299576001,34.8780487804878,0.4523760847601952,23.5236,0.7848,0.0435,0.1824,23,6,0,1,1,0.6931471805599453
4,2019,批发零售,0,45,38,29,26,51,189,477,5.247024072160486,39.62264150943396,0.6149542626456044,23.4469,0.4178,0.06,0.1117,24,8,0,1,3,1.3862943611198906
4,2020,批发零售,0,47,56,33,22,38,196,493,5.2832037287379885,39.75659229208925,0.628416188161742,25.7078,0.2732,0.1274,-0.192,25,7,0,0,7,2.0794415416798357
4,2021,批发零售,0,32,58,20,21,41,172,495,5.153291594497779,34.74747474747475,0.5379846767653357,23.5853,0.2825,-0.0039,0.4091,26,8,0,0,1,0.6931471805599453
4,2022,批发零售,0,44,42,38,27,47,198,536,5.293304824724492,36.940298507462686,0.6500332209722377,23.3809,0.2865,0.1153,-0.0952,27,9,0,1,5,1.791759469228055
5,2016,金融保险,0,29,27,27,19,32,134,458,4.90527477843843,29.257641921397383,0.4253207863543756,21.1978,0.4625,0.0434,-0.0488,14,9,1,0,1,0.6931471805599453
5,2017,金融保险,0,13,37,22,13,31,116,447,4.762173934797756,25.95078299776286,0.3474069273780153,21.4042,0.2412,0.093,0.1224,15,10,0,0,3,1.3862943611198906
5,2018,金融保险,0,32,35,26,14,35,142,448,4.962844630259907,31.69642857142857,0.4391945054373927,21.1322,0.3233,-0.0001,0.2253,16,9,0,1,3,1.3862943611198906
5,2019,金融保险,0,30,33,25,25,41,154,425,5.043425116919247,36.23529411764706,0.49743061822079976,21.1264,0.544,0.1157,-0.0433,17,9,0,1,1,0.6931471805599453
5,2020,金融保险,0,36,50,38,20,37,181,500,5.204006687076795,36.199999999999996,0.5791685494295095,20.7985,0.3068,0.0588,-0.0649,18,11,0,1,5,1.791759469228055
5,2021,金融保险,0,33,44,26,33,47,183,506,5.214935757608986,36.16600790513834,0.6031113724926737,22.3922,0.2742,-0.0199,-0.4683,19,9,0,0,6,1.9459101490553132
5,2022,金融保险,0,36,44,44,26,41,191,479,5.2574953720277815,39.87473903966597,0.6275383517728407,24.0368,0.95,0.0332,-0.1913,20,9,0,1,4,1.6094379124341003
6,2016,交通运输,0,14,22,18,14,17,85,368,4.454347296253507,23.097826086956523,0.25269520306246646,20.1082,0.3939,0.0949,0.3256,19,11,1,0,1,0.6931471805599453
6,2017,交通运输,0,20,19,10,11,26,86,395,4.465908118654584,21.772151898734176,0.24697900749309643,20.3174,0.4676,-0.0007,-0.3754,20,7,0,0,0,0.0
6,2018,交通运输,0,16,21,20,13,27,97,396,4.584967478670572,24.494949494949495,0.2906219394588752,22.4912,0.4225,0.0343,0.0312,21,9,0,0,2,1.0986122886681098
6,2019,交通运输,0,35,28,30,23,39,155,443,5.049856007249537,34.988713318284425,0.5024568236001505,21.9671,0.4577,0.1173,-0.2509,22,7,0,1,5,1.791759469228055
6,2020,交通运输,0,37,44,23,23,48,175,491,5.170483995038151,35.64154786150713,0.557706433207423,22.8072,0.1798,-0.0578,0.057,23,10,0,0,5,1.791759469228055
6,2021,交通运输,0,34,45,37,29,46,191,496,5.2574953720277815,38.50806451612903,0.6279307902785893,23.3319,0.5252,0.1596,0.1857,24,5,0,1,5,1.791759469228055
6,2022,交通运输,0,42,46,33,17,57,195,514,5.278114659230517,37.93774319066148,0.6166019782666929,24.301,0.4289,0.1128,-0.0625,25,10,0,1,5,1.791759469228055
7,2016,能源材料,0,17,19,12,13,20,81,400,4.406719247264253,20.25,0.23564050403178144,19.551,0.5263,-0.0841,0.1129,22,7,1,1,6,1.9459101490553132
7,2017,能源材料,0,25,32,23,11,21,112,457,4.727387818712341,24.50765864332604,0.33583685701599897,22.394,0.2035,0.0982,0.5727,23,7,1,0,2,1.0986122886681098
7,2018,能源材料,0,21,15,14,17,28,95,418,4.564348191467836,22.727272727272727,0.29068083799755173,21.7358,0.4234,-0.0026,-0.1385,24,11,0,0,1,0.6931471805599453
7,2019,能源材料,0,27,31,27,14,43,142,436,4.962844630259907,32.56880733944954,0.43947042596920954,21.5081,0.498,0.0357,0.1525,25,8,0,1,1,0.6931471805599453
7,2020,能源材料,0,32,32,27,17,27,135,450,4.912654885736052,30.0,0.4242668513856511,21.3084,0.2988,0.0885,0.4193,26,11,1,1,2,1.0986122886681098
7,2021,能源材料,0,18,34,26,11,25,114,422,4.74493212836325,27.014218009478675,0.3418736317448837,24.7665,0.6081,0.0183,0.4215,27,8,0,1,2,1.0986122886681098
7,2022,能源材料,0,27,25,24,18,25,119,463,4.787491742782046,25.70194384449244,0.37410792916757446,24.6812,0.5288,0.0858,-0.2486,28,15,1,0,3,1.3862943611198906
8,2016,房地产,1,27,22,9,15,19,92,416,4.532599493153256,22.115384615384613,0.2740369061743328,22.216,0.95,0.0121,0.2051,2,11,1,0,1,0.6931471805599453
8,2017,房地产,1,15,9,10,14,15,63,380,4.1588830833596715,16.57894736842105,0.1812939567264965,21.7343,0.6226,0.1282,0.181,3,8,0,0,1,0.6931471805599453
8,2018,房地产,1,21,19,18,8,17,83,369,4.430816798843313,22.493224932249323,0.23732141373553284,24.0773,0.6345,0.0888,-0.0734,4,7,0,0,3,1.3862943611198906
8,2019,房地产,1,19,15,19,13,22,88,380,4.48863636973214,23.157894736842106,0.26374024888514047,23.43,0.504,0.003,0.6348,5,5,0,1,2,1.0986122886681098
8,2020,房地产,1,20,26,27,11,33,117,397,4.770684624465665,29.47103274559194,0.35429677627242917,23.9578,0.5239,-0.0556,-0.1127,6,10,0,0,5,1.791759469228055
8,2021,房地产,1,29,38,29,24,27,147,443,4.997212273764115,33.182844243792324,0.4747359272643068,23.9681,0.6016,0.0208,0.1406,7,9,0,1,6,1.9459101490553132
8,2022,房地产,1,32,43,20,19,38,152,447,5.030437921392435,34.00447427293065,0.47453014523568154,23.5538,0.4065,0.1062,0.539,8,8,1,0,2,1.0986122886681098
9,2016,信息技术,1,38,40,31,32,53,194,475,5.272999558563747,40.8421052631579,0.6413261757628773,21.2129,0.4031,0.0779,0.826,7,11,0,1,6,1.9459101490553132
9,2017,信息技术,1,33,39,34,24,51,181,455,5.204006687076795,39.78021978021978,0.5859171611054101,20.752,0.6813,-0.0013,0.33,8,7,0,1,3,1.3862943611198906
9,2018,信息技术,1,39,42,33,22,45,181,447,5.204006687076795,40.49217002237137,0.5822727002636486,21.7919,0.2674,0.1511,0.7336,9,12,0,1,4,1.6094379124341003
9,2019,信息技术,1,48,51,35,21,51,206,506,5.332718793265369,40.71146245059288,0.6606872335879301,23.6471,0.2996,0.031,0.1546,10,12,1,0,25,3.258096538021482
9,2020,信息技术,1,43,56,48,33,70,250,572,5.5254529391317835,43.70629370629371,0.8285528699647748,22.6845,0.4188,0.0482,-0.125,11,11,1,1,13,2.6390573296152584
9,2021,信息技术,1,59,60,48,38,48,253,517,5.537334267018537,48.93617021276596,0.8508445818637421,23.236,0.5804,0.1119,-0.5093,12,8,1,1,22,3.1354942159291497
9,2022,信息技术,1,53,44,31,17,47,192,511,5.262690188904886,37.573385518590996,0.6091092839967738,27.9969,0.6991,0.1683,0.0551,13,10,0,1,70,4.2626798770413155
10,2016,高端制造,1,17,20,21,12,28,98,402,4.59511985013459,24.378109452736318,0.2929910087116532,23.2872,0.05,0.0198,-0.2528,8,11,1,1,2,1.0986122886681098
10,2017,高端制造,1,17,16,16,17,15,81,356,4.406719247264253,22.752808988764045,0.24667018025940382,23.6834,0.5264,-0.0123,-0.1635,9,10,0,0,0,0.0
10,2018,高端制造,1,17,15,14,7,12,65,383,4.189654742026425,16.971279373368144,0.175933615291995,24.513,0.4733,0.0426,-0.6,10,12,0,0,3,1.3862943611198906
10,2019,高端制造,1,35,30,20,11,30,126,445,4.844187086458591,28.314606741573034,0.3809530566340233,24.0938,0.4589,-0.0112,0.2765,11,11,0,0,4,1.6094379124341003
10,2020,高端制造,1,34,29,33,13,27,136,408,4.919980925828125,33.33333333333333,0.42488405547359687,23.2752,0.247,0.0442,-0.1827,12,11,0,0,0,0.0
10,2021,高端制造,1,31,40,21,20,43,155,463,5.049856007249537,33.477321814254864,0.48698246650561317,23.9892,0.3292,-0.0218,-0.2779,13,11,0,1,4,1.6094379124341003
10,2022,高端制造,1,31,41,32,19,46,169,447,5.135798437050262,37.8076062639821,0.5362134401419775,24.4237,0.23,-0.0099,0.2316,14,9,0,1,3,1.3862943611198906
11,2016,医药生物,1,11,12,6,14,10,53,373,3.9889840465642745,14.209115281501342,0.14544822270907093,21.8187,0.2149,0.0548,0.2025,13,9,1,0,2,1.0986122886681098
11,2017,医药生物,1,13,13,5,9,9,49,335,3.912023005428146,14.626865671641792,0.12285265429183352,21.3575,0.4126,0.0305,0.4419,14,11,0,0,0,0.0
11,2018,医药生物,1,3,9,6,4,7,29,349,3.4011973816621555,8.30945558739255,0.04923885238636717,20.1842,0.3606,0.0186,0.1168,15,12,0,0,0,0.0
11,2019,医药生物,1,7,10,10,5,7,39,361,3.6888794541139363,10.80332409972299,0.08611066580212645,22.7966,0.4005,0.0857,0.1738,16,11,0,0,0,0.0
11,2020,医药生物,1,12,12,10,9,10,53,325,3.9889840465642745,16.307692307692307,0.13873255237182486,22.216,0.4469,0.07,0.0843,17,11,0,0,2,1.0986122886681098
11,2021,医药生物,1,7,20,15,9,14,65,336,4.189654742026425,19.345238095238095,0.17675007041195398,23.0977,0.4523,0.0539,0.066,18,7,0,0,1,0.6931471805599453
11,2022,医药生物,1,21,14,14,7,17,73,342,4.30406509320417,21.34502923976608,0.20237832473325254,21.9255,0.8086,-0.0329,0.234,19,9,0,0,0,0.0
12,2016,批发零售,0,34,31,28,14,37,144,463,4.976733742420574,31.101511879049674,0.4482330060104247,22.4504,0.8466,0.0082,0.2871,21,10,1,1,1,0.6931471805599453
12,2017,批发零售,0,27,50,33,31,42,183,523,5.214935757608986,34.990439770554495,0.6010116661937052,24.9938,0.683,-0.0441,0.3293,22,10,0,0,6,1.9459101490553132
12,2018,批发零售,0,30,43,36,22,45,176,498,5.176149732573829,35.34136546184739,0.5659779335091429,22.9061,0.6899,0.063,0.0302,23,9,1,1,6,1.9459101490553132
12,2019,批发零售,0,35,53,30,26,51,195,475,5.278114659230517,41.05263157894737,0.628564627588206,26.0085,0.5561,0.0594,0.1104,24,11,0,0,5,1.791759469228055
12,2020,批发零售,0,42,46,40,23,43,194,507,5.272999558563747,38.26429980276134,0.6296494384900727,24.761,0.4221,0.0122,-0.0097,25,8,0,1,9,2.302585092994046
12,2021,批发零售,0,31,52,40,14,33,170,532,5.14166355650266,31.954887218045116,0.5325699636014315,25.861,0.5734,0.1052,0.3176,26,10,1,1,6,1.9459101490553132
12,2022,批发零售,0,38,46,32,28,39,183,463,5.214935757608986,39.524838012958966,0.5983023908162969,24.4629,0.5664,0.0051,-0.0674,27,7,0,1,3,1.3862943611198906
13,2016,金融保险,0,22,26,16,11,20,95,396,4.564348191467836,23.98989898989899,0.2782398971458834,22.5306,0.2445,0.0628,0.1607,14,9,1,0,1,0.6931471805599453
13,2017,金融保险,0,23,28,15,15,35,116,398,4.762173934797756,29.145728643216078,0.35121053776338207,23.1344,0.4251,0.0235,-0.1938,15,9,0,0,1,0.6931471805599453
13,2018,金融保险,0,21,25,14,12,28,100,424,4.61512051684126,23.58490566037736,0.2945498599490953,22.9816,0.1129,0.0972,-0.0055,16,10,0,0,0,0.0
13,2019,金融保险,0,23,34,23,16,37,133,459,4.897839799950911,28.9760348583878,0.41062421911622604,24.0116,0.2373,0.0331,0.1652,17,12,0,0,5,1.791759469228055
13,2020,金融保险,0,40,36,35,21,39,171,526,5.147494476813453,32.50950570342205,0.5517924509943646,22.4582,0.384,0.0892,0.4498,18,11,0,1,4,1.6094379124341003
13,2021,金融保险,0,46,37,35,23,33,174,449,5.1647859739235145,38.75278396436526,0.5664089339917143,22.6799,0.5101,0.0186,0.1128,19,6,1,1,2,1.0986122886681098
13,2022,金融保险,0,46,46,41,29,50,212,506,5.3612921657094255,41.89723320158103,0.6995729924604066,23.84,0.8084,-0.0117,0.3341,20,8,0,1,4,1.6094379124341003
14,2016,交通运输,0,19,22,19,13,25,98,438,4.59511985013459,22.37442922374429,0.2936545641068508,21.9494,0.4546,0.0497,-0.1307,6,9,0,1,1,0.6931471805599453
14,2017,交通运输,0,19,23,27,16,21,106,455,4.672828834461906,23.296703296703296,0.3297038167482647,25.1476,0.4082,0.048,0.1379,7,10,0,0,2,1.0986122886681098
14,2018,交通运输,0,24,30,20,15,25,114,446,4.74493212836325,25.56053811659193,0.34803786190794267,24.3941,0.5861,0.0684,0.6796,8,8,0,0,1,0.6931471805599453
14,2019,交通运输,0,32,33,31,22,42,160,472,5.081404364984463,33.89830508474576,0.5150427507897983,23.2697,0.3075,0.0659,0.3552,9,11,0,1,4,1.6094379124341003
14,2020,交通运输,0,34,32,24,16,34,140,458,4.948759890378168,30.567685589519648,0.43660991167239666,25.2877,0.5559,0.0765,-0.41,10,10,0,1,4,1.6094379124341003
14,2021,交通运输,0,31,39,28,25,41,164,495,5.10594547390058,33.131313131313135,0.5298174438606931,25.4477,0.6101,0.0566,-0.0922,11,7,0,1,1,0.6931471805599453
14,2022,交通运输,0,39,37,23,25,40,164,510,5.10594547390058,32.15686274509804,0.5290087552004771,26.0584,0.3657,0.0455,0.449,12,9,0,0,6,1.9459101490553132
15,2016,能源材料,1,22,22,22,18,29,113,419,4.736198448394496,26.968973747016705,0.35327586555073137,20.6365,0.3382,0.0913,0.453,6,10,0,0,2,1.0986122886681098
15,2017,能源材料,1,28,21,17,12,32,110,409,4.709530201312334,26.894865525672373,0.3307290535175306,20.5322,0.1422,-0.0908,-0.0196,7,7,0,0,1,0.6931471805599453
15,2018,能源材料,1,22,16,16,11,24,89,361,4.499809670330265,24.653739612188367,0.26159526590992627,20.4613,0.3135,0.0126,0.0501,8,10,0,0,3,1.3862943611198906
15,2019,能源材料,1,26,39,31,20,36,152,475,5.030437921392435,32.0,0.4831084967472443,21.7924,0.8785,0.0658,-0.0977,9,8,0,1,3,1.3862943611198906
15,2020,能源材料,1,38,44,29,16,41,168,467,5.1298987149230735,35.974304068522486,0.5264252874088444,22.4749,0.2406,0.1013,-0.6,10,9,0,1,3,1.3862943611198906
15,2021,能源材料,1,29,49,37,18,56,189,481,5.247024072160486,39.2931392931393,0.5982681258133372,21.9411,0.4944,0.116,0.6083,11,9,0,1,13,2.6390573296152584
15,2022,能源材料,1,35,43,45,12,39,174,449,5.1647859739235145,38.75278396436526,0.5476845067661998,21.4872,0.4194,0.08,0.4495,12,11,1,1,7,2.0794415416798357
16,2016,房地产,0,25,9,12,9,15,70,329,4.2626798770413155,21.27659574468085,0.19760928742386835,21.2856,0.4041,0.0465,-0.038,6,8,0,0,4,1.6094379124341003
16,2017,房地产,0,19,9,14,8,17,67,410,4.219507705176107,16.34146341463415,0.1860202310159705,20.5262,0.4457,0.0411,0.0164,7,8,1,0,0,0.0
16,2018,房地产,0,14,17,14,10,28,83,366,4.430816798843313,22.6775956284153,0.23716647794923584,20.7702,0.6109,0.0286,0.0566,8,6,0,0,1,0.6931471805599453
16,2019,房地产,0,29,30,24,18,41,142,429,4.962844630259907,33.1002331002331,0.4459210813606837,22.6064,0.2489,0.0539,0.0395,9,13,1,1,4,1.6094379124341003
16,2020,房地产,0,34,41,25,18,40,158,455,5.0689042022202315,34.72527472527472,0.49577919676721854,22.3298,0.4801,-0.0234,0.3183,10,9,0,1,1,0.6931471805599453
16,2021,房地产,0,19,42,26,10,48,145,468,4.983606621708336,30.982905982905983,0.4360200474828254,22.0687,0.7974,-0.0018,0.062,11,10,0,1,3,1.3862943611198906
16,2022,房地产,0,40,42,24,20,35,161,415,5.087596335232384,38.795180722891565,0.5097322366596304,22.0118,0.5959,0.0666,0.3555,12,11,0,1,3,1.3862943611198906
17,2016,信息技术,1,15,19,18,14,25,91,438,4.5217885770490405,20.776255707762555,0.27251985932676387,23.6944,0.3578,0.05,-0.2258,18,8,0,0,3,1.3862943611198906
17,2017,信息技术,1,27,29,27,8,23,114,465,4.74493212836325,24.516129032258064,0.3402013413518541,23.4404,0.3695,0.0279,0.0448,19,14,0,0,1,0.6931471805599453
17,2018,信息技术,1,28,16,11,14,24,93,449,4.543294782270004,20.71269487750557,0.2781935201674529,23.1096,0.3153,0.0296,0.2129,20,8,0,0,1,0.6931471805599453
17,2019,信息技术,1,33,40,26,13,29,141,506,4.955827057601261,27.865612648221344,0.43325359812049236,23.9172,0.2857,0.0862,0.1882,21,10,1,1,5,1.791759469228055
17,2020,信息技术,1,32,36,37,28,37,170,483,5.14166355650266,35.196687370600415,0.5613891701894018,24.9871,0.4522,0.0905,0.4502,22,11,1,1,4,1.6094379124341003
17,2021,信息技术,1,23,30,29,9,35,126,461,4.844187086458591,27.331887201735356,0.3799849938496822,23.8746,0.1528,0.0207,0.0661,23,10,0,1,1,0.6931471805599453
17,2022,信息技术,1,34,36,29,17,33,149,455,5.0106352940962555,32.747252747252745,0.4692924583555679,25.3532,0.2784,0.0587,-0.3556,24,9,0,0,0,0.0
18,2016,高端制造,0,15,23,12,14,20,84,423,4.442651256490317,19.858156028368796,0.24559827913092033,23.3264,0.95,0.0523,0.6585,21,10,1,0,0,0.0
18,2017,高端制造,0,19,23,19,21,28,110,438,4.709530201312334,25.11415525114155,0.3466182984465592,22.6975,0.3438,-0.0235,0.6285,22,7,0,1,0,0.0
18,2018,高端制造,0,21,29,21,17,34,122,457,4.812184355372417,26.695842450765866,0.37719521043343024,22.8905,0.6007,0.014,-0.4255,23,8,1,0,3,1.3862943611198906
18,2019,高端制造,0,27,41,37,22,49,176,444,5.176149732573829,39.63963963963964,0.5663189349393758,22.1901,0.6002,0.0625,-0.1274,24,9,1,1,4,1.6094379124341003
18,2020,高端制造,0,32,34,26,22,38,152,509,5.030437921392435,29.862475442043223,0.4863102689290075,23.5532,0.05,0.0612,0.0096,25,9,1,1,2,1.0986122886681098
18,2021,高端制造,0,28,39,29,17,50,163,476,5.099866427824199,34.2436974789916,0.5111571132323791,24.716,0.85,0.1094,0.309,26,12,1,1,2,1.0986122886681098
18,2022,高端制造,0,39,33,27,24,30,153,482,5.0369526024136295,31.742738589211616,0.4959995849594903,25.7154,0.4465,0.0709,0.1263,27,10,0,1,9,2.302585092994046
19,2016,医药生物,0,17,17,9,13,20,76,428,4.343805421853684,17.75700934579439,0.2183557866154917,20.6193,0.5076,0.084,0.0691,22,9,0,0,2,1.0986122886681098
19,2017,医药生物,0,14,27,20,13,18,92,429,4.532599493153256,21.445221445221446,0.27301426718817395,21.0326,0.5976,-0.0104,0.2733,23,11,0,0,0,0.0
19,2018,医药生物,0,9,13,10,10,18,60,407,4.110873864173311,14.742014742014742,0.16170265068042808,21.8564,0.3299,0.0655,-0.0941,24,8,0,0,0,0.0
19,2019,医药生物,0,22,16,15,14,21,88,409,4.48863636973214,21.515892420537895,0.2635590991738324,24.5669,0.5982,0.1008,-0.0666,25,10,1,0,1,0.6931471805599453
19,2020,医药生物,0,19,10,16,12,21,78,404,4.3694478524670215,19.306930693069308,0.22946060298779797,23.4524,0.5981,0.054,0.1914,26,8,1,0,1,0.6931471805599453
19,2021,医药生物,0,30,19,18,11,20,98,417,4.59511985013459,23.501199040767386,0.29264582910901893,23.8151,0.3073,0.0033,0.3211,27,13,0,1,1,0.6931471805599453
19,2022,医药生物,0,22,24,23,10,24,103,438,4.6443908991413725,23.515981735159816,0.30659872483697337,24.089,0.3614,0.1298,0.5784,28,10,0,0,3,1.3862943611198906
20,2016,批发零售,0,28,27,15,13,31,114,472,4.74493212836325,24.152542372881356,0.34257382905633765,20.1461,0.5253,0.0782,-0.2991,11,8,0,0,0,0.0
20,2017,批发零售,0,19,28,28,17,23,115,408,4.7535901911063645,28.186274509803923,0.35950777068460404,21.6596,0.4034,0.0709,-0.3536,12,8,0,0,3,1.3862943611198906
20,2018,批发零售,0,22,19,26,14,40,121,447,4.804021044733257,27.069351230425053,0.37409310213411745,21.0821,0.2661,-0.0077,0.2222,13,7,0,0,3,1.3862943611198906
20,2019,批发零售,0,36,45,20,14,40,155,434,5.049856007249537,35.714285714285715,0.47492956140677234,22.0177,0.7369,0.0601,0.4607,14,8,0,1,8,2.1972245773362196
20,2020,批发零售,0,39,37,36,25,44,181,448,5.204006687076795,40.401785714285715,0.5911632133338378,21.4772,0.1448,0.081,-0.2793,15,10,1,0,2,1.0986122886681098
20,2021,批发零售,0,28,39,40,14,45,166,513,5.117993812416755,32.35867446393762,0.5221253225201058,24.232,0.6521,0.1694,-0.0423,16,11,0,1,6,1.9459101490553132
20,2022,批发零售,0,28,51,25,18,37,159,451,5.075173815233827,35.254988913525494,0.49513563458980414,24.2662,0.497,0.0062,0.5624,17,10,1,0,6,1.9459101490553132
21,2016,金融保险,0,13,16,8,8,11,56,388,4.04305126783455,14.432989690721648,0.14428480217664047,23.8202,0.3845,0.0786,-0.2105,23,8,0,0,4,1.6094379124341003
21,2017,金融保险,0,20,28,28,14,25,115,406,4.7535901911063645,28.32512315270936,0.35398904934092135,21.7611,0.2996,-0.0049,0.0172,24,8,0,0,0,0.0
21,2018,金融保险,0,25,33,19,12,25,114,447,4.74493212836325,25.503355704697988,0.3411812364780795,24.7953,0.5027,0.0847,-0.0575,25,8,0,0,7,2.0794415416798357
21,2019,金融保险,0,31,36,31,22,40,160,451,5.081404364984463,35.47671840354767,0.5141109290322669,23.2959,0.4557,0.0525,-0.0462,26,10,0,0,3,1.3862943611198906
21,2020,金融保险,0,34,40,31,33,32,170,484,5.14166355650266,35.12396694214876,0.5666507553373155,24.1882,0.4266,0.1019,0.5001,27,7,0,0,2,1.0986122886681098
21,2021,金融保险,0,44,41,35,26,50,196,525,5.2832037287379885,37.333333333333336,0.6400447397755928,24.2554,0.3009,0.0861,-0.2093,28,8,1,1,9,2.302585092994046
21,2022,金融保险,0,33,42,32,22,48,177,515,5.181783550292085,34.368932038834956,0.567469869496467,23.7373,0.2863,-0.0256,-0.2877,29,9,0,1,2,1.0986122886681098
22,2016,交通运输,1,37,37,18,22,28,142,497,4.962844630259907,28.57142857142857,0.45012700947843076,22.2143,0.2382,0.1238,0.6417,18,6,0,0,2,1.0986122886681098
22,2017,交通运输,1,26,27,18,13,28,112,416,4.727387818712341,26.923076923076923,0.33775182531631787,21.2507,0.2449,0.092,-0.4569,19,7,1,1,4,1.6094379124341003
22,2018,交通运输,1,27,26,25,18,43,139,494,4.941642422609304,28.13765182186235,0.43752266696798425,20.8224,0.2539,-0.0122,0.2466,20,6,0,1,5,1.791759469228055
22,2019,交通运输,1,44,41,44,28,54,211,532,5.356586274672012,39.661654135338345,0.6970985354002617,21.6718,0.3044,-0.0852,0.0385,21,10,0,0,11,2.4849066497880004
22,2020,交通运输,1,40,57,44,24,45,210,486,5.351858133476067,43.20987654320987,0.6816217184840558,21.9772,0.546,0.0382,-0.1723,22,7,0,1,2,1.0986122886681098
22,2021,交通运输,1,49,52,31,23,52,207,536,5.337538079701318,38.61940298507462,0.6650655287818292,22.7681,0.3729,-0.012,0.0697,23,11,0,0,8,2.1972245773362196
22,2022,交通运输,1,48,50,38,27,56,219,491,5.393627546352362,44.602851323828915,0.7153890222344268,22.0761,0.3163,0.0477,0.3246,24,10,0,1,6,1.9459101490553132
23,2016,能源材料,0,8,16,17,5,14,60,367,4.110873864173311,16.348773841961854,0.1557881271241749,23.6818,0.5427,0.1096,-0.1662,2,8,0,1,1,0.6931471805599453
23,2017,能源材料,0,12,19,6,6,23,66,421,4.204692619390966,15.676959619952493,0.16966343030719558,22.8884,0.2195,0.0992,-0.4859,3,8,0,0,0,0.0
23,2018,能源材料,0,13,18,11,8,21,71,381,4.276666119016055,18.635170603674542,0.19305757710420668,25.0398,0.95,-0.0194,0.1281,4,8,1,0,0,0.0
23,2019,能源材料,0,13,16,17,6,16,68,398,4.23410650459726,17.08542713567839,0.18419073772129763,22.609,0.6802,0.0137,-0.1961,5,7,1,0,0,0.0
23,2020,能源材料,0,23,19,18,17,28,105,380,4.663439094112067,27.631578947368425,0.3244381081728335,23.1146,0.5826,0.0511,0.1908,6,9,1,0,1,0.6931471805599453
23,2021,能源材料,0,14,21,20,18,23,96,354,4.574710978503383,27.11864406779661,0.29658521568845575,23.939,0.4843,0.0113,0.4237,7,14,1,0,0,0.0
23,2022,能源材料,0,34,40,27,18,41,160,514,5.081404364984463,31.1284046692607,0.5036285148064301,25.4829,0.6728,0.0882,0.2914,8,9,0,0,1,0.6931471805599453
24,2016,房地产,1,16,15,15,9,12,67,339,4.219507705176107,19.76401179941003,0.18648803053621354,20.8765,0.0849,0.1095,0.7837,9,9,0,0,3,1.3862943611198906
24,2017,房地产,1,24,20,18,14,17,93,354,4.543294782270004,26.27118644067797,0.28090889748853815,21.9923,0.2962,0.1759,0.4661,10,11,0,1,2,1.0986122886681098
24,2018,房地产,1,14,36,20,12,19,101,380,4.624972813284271,26.57894736842105,0.2974047752979377,23.3738,0.4304,0.0388,0.4632,11,8,1,0,2,1.0986122886681098
24,2019,房地产,1,24,30,14,16,33,117,405,4.770684624465665,28.888888888888886,0.3554289812383563,22.8616,0.4677,0.0185,0.1554,12,9,0,0,2,1.0986122886681098
24,2020,房地产,1,22,35,23,20,28,128,399,4.859812404361672,32.08020050125313,0.4020994520838468,21.991,0.3515,0.041,0.3135,13,9,0,0,1,0.6931471805599453
24,2021,房地产,1,28,33,20,23,42,146,405,4.990432586778736,36.04938271604938,0.4645575137211977,23.8057,0.654,-0.0007,0.1195,14,9,1,1,2,1.0986122886681098
24,2022,房地产,1,27,33,22,14,32,128,439,4.859812404361672,29.157175398633257,0.391620289274572,23.3328,0.4201,0.0893,0.1955,15,9,0,0,3,1.3862943611198906
25,2016,信息技术,0,19,21,17,16,21,94,413,4.553876891600541,22.760290556900724,0.2857333573395172,22.274,0.726,0.0787,-0.4296,8,7,0,0,4,1.6094379124341003
25,2017,信息技术,0,24,33,24,14,34,129,452,4.867534450455582,28.539823008849556,0.3953238989067086,23.6843,0.1837,-0.0843,-0.2152,9,9,0,0,2,1.0986122886681098
25,2018,信息技术,0,16,19,18,11,27,91,385,4.5217885770490405,23.636363636363637,0.26700113798308117,22.0774,0.4474,0.0786,0.3824,10,10,1,0,3,1.3862943611198906
25,2019,信息技术,0,27,30,27,11,32,127,410,4.852030263919617,30.975609756097562,0.3866870779094042,21.9933,0.4599,0.1645,0.3538,11,10,0,0,1,0.6931471805599453
25,2020,信息技术,0,21,28,30,15,25,119,465,4.787491742782046,25.591397849462368,0.3700938800382535,22.9099,0.1053,-0.0348,-0.0813,12,9,0,0,2,1.0986122886681098
25,2021,信息技术,0,23,42,30,23,44,162,449,5.093750200806762,36.080178173719375,0.5182626499634453,23.8507,0.3981,0.0429,0.1976,13,10,0,1,4,1.6094379124341003
25,2022,信息技术,0,32,40,36,12,44,164,484,5.10594547390058,33.88429752066116,0.5101278399628597,23.3984,0.7703,0.0383,-0.2646,14,8,0,1,4,1.6094379124341003
26,2016,高端制造,1,25,26,23,9,39,122,444,4.812184355372417,27.47747747747748,0.3648231150764464,23.7776,0.5028,0.0522,0.4754,13,7,0,1,3,1.3862943611198906
26,2017,高端制造,1,26,34,25,13,33,131,431,4.882801922586371,30.39443155452436,0.4006494940327413,22.7123,0.2868,0.0838,-0.1346,14,8,1,1,5,1.791759469228055
26,2018,高端制造,1,30,35,27,24,48,164,445,5.10594547390058,36.853932584269664,0.5278705605811328,22.2625,0.3919,-0.0291,-0.0337,15,7,0,0,1,0.6931471805599453
26,2019,高端制造,1,36,47,42,22,52,199,484,5.298317366548036,41.11570247933884,0.643026007764115,22.8832,0.4346,-0.0153,-0.0327,16,10,0,1,7,2.0794415416798357
26,2020,高端制造,1,30,34,35,19,50,168,493,5.1298987149230735,34.07707910750507,0.5363713452189404,24.7864,0.3047,0.0551,0.0772,17,11,0,1,11,2.4849066497880004
26,2021,高端制造,1,33,48,36,35,52,204,486,5.3230099791384085,41.9753086419753,0.6788221644207226,23.7598,0.6674,0.0983,-0.1205,18,10,0,0,6,1.9459101490553132
26,2022,高端制造,1,31,45,43,23,36,178,505,5.187385805840755,35.24752475247524,0.5786527275747468,24.7896,0.4423,-0.0109,0.5345,19,9,0,1,6,1.9459101490553132
27,2016,医药生物,0,8,14,13,13,15,63,363,4.1588830833596715,17.355371900826448,0.17843329826522608,20.0469,0.3015,0.0406,-0.2976,18,9,1,0,1,0.6931471805599453
27,2017,医药生物,0,25,22,18,14,18,97,386,4.584967478670572,25.129533678756477,0.2933118406151758,18.9752,0.2544,0.1454,0.1026,19,10,0,0,0,0.0
27,2018,医药生物,0,23,25,27,12,25,112,419,4.727387818712341,26.730310262529834,0.3414750108793956,19.7736,0.4466,-0.051,0.1528,20,11,1,1,2,1.0986122886681098
27,2019,医药生物,0,33,43,24,16,36,152,459,5.030437921392435,33.11546840958606,0.47166519631174986,21.382,0.289,0.1702,-0.2155,21,8,0,0,7,2.0794415416798357
27,2020,医药生物,0,31,52,28,23,44,178,457,5.187385805840755,38.949671772428886,0.5671273387111143,20.8492,0.3656,0.0644,-0.206,22,6,1,1,6,1.9459101490553132
27,2021,医药生物,0,42,47,40,17,48,194,467,5.272999558563747,41.54175588865097,0.6178724539230487,20.9831,0.3626,0.1006,0.3136,23,8,0,1,4,1.6094379124341003
27,2022,医药生物,0,40,36,22,20,53,171,467,5.147494476813453,36.61670235546038,0.5412423299235167,19.966,0.5927,0.018,0.477,24,9,0,0,4,1.6094379124341003
28,2016,批发零售,1,16,24,17,11,18,86,412,4.465908118654584,20.87378640776699,0.2494695644871008,20.7238,0.4979,-0.0173,0.0738,17,12,1,0,2,1.0986122886681098
28,2017,批发零售,1,18,18,11,14,23,84,403,4.442651256490317,20.843672456575682,0.24683101999025356,20.4779,0.2396,0.0534,-0.147,18,10,0,0,2,1.0986122886681098
28,2018,批发零售,1,25,26,14,9,29,103,437,4.6443908991413725,23.569794050343248,0.2990248178605813,22.3956,0.5618,0.1037,0.3335,19,8,1,1,4,1.6094379124341003
28,2019,批发零售,1,17,23,22,15,25,102,416,4.634728988229636,24.519230769230766,0.3113512959598304,21.3844,0.6098,-0.0157,0.2241,20,9,0,1,1,0.6931471805599453
28,2020,批发零售,1,26,27,22,17,34,126,451,4.844187086458591,27.93791574279379,0.3921903210784847,22.4975,0.6881,0.0458,0.595,21,12,1,0,1,0.6931471805599453
28,2021,批发零售,1,39,37,31,20,33,160,516,5.081404364984463,31.007751937984494,0.5120942735021826,23.0722,0.2449,0.0758,-0.3968,22,9,1,1,3,1.3862943611198906
28,2022,批发零售,1,30,48,30,18,49,175,483,5.170483995038151,36.231884057971016,0.5500229246663556,22.0719,0.5227,0.0065,-0.1037,23,10,1,0,2,1.0986122886681098
29,2016,金融保险,0,27,16,14,13,18,88,370,4.48863636973214,23.783783783783786,0.26225709924368185,24.4169,0.5189,0.0178,0.2434,13,10,1,0,0,0.0
29,2017,金融保险,0,25,26,22,16,29,118,487,4.77912349311153,24.229979466119097,0.3650419739135983,24.4472,0.389,-0.0226,0.0085,14,11,1,0,3,1.3862943611198906
29,2018,金融保险,0,26,40,29,21,26,142,469,4.962844630259907,30.2771855010661,0.4519940934056686,24.5511,0.2613,0.0511,0.1096,15,6,0,0,3,1.3862943611198906
29,2019,金融保险,0,19,24,29,18,48,138,408,4.9344739331306915,33.82352941176471,0.4354183880804584,25.7996,0.2703,0.1046,0.4988,16,7,1,1,6,1.9459101490553132
29,2020,金融保险,0,38,36,33,18,45,170,471,5.14166355650266,36.09341825902335,0.5410259553608122,27.3695,0.9283,0.0883,-0.1114,17,8,0,1,3,1.3862943611198906
29,2021,金融保险,0,46,39,30,35,40,190,469,5.25227342804663,40.511727078891255,0.6361272983107923,26.0195,0.5235,0.0506,0.1829,18,10,0,1,4,1.6094379124341003
29,2022,金融保险,0,42,37,33,22,54,188,490,5.241747015059643,38.36734693877551,0.6062105244858131,24.3508,0.3591,-0.0218,-0.0034,19,8,1,1,12,2.5649493574615367
30,2016,交通运输,0,13,21,16,14,23,87,382,4.477336814478207,22.774869109947645,0.2576333879056383,20.3231,0.2245,0.0124,0.4541,8,10,1,0,1,0.6931471805599453
30,2017,交通运输,0,18,19,24,15,18,94,370,4.553876891600541,25.405405405405407,0.2886443782452971,22.7124,0.5783,0.0769,0.0197,9,7,0,0,2,1.0986122886681098
30,2018,交通运输,0,16,29,16,11,22,94,444,4.553876891600541,21.17117117117117,0.27287246575577984,20.6256,0.3249,0.0065,0.1181,10,10,0,0,2,1.0986122886681098
30,2019,交通运输,0,21,22,18,17,27,105,402,4.663439094112067,26.119402985074625,0.3232489256390131,21.4193,0.3012,0.0757,0.1963,11,10,0,0,3,1.3862943611198906
30,2020,交通运输,0,29,32,23,20,30,134,491,4.90527477843843,27.29124236252546,0.4234682730058774,22.1176,0.6622,0.0714,-0.1067,12,9,0,0,2,1.0986122886681098
30,2021,交通运输,0,18,21,20,12,22,93,410,4.543294782270004,22.682926829268293,0.27661607730028515,21.596,0.5504,0.1394,0.1423,13,12,0,0,2,1.0986122886681098
30,2022,交通运输,0,37,19,22,18,39,135,478,4.912654885736052,28.24267782426778,0.42708446470111533,21.8847,0.05,-0.0407,-0.3502,14,9,1,1,3,1.3862943611198906
31,2016,能源材料,1,21,23,14,13,23,94,444,4.553876891600541,21.17117117117117,0.2780320268031483,23.4731,0.6932,0.0974,0.2422,22,8,0,0,1,0.6931471805599453
31,2017,能源材料,1,22,30,17,18,21,108,408,4.6913478822291435,26.47058823529412,0.3324160586537573,24.3503,0.3842,0.0003,-0.0451,23,7,0,0,0,0.0
31,2018,能源材料,1,34,27,21,21,29,132,454,4.890349128221754,29.074889867841406,0.4201800415172526,23.3105,0.6852,0.0118,0.3407,24,10,1,0,1,0.6931471805599453
31,2019,能源材料,1,25,30,16,20,31,122,432,4.812184355372417,28.240740740740737,0.38045869980678765,24.6574,0.3002,0.029,-0.3568,25,11,1,1,2,1.0986122886681098
31,2020,能源材料,1,33,33,25,13,44,148,419,5.003946305945459,35.32219570405728,0.45620553756301424,24.4678,0.8366,-0.0245,0.6787,26,11,0,0,2,1.0986122886681098
31,2021,能源材料,1,34,27,29,18,51,159,524,5.075173815233827,30.343511450381676,0.5047292595172295,23.1913,0.4136,-0.0308,-0.1216,27,9,0,1,2,1.0986122886681098
31,2022,能源材料,1,44,31,35,16,47,173,450,5.159055299214529,38.44444444444444,0.5506168037038939,25.2385,0.4287,0.0707,0.2796,28,10,1,1,5,1.791759469228055
32,2016,房地产,1,14,15,17,10,21,77,365,4.356708826689592,21.095890410958905,0.22071361341144496,24.3106,0.4673,0.0502,0.0405,21,6,0,0,2,1.0986122886681098
32,2017,房地产,1,26,23,22,14,21,106,406,4.672828834461906,26.108374384236456,0.32433740524428367,23.3785,0.3141,0.04,0.0796,22,8,0,0,3,1.3862943611198906
32,2018,房地产,1,22,37,20,12,43,134,491,4.90527477843843,27.29124236252546,0.40314943096838013,22.9051,0.316,-0.0142,0.1751,23,8,0,1,4,1.6094379124341003
32,2019,房地产,1,33,42,29,20,43,167,495,5.123963979403259,33.73737373737374,0.530140761257063,22.4723,0.3892,0.062,0.3652,24,9,0,1,11,2.4849066497880004
32,2020,房地产,1,41,48,44,20,42,195,469,5.278114659230517,41.57782515991471,0.6289689331105291,22.322,0.4171,0.0776,0.2139,25,10,1,1,7,2.0794415416798357
32,2021,房地产,1,55,47,46,27,61,236,532,5.4680601411351315,44.3609022556391,0.7767022512583637,26.9216,0.6027,0.0231,0.1618,26,8,0,1,23,3.1780538303479458
32,2022,房地产,1,39,66,44,27,63,239,575,5.480638923341991,41.56521739130435,0.7764324236667124,25.4358,0.3669,0.1125,-0.2472,27,8,0,1,22,3.1354942159291497
33,2016,信息技术,1,25,37,23,16,25,126,428,4.844187086458591,29.439252336448597,0.3884228394296676,21.7853,0.8023,0.0529,0.102,13,7,0,1,3,1.3862943611198906
33,2017,信息技术,1,19,30,16,16,23,104,463,4.653960350157523,22.4622030237581,0.314534588802128,21.18,0.4728,0.0107,0.1744,14,8,0,0,2,1.0986122886681098
33,2018,信息技术,1,34,29,12,17,31,123,439,4.820281565605037,28.018223234624145,0.3777187183318734,23.1604,0.5178,0.0639,0.1044,15,9,1,1,4,1.6094379124341003
33,2019,信息技术,1,22,32,25,19,37,135,413,4.912654885736052,32.68765133171913,0.4242170788262012,22.389,0.449,0.0812,0.4441,16,6,0,0,1,0.6931471805599453
33,2020,信息技术,1,30,37,30,18,39,154,463,5.043425116919247,33.261339092872575,0.4863710274905647,21.2366,0.073,-0.0094,0.4391,17,9,0,0,2,1.0986122886681098
33,2021,信息技术,1,31,31,28,18,45,153,491,5.0369526024136295,31.160896130346234,0.4835016182683357,23.3675,0.6016,0.0941,0.5769,18,8,0,1,3,1.3862943611198906
33,2022,信息技术,1,26,36,23,16,42,143,496,4.969813299576001,28.830645161290324,0.4424347183022073,23.9274,0.2272,0.032,0.368,19,9,0,0,1,0.6931471805599453
34,2016,高端制造,0,12,24,19,8,34,97,448,4.584967478670572,21.651785714285715,0.2786277887342534,24.678,0.5334,0.1327,0.0941,5,11,1,0,2,1.0986122886681098
34,2017,高端制造,0,15,20,10,13,18,76,404,4.343805421853684,18.81188118811881,0.2178300471866091,23.8924,0.2252,0.0534,-0.0263,6,7,0,0,1,0.6931471805599453
34,2018,高端制造,0,24,30,24,14,21,113,431,4.736198448394496,26.218097447795824,0.3456174678699088,23.5211,0.2942,0.1021,-0.0254,7,9,1,0,0,0.0
34,2019,高端制造,0,33,40,18,16,28,135,442,4.912654885736052,30.542986425339368,0.414829300894196,24.9881,0.5241,0.1016,0.2411,8,12,0,0,6,1.9459101490553132
34,2020,高端制造,0,27,29,21,18,33,128,432,4.859812404361672,29.629629629629626,0.3995575703045865,25.2409,0.7372,0.0628,0.1022,9,10,1,0,1,0.6931471805599453
34,2021,高端制造,0,31,30,21,18,42,142,420,4.962844630259907,33.80952380952381,0.44444547359844816,25.2069,0.5417,0.0264,-0.0004,10,6,0,0,3,1.3862943611198906
34,2022,高端制造,0,27,33,39,18,36,153,433,5.0369526024136295,35.33487297921478,0.4893204086633337,26.4953,0.6292,0.0742,-0.1924,11,8,0,1,1,0.6931471805599453
35,2016,医药生物,0,22,28,19,14,25,108,425,4.6913478822291435,25.41176470588235,0.32649114269116586,20.9826,0.6381,-0.056,0.6484,10,9,0,1,1,0.6931471805599453
35,2017,医药生物,0,17,24,23,12,27,103,414,4.6443908991413725,24.879227053140095,0.3091626423688434,20.8817,0.1307,-0.0362,0.2264,11,13,0,0,0,0.0
35,2018,医药生物,0,13,35,20,13,19,100,394,4.61512051684126,25.380710659898476,0.29614878980425924,21.8553,0.4836,-0.0251,0.3112,12,8,0,1,1,0.6931471805599453
35,2019,医药生物,0,21,20,23,10,30,104,371,4.653960350157523,28.03234501347709,0.3103894511201357,23.9423,0.6818,0.0251,0.4188,13,10,1,0,0,0.0
35,2020,医药生物,0,23,13,22,12,27,97,372,4.584967478670572,26.0752688172043,0.29362355301276266,23.306,0.2343,0.0273,-0.0097,14,9,0,0,1,0.6931471805599453
35,2021,医药生物,0,33,29,22,13,34,131,438,4.882801922586371,29.908675799086758,0.4015847917873545,24.9518,0.6497,0.1909,0.2256,15,9,1,0,3,1.3862943611198906
35,2022,医药生物,0,21,27,36,12,31,127,462,4.852030263919617,27.48917748917749,0.3937137228840105,24.6736,0.2534,-0.0323,0.327,16,12,0,0,4,1.6094379124341003
36,2016,批发零售,0,18,35,24,10,39,126,403,4.844187086458591,31.265508684863523,0.3761822335148019,24.4534,0.584,0.1245,-0.1226,22,7,0,1,3,1.3862943611198906
36,2017,批发零售,0,38,34,37,19,39,167,436,5.123963979403259,38.30275229357798,0.5366083118879992,22.7629,0.5339,0.0318,0.1019,23,10,1,0,5,1.791759469228055
36,2018,批发零售,0,19,24,21,14,33,111,434,4.718498871295094,25.57603686635945,0.3373916451338812,23.3863,0.7261,0.0172,0.5696,24,13,0,0,4,1.6094379124341003
36,2019,批发零售,0,38,30,22,18,34,142,488,4.962844630259907,29.098360655737704,0.44691044213740805,23.6866,0.3072,0.1101,-0.1519,25,6,0,0,5,1.791759469228055
36,2020,批发零售,0,38,38,34,26,50,186,486,5.231108616854587,38.2716049382716,0.6070235354828881,24.6865,0.4855,0.0207,0.1647,26,11,0,0,7,2.0794415416798357
36,2021,批发零售,0,30,49,28,30,38,175,523,5.170483995038151,33.460803059273424,0.5715755466092854,25.3992,0.3082,0.0515,-0.5509,27,9,0,1,6,1.9459101490553132
36,2022,批发零售,0,39,41,34,17,42,173,448,5.159055299214529,38.61607142857143,0.5483437141533603,23.706,0.4354,0.0775,0.1444,28,9,1,1,2,1.0986122886681098
37,2016,金融保险,1,18,27,22,13,20,100,450,4.61512051684126,22.22222222222222,0.3005610425122261,20.1411,0.6572,0.0482,0.1488,20,7,0,1,2,1.0986122886681098
37,2017,金融保险,1,19,30,32,24,36,141,445,4.955827057601261,31.685393258426963,0.45705837692611245,20.9042,0.2377,0.0996,0.1577,21,10,0,0,3,1.3862943611198906
37,2018,金融保险,1,23,30,24,14,30,121,411,4.804021044733257,29.44038929440389,0.3705505531026411,20.9945,0.279,-0.027,0.3209,22,6,0,0,1,0.6931471805599453
37,2019,金融保险,1,26,41,20,16,53,156,444,5.056245805348308,35.13513513513514,0.4802547621166492,20.5517,0.3044,0.0253,0.4924,23,12,0,0,5,1.791759469228055
37,2020,金融保险,1,42,36,33,18,43,172,499,5.153291594497779,34.46893787575151,0.548353009968223,21.7656,0.2327,0.0633,0.053,24,9,0,1,6,1.9459101490553132
37,2021,金融保险,1,27,50,39,22,45,183,526,5.214935757608986,34.79087452471482,0.587664078463417,22.4672,0.6653,0.0291,-0.0226,25,10,0,1,2,1.0986122886681098
37,2022,金融保险,1,29,40,31,22,44,166,507,5.117993812416755,32.74161735700197,0.5315897606781315,23.802,0.1655,0.0104,0.3014,26,10,0,1,7,2.0794415416798357
38,2016,交通运输,0,6,7,9,11,8,41,373,3.7376696182833684,10.991957104557642,0.10371409864434086,22.267,0.6218,0.0472,0.1025,11,9,0,0,1,0.6931471805599453
38,2017,交通运输,0,11,10,7,2,8,38,331,3.6635616461296463,11.48036253776435,0.07622489172136948,23.9627,0.2504,0.0703,0.1009,12,10,0,0,1,0.6931471805599453
38,2018,交通运输,0,11,10,11,10,18,60,394,4.110873864173311,15.228426395939088,0.1635552763191862,23.1564,0.4501,0.0696,0.3919,13,7,0,0,0,0.0
38,2019,交通运输,0,18,19,12,14,22,85,443,4.454347296253507,19.187358916478555,0.2504184485192381,23.7048,0.5268,-0.0124,-0.114,14,12,0,0,3,1.3862943611198906
38,2020,交通运输,0,18,15,15,8,23,79,336,4.382026634673881,23.511904761904763,0.22286306039566586,24.0422,0.7587,-0.0539,0.2063,15,6,1,0,0,0.0
38,2021,交通运输,0,20,21,16,14,21,92,421,4.532599493153256,21.852731591448933,0.27517894209529864,24.675,0.05,0.0621,-0.0541,16,7,0,0,1,0.6931471805599453
38,2022,交通运输,0,25,27,22,13,21,108,412,4.6913478822291435,26.21359223300971,0.3275530139552694,24.5543,0.2378,0.1833,-0.054,17,12,1,0,4,1.6094379124341003
39,2016,能源材料,1,23,19,15,12,12,81,427,4.406719247264253,18.969555035128806,0.23724963729767076,22.2673,0.5311,0.0516,-0.018,20,7,0,0,0,0.0
39,2017,能源材料,1,10,11,10,4,7,42,378,3.7612001156935624,11.11111111111111,0.09417898435063796,22.3499,0.5819,0.0782,-0.1948,21,8,0,0,0,0.0
39,2018,能源材料,1,8,8,15,9,11,51,372,3.9512437185814275,13.709677419354838,0.13562199459742633,23.5017,0.6711,-0.0011,-0.0096,22,11,1,0,0,0.0
39,2019,能源材料,1,18,18,15,6,11,68,398,4.23410650459726,17.08542713567839,0.18370101473870473,20.9205,0.257,-0.0788,0.4297,23,13,1,1,1,0.6931471805599453
39,2020,能源材料,1,22,22,18,9,16,87,377,4.477336814478207,23.076923076923077,0.2514248972417468,24.1063,0.581,0.0503,0.6002,24,6,0,0,1,0.6931471805599453
39,2021,能源材料,1,18,21,21,13,35,108,375,4.6913478822291435,28.799999999999997,0.32643696737879485,24.8444,0.7298,0.0547,0.5853,25,13,0,0,2,1.0986122886681098
39,2022,能源材料,1,29,30,29,13,20,121,436,4.804021044733257,27.75229357798165,0.37348657257840595,25.9102,0.8896,0.0803,0.3119,26,12,1,0,4,1.6094379124341003
40,2016,房地产,1,28,20,26,12,30,116,424,4.762173934797756,27.358490566037734,0.35581769629581717,25.3372,0.253,-0.0023,0.4914,2,10,0,1,2,1.0986122886681098
40,2017,房地产,1,39,29,35,21,37,161,477,5.087596335232384,33.75262054507338,0.5216207749963654,27.645,0.2939,0.0555,-0.3419,3,12,0,1,10,2.3978952727983707
40,2018,房地产,1,28,31,24,14,35,132,431,4.890349128221754,30.62645011600928,0.4062493999194087,25.5736,0.4464,-0.0021,0.1983,4,9,0,0,3,1.3862943611198906
40,2019,房地产,1,34,44,42,24,50,194,531,5.272999558563747,36.53483992467043,0.631292439850456,29.1251,0.475,0.0228,0.4806,5,9,0,1,8,2.1972245773362196
40,2020,房地产,1,39,45,34,22,39,179,496,5.19295685089021,36.08870967741936,0.5759640708850885,27.2139,0.5538,0.0493,-0.3355,6,10,0,1,12,2.5649493574615367
40,2021,房地产,1,46,53,33,25,60,217,515,5.384495062789089,42.13592233009709,0.7007342912603479,28.1867,0.4746,0.0489,0.1126,7,11,0,1,10,2.3978952727983707
40,2022,房地产,1,54,60,48,25,52,239,575,5.480638923341991,41.56521739130435,0.7804448082799673,28.0022,0.5167,0.075,-0.0218,8,14,0,1,15,2.772588722239781
41,2016,信息技术,0,16,10,9,7,15,57,361,4.060443010546419,15.789473684210526,0.14829269461740058,22.0069,0.5142,0.0116,-0.337,20,9,0,0,2,1.0986122886681098
41,2017,信息技术,0,17,22,12,13,16,80,406,4.394449154672439,19.704433497536947,0.23181723729941117,21.9935,0.2467,0.0172,-0.224,21,10,1,1,1,0.6931471805599453
41,2018,信息技术,0,10,14,13,7,21,65,355,4.189654742026425,18.30985915492958,0.17369346708011602,24.5278,0.9362,0.0465,0.4114,22,8,0,0,1,0.6931471805599453
41,2019,信息技术,0,23,17,17,8,21,86,391,4.465908118654584,21.994884910485936,0.2470687500907175,21.7699,0.0642,0.0431,0.5031,23,11,1,0,1,0.6931471805599453
41,2020,信息技术,0,14,14,11,8,16,63,372,4.1588830833596715,16.93548387096774,0.1690237731797979,22.845,0.293,0.0576,0.3666,24,8,0,0,1,0.6931471805599453
41,2021,信息技术,0,29,17,20,16,31,113,448,4.736198448394496,25.223214285714285,0.35102388499696796,23.6906,0.425,0.0848,-0.0971,25,11,1,0,0,0.0
41,2022,信息技术,0,21,29,26,18,32,126,402,4.844187086458591,31.343283582089555,0.3950330096692867,24.0343,0.4729,0.149,0.1489,26,10,0,0,2,1.0986122886681098
42,2016,高端制造,1,12,24,18,11,14,79,341,4.382026634673881,23.16715542521994,0.22706192422898955,22.1369,0.4881,0.0795,-0.0047,11,10,0,0,3,1.3862943611198906
42,2017,高端制造,1,13,12,14,11,14,64,410,4.174387269895637,15.609756097560975,0.18013127024358325,21.3181,0.1672,-0.0274,0.0804,12,6,1,0,1,0.6931471805599453
42,2018,高端制造,1,14,23,17,12,29,95,434,4.564348191467836,21.889400921658986,0.27944427572840996,21.2551,0.503,0.111,0.3777,13,10,1,0,3,1.3862943611198906
42,2019,高端制造,1,28,30,20,14,27,119,449,4.787491742782046,26.50334075723831,0.36288597306207915,22.8569,0.6015,0.0718,0.2656,14,6,0,0,5,1.791759469228055
42,2020,高端制造,1,35,21,38,26,48,168,496,5.1298987149230735,33.87096774193548,0.5560486676138497,20.9144,0.288,0.0948,-0.5465,15,10,0,1,1,0.6931471805599453
42,2021,高端制造,1,21,35,30,24,49,159,483,5.075173815233827,32.91925465838509,0.5118006141537079,22.4159,0.4741,0.0548,-0.0452,16,7,0,1,10,2.3978952727983707
42,2022,高端制造,1,31,35,30,21,45,162,443,5.093750200806762,36.56884875846501,0.5180445570500081,23.6524,0.7981,0.1016,0.1288,17,10,1,0,3,1.3862943611198906
43,2016,医药生物,1,19,22,20,7,23,91,370,4.5217885770490405,24.594594594594597,0.2607242027139519,22.476,0.5426,-0.0364,-0.1732,15,11,0,0,5,1.791759469228055
43,2017,医药生物,1,17,23,18,10,16,84,426,4.442651256490317,19.718309859154928,0.24239221648649584,21.6649,0.4675,0.0426,0.5029,16,11,0,0,4,1.6094379124341003
43,2018,医药生物,1,18,39,22,12,28,119,405,4.787491742782046,29.38271604938272,0.3557651471520237,23.4994,0.3632,0.0377,-0.1357,17,9,1,0,3,1.3862943611198906
43,2019,医药生物,1,35,36,20,12,34,137,408,4.927253685157205,33.57843137254902,0.41616635864059937,23.5915,0.3231,0.1242,0.1275,18,6,1,0,5,1.791759469228055
43,2020,医药生物,1,39,56,27,18,37,177,475,5.181783550292085,37.26315789473684,0.5548478912237506,23.1058,0.5367,-0.0775,-0.0595,19,9,0,0,6,1.9459101490553132
43,2021,医药生物,1,33,36,25,15,33,142,413,4.962844630259907,34.38256658595641,0.4404889634883201,23.8431,0.5364,0.0906,0.207,20,9,0,0,3,1.3862943611198906
43,2022,医药生物,1,48,45,34,23,45,195,514,5.278114659230517,37.93774319066148,0.6305865705963879,24.2212,0.8294,0.0336,0.3553,21,11,0,1,5,1.791759469228055
44,2016,批发零售,0,7,9,10,15,12,53,341,3.9889840465642745,15.542521994134898,0.14967237371156625,22.9623,0.5118,0.0489,0.3814,5,9,0,0,0,0.0
44,2017,批发零售,0,14,9,13,3,14,53,384,3.9889840465642745,13.802083333333334,0.13035989998051536,22.0262,0.4621,0.0512,0.1673,6,9,1,0,4,1.6094379124341003
44,2018,批发零售,0,18,33,16,7,18,92,448,4.532599493153256,20.535714285714285,0.25848885167115,21.7407,0.3832,0.0289,0.2188,7,7,0,0,3,1.3862943611198906
44,2019,批发零售,0,20,31,19,13,28,111,447,4.718498871295094,24.832214765100673,0.3328230167040712,21.5404,0.5073,-0.0136,0.4225,8,11,0,0,2,1.0986122886681098
44,2020,批发零售,0,27,25,18,18,24,112,449,4.727387818712341,24.94432071269488,0.34808563028005446,21.8531,0.5047,0.0499,0.2741,9,7,1,0,0,0.0
44,2021,批发零售,0,24,40,25,24,29,142,446,4.962844630259907,31.838565022421523,0.45460168155331143,22.9137,0.5861,0.0582,0.134,10,8,0,0,3,1.3862943611198906
44,2022,批发零售,0,31,29,23,13,26,122,451,4.812184355372417,27.0509977827051,0.3733942615795657,23.4862,0.2178,0.1246,0.1584,11,9,0,0,2,1.0986122886681098
45,2016,金融保险,1,43,40,39,30,51,203,499,5.318119993844216,40.6813627254509,0.672409054830658,22.0183,0.7788,0.0303,0.039,18,9,1,0,5,1.791759469228055
45,2017,金融保险,1,44,42,43,14,46,189,547,5.247024072160486,34.552102376599635,0.5999814955502342,22.8247,0.6018,0.0195,0.3005,19,7,0,1,8,2.1972245773362196
45,2018,金融保险,1,32,50,39,18,49,188,524,5.241747015059643,35.87786259541985,0.5969934682738708,24.6665,0.3337,0.0346,-0.2973,20,8,0,0,18,2.9444389791664403
45,2019,金融保险,1,35,47,48,28,54,212,524,5.3612921657094255,40.458015267175576,0.6992359446220553,22.1872,0.6596,-0.0358,0.1846,21,9,1,1,10,2.3978952727983707
45,2020,金融保险,1,56,75,42,18,54,245,509,5.5053315359323625,48.1335952848723,0.779021875856871,24.3706,0.3484,-0.0705,0.0081,22,12,0,1,25,3.258096538021482
45,2021,金融保险,1,52,57,46,16,51,222,495,5.407171771460119,44.84848484848485,0.708419717369672,23.0066,0.4982,0.0582,0.1545,23,8,0,1,23,3.1780538303479458
45,2022,金融保险,1,44,59,35,31,62,231,529,5.44673737166631,43.667296786389414,0.7558329787108906,23.6234,0.2046,0.09,0.2491,24,9,1,1,23,3.1780538303479458
46,2016,交通运输,1,17,14,16,14,15,76,419,4.343805421853684,18.138424821002385,0.2255997100379558,20.3124,0.2557,0.0327,-0.0948,9,9,0,0,2,1.0986122886681098
46,2017,交通运输,1,23,23,14,9,27,96,366,4.574710978503383,26.229508196721312,0.27714291703135263,18.8445,0.1589,-0.0125,0.2416,10,7,0,0,2,1.0986122886681098
46,2018,交通运输,1,21,24,23,13,31,112,405,4.727387818712341,27.65432098765432,0.3404566979408049,22.2551,0.3751,0.0503,0.3501,11,9,1,0,4,1.6094379124341003
46,2019,交通运输,1,28,33,23,12,48,144,512,4.976733742420574,28.125,0.43907126376052663,20.5081,0.0523,0.0371,0.0829,12,7,1,1,2,1.0986122886681098
46,2020,交通运输,1,17,28,26,16,24,111,473,4.718498871295094,23.46723044397463,0.3431455792109831,20.6863,0.3406,0.1285,0.0889,13,9,1,1,3,1.3862943611198906
46,2021,交通运输,1,33,36,32,14,29,144,469,4.976733742420574,30.703624733475483,0.4495053160184825,21.8884,0.7126,0.1373,0.2741,14,10,0,0,2,1.0986122886681098
46,2022,交通运输,1,27,26,24,20,35,132,426,4.890349128221754,30.985915492957744,0.4186683050184674,22.8864,0.8755,0.0652,0.0918,15,10,0,1,1,0.6931471805599453
47,2016,能源材料,1,24,25,21,16,40,126,411,4.844187086458591,30.656934306569344,0.38953643636847374,20.8488,0.4244,0.073,-0.1196,20,6,1,0,6,1.9459101490553132
47,2017,能源材料,1,26,32,28,14,35,135,438,4.912654885736052,30.82191780821918,0.4176100477128841,19.9793,0.2203,0.0087,0.3146,21,8,0,1,3,1.3862943611198906
47,2018,能源材料,1,31,41,27,21,33,153,441,5.0369526024136295,34.69387755102041,0.4863660540125607,19.9403,0.7629,0.0379,0.3745,22,10,1,0,0,0.0
47,2019,能源材料,1,28,32,33,24,44,161,498,5.087596335232384,32.329317269076306,0.5225645413860412,22.7676,0.5014,0.0398,0.1793,23,10,0,1,6,1.9459101490553132
47,2020,能源材料,1,36,26,28,18,34,142,482,4.962844630259907,29.460580912863072,0.45127566052278034,22.4107,0.4831,0.0436,0.2789,24,9,0,1,4,1.6094379124341003
47,2021,能源材料,1,37,50,32,17,40,176,449,5.176149732573829,39.198218262806236,0.553925140700562,23.7292,0.6266,-0.0268,0.378,25,10,0,1,3,1.3862943611198906
47,2022,能源材料,1,51,44,30,21,37,183,519,5.214935757608986,35.26011560693642,0.5872933104057382,22.0919,0.5083,0.0037,0.0841,26,8,0,0,3,1.3862943611198906
48,2016,房地产,0,7,16,6,9,13,51,385,3.9512437185814275,13.246753246753245,0.1275950832600507,23.1609,0.5395,0.0552,0.3056,11,10,0,0,0,0.0
48,2017,房地产,0,10,8,8,11,10,47,343,3.871201010907891,13.702623906705538,0.12274811282424361,24.2833,0.7207,-0.0071,0.2614,12,9,1,0,1,0.6931471805599453
48,2018,房地产,0,13,14,13,12,15,67,416,4.219507705176107,16.105769230769234,0.19038996444452386,24.9345,0.7027,-0.0035,0.0076,13,9,0,1,1,0.6931471805599453
48,2019,房地产,0,23,19,21,5,24,92,361,4.532599493153256,25.48476454293629,0.2623896342431011,24.0726,0.2887,0.0441,0.1479,14,10,0,0,1,0.6931471805599453
48,2020,房地产,0,14,27,16,10,24,91,380,4.5217885770490405,23.94736842105263,0.2614356068973237,23.1763,0.2155,-0.0259,0.3425,15,11,0,0,0,0.0
48,2021,房地产,0,21,23,21,17,22,104,383,4.653960350157523,27.154046997389038,0.3218656288756178,26.4236,0.5012,0.0245,0.3743,16,10,1,1,3,1.3862943611198906
48,2022,房地产,0,30,27,20,15,23,115,459,4.7535901911063645,25.054466230936818,0.35340529329804615,26.5276,0.4976,0.0381,0.0882,17,7,0,1,2,1.0986122886681098
49,2016,信息技术,1,26,28,24,17,20,115,444,4.7535901911063645,25.900900900900904,0.35865552369887516,22.572,0.794,0.0608,0.2508,10,8,0,1,8,2.1972245773362196
49,2017,信息技术,1,25,28,30,20,28,131,394,4.882801922586371,33.24873096446701,0.4185357956902267,20.6859,0.5659,-0.016,0.2983,11,10,1,0,3,1.3862943611198906
49,2018,信息技术,1,21,26,20,16,23,106,393,4.672828834461906,26.97201017811705,0.3248999755850355,23.03,0.6063,0.1052,0.2201,12,5,0,0,7,2.0794415416798357
49,2019,信息技术,1,38,32,33,23,40,166,521,5.117993812416755,31.861804222648754,0.538956817197911,22.8421,0.8872,0.0364,-0.3521,13,11,0,0,4,1.6094379124341003
49,2020,信息技术,1,27,29,36,14,43,149,483,5.0106352940962555,30.848861283643892,0.4679326948257046,22.9547,0.3306,0.0725,0.0336,14,10,0,1,7,2.0794415416798357
49,2021,信息技术,1,22,42,28,25,34,151,487,5.0238805208462765,31.006160164271044,0.48589226112819117,22.7194,0.3151,-0.0133,0.0436,15,9,1,0,5,1.791759469228055
49,2022,信息技术,1,32,43,25,17,38,155,458,5.049856007249537,33.84279475982533,0.48344305660043885,21.6367,0.3281,-0.0782,0.1776,16,10,1,0,4,1.6094379124341003
50,2016,高端制造,1,13,13,19,9,15,69,423,4.248495242049359,16.312056737588655,0.19511697278351497,20.2406,0.6346,0.1058,-0.0836,12,9,0,0,0,0.0
50,2017,高端制造,1,24,16,20,11,14,85,382,4.454347296253507,22.25130890052356,0.25216853687774443,20.9912,0.5613,0.0353,0.2274,13,9,0,0,0,0.0
50,2018,高端制造,1,27,23,25,18,23,116,472,4.762173934797756,24.576271186440678,0.365774595673291,20.1312,0.5542,0.0112,0.1648,14,8,0,1,3,1.3862943611198906
50,2019,高端制造,1,25,29,20,17,28,119,391,4.787491742782046,30.434782608695656,0.36811479318026497,21.1838,0.4438,0.0302,-0.0589,15,8,0,1,0,0.0
50,2020,高端制造,1,21,35,19,24,39,138,456,4.9344739331306915,30.263157894736842,0.4383778192257121,22.6003,0.4045,-0.0015,0.1502,16,10,0,1,4,1.6094379124341003
50,2021,高端制造,1,32,40,37,16,39,164,492,5.10594547390058,33.33333333333333,0.5184927258944262,21.5442,0.3405,0.0391,0.0549,17,6,0,0,4,1.6094379124341003
50,2022,高端制造,1,25,30,26,22,33,136,412,4.919980925828125,33.00970873786408,0.4350271327852666,22.3185,0.3543,0.0188,-0.2582,18,8,0,1,3,1.3862943611198906
51,2016,医药生物,0,26,30,34,9,27,126,428,4.844187086458591,29.439252336448597,0.3840742917032376,21.6363,0.5524,0.1527,0.2203,20,8,0,0,0,0.0
51,2017,医药生物,0,23,41,26,21,35,146,430,4.990432586778736,33.95348837209302,0.4616020844394185,20.2311,0.3947,-0.0042,0.1568,21,9,0,0,3,1.3862943611198906
51,2018,医药生物,0,30,29,23,14,31,127,437,4.852030263919617,29.061784897025174,0.39080629026557223,23.6714,0.2899,0.0386,0.108,22,10,1,0,1,0.6931471805599453
51,2019,医药生物,0,41,39,31,18,56,185,493,5.225746673713202,37.52535496957404,0.5870287767654754,23.6203,0.5213,-0.0042,0.0894,23,8,0,1,2,1.0986122886681098
51,2020,医药生物,0,41,40,32,24,41,178,462,5.187385805840755,38.52813852813853,0.5769779235253818,23.8014,0.5182,-0.0178,-0.396,24,9,1,1,5,1.791759469228055
51,2021,医药生物,0,41,41,39,20,44,185,453,5.225746673713202,40.83885209713024,0.59573740236413,23.3575,0.4495,0.0033,-0.5406,25,11,0,1,3,1.3862943611198906
51,2022,医药生物,0,38,46,23,22,39,168,511,5.1298987149230735,32.87671232876712,0.5335471523649994,24.5527,0.4539,-0.0217,-0.0358,26,8,1,0,10,2.3978952727983707
52,2016,批发零售,0,30,34,16,14,25,119,426,4.787491742782046,27.93427230046948,0.3598476408865824,23.9189,0.484,0.0706,-0.2036,4,9,1,0,3,1.3862943611198906
52,2017,批发零售,0,35,28,27,14,27,131,451,4.882801922586371,29.046563192904657,0.4075669098983591,24.4394,0.3897,0.0959,0.2602,5,11,0,0,2,1.0986122886681098
52,2018,批发零售,0,27,26,21,13,43,130,412,4.875197323201151,31.55339805825243,0.3969028392547985,23.2294,0.3775,0.0812,-0.0108,6,10,0,0,0,0.0
52,2019,批发零售,0,25,32,24,23,25,129,469,4.867534450455582,27.505330490405118,0.413134326369993,23.9109,0.3851,0.0585,-0.1363,7,10,0,0,1,0.6931471805599453
52,2020,批发零售,0,32,29,34,24,48,167,516,5.123963979403259,32.36434108527132,0.543824723084143,24.144,0.1898,0.0329,0.4066,8,8,1,0,1,0.6931471805599453
52,2021,批发零售,0,40,36,34,20,48,178,477,5.187385805840755,37.316561844863735,0.5712452874406633,25.5376,0.7092,0.0462,0.1242,9,8,0,1,3,1.3862943611198906
52,2022,批发零售,0,27,25,22,21,45,140,446,4.948759890378168,31.390134529147986,0.4446820458513512,26.2641,0.3853,-0.0017,0.2891,10,6,1,0,7,2.0794415416798357
53,2016,金融保险,0,33,32,23,17,29,134,426,4.90527477843843,31.455399061032864,0.4187216339910614,21.8241,0.2755,0.0305,0.0194,16,8,1,0,0,0.0
53,2017,金融保险,0,31,38,19,28,29,145,491,4.983606621708336,29.531568228105908,0.47002004909188044,24.5421,0.8104,0.075,0.222,17,8,1,1,7,2.0794415416798357
53,2018,金融保险,0,33,36,32,14,44,159,452,5.075173815233827,35.176991150442475,0.49673740228539714,24.313,0.3206,0.1958,0.0379,18,9,0,1,8,2.1972245773362196
53,2019,金融保险,0,38,44,32,26,44,184,486,5.220355825078324,37.86008230452675,0.5980501158082719,23.0343,0.4,0.0507,0.4067,19,9,0,0,8,2.1972245773362196
53,2020,金融保险,0,31,40,37,34,66,208,558,5.342334251964811,37.27598566308244,0.6914393108875831,24.7242,0.3341,0.041,0.0179,20,9,0,1,7,2.0794415416798357
53,2021,金融保险,0,49,43,35,18,54,199,526,5.298317366548036,37.832699619771866,0.6349254346030009,25.7985,0.5206,0.1924,-0.1286,21,12,0,1,20,3.044522437723423
53,2022,金融保险,0,43,63,49,27,55,237,579,5.472270673671475,40.932642487046635,0.7751559317755439,27.1479,0.0761,0.0145,-0.3345,22,11,1,1,10,2.3978952727983707
54,2016,交通运输,0,22,16,26,12,30,106,402,4.672828834461906,26.368159203980102,0.323684755435131,19.8989,0.5405,0.116,0.4031,9,10,0,1,2,1.0986122886681098
54,2017,交通运输,0,27,31,29,15,30,132,444,4.890349128221754,29.72972972972973,0.41123461537446576,20.8285,0.4175,0.0197,0.3742,10,11,1,1,3,1.3862943611198906
54,2018,交通运输,0,35,26,24,17,37,139,427,4.941642422609304,32.55269320843091,0.4369927493667003,22.1079,0.6071,0.0723,0.4205,11,11,0,0,1,0.6931471805599453
54,2019,交通运输,0,28,43,32,30,44,177,498,5.181783550292085,35.54216867469879,0.5813611309411993,20.9239,0.3148,0.0162,-0.2908,12,8,1,0,3,1.3862943611198906
54,2020,交通运输,0,42,38,35,20,54,189,480,5.247024072160486,39.375,0.606610674706421,20.7391,0.5785,-0.0004,0.441,13,11,1,0,6,1.9459101490553132
54,2021,交通运输,0,55,34,32,30,52,203,463,5.318119993844216,43.84449244060475,0.6722022043740457,22.7461,0.7794,0.1775,-0.0536,14,9,1,0,12,2.5649493574615367
54,2022,交通运输,0,41,46,40,27,47,201,455,5.308267697401205,44.175824175824175,0.659135160798306,20.9751,0.5463,0.0193,-0.1459,15,7,1,1,1,0.6931471805599453
55,2016,能源材料,1,23,27,28,19,31,128,483,4.859812404361672,26.501035196687372,0.4055472302948142,21.1177,0.2638,0.0188,0.0637,23,8,1,0,2,1.0986122886681098
55,2017,能源材料,1,28,36,23,25,29,141,486,4.955827057601261,29.01234567901235,0.45398007471244445,22.3805,0.3109,0.1047,-0.1604,24,11,0,1,5,1.791759469228055
55,2018,能源材料,1,35,22,29,17,30,133,468,4.897839799950911,28.418803418803417,0.4223164116929467,21.7816,0.1493,0.0419,-0.1455,25,9,0,0,3,1.3862943611198906
55,2019,能源材料,1,39,39,32,26,38,174,462,5.1647859739235145,37.66233766233766,0.5679435207086887,23.1581,0.3923,-0.0056,0.1125,26,8,0,1,6,1.9459101490553132
55,2020,能源材料,1,37,52,52,22,48,211,476,5.356586274672012,44.32773109243697,0.6865793669679088,22.8401,0.3668,-0.0099,0.0524,27,11,1,1,7,2.0794415416798357
55,2021,能源材料,1,40,47,39,22,56,204,507,5.3230099791384085,40.23668639053255,0.6578091503100956,23.7799,0.4308,0.0664,0.3926,28,7,0,1,12,2.5649493574615367
55,2022,能源材料,1,42,54,50,26,55,227,541,5.429345628954441,41.95933456561922,0.7441719788299871,24.9072,0.7589,-0.0004,0.4033,29,7,0,1,18,2.9444389791664403
56,2016,房地产,1,30,32,26,18,28,134,480,4.90527477843843,27.916666666666668,0.4218652416836651,20.938,0.4956,0.0361,0.2635,21,10,0,1,2,1.0986122886681098
56,2017,房地产,1,42,52,25,31,36,186,484,5.231108616854587,38.429752066115704,0.6085613095977573,19.9396,0.4776,-0.0361,0.0421,22,12,0,0,4,1.6094379124341003
56,2018,房地产,1,36,37,32,26,41,172,453,5.153291594497779,37.969094922737305,0.5613234675317286,18.8846,0.606,0.0775,0.3415,23,13,0,1,2,1.0986122886681098
56,2019,房地产,1,42,56,42,23,52,215,501,5.375278407684165,42.91417165668663,0.6948530422028201,21.7877,0.7592,0.0759,0.387,24,9,0,1,9,2.302585092994046
56,2020,房地产,1,54,53,44,30,57,238,567,5.476463551931511,41.9753086419753,0.7858427759319407,21.3925,0.3825,-0.0216,0.0441,25,12,0,0,5,1.791759469228055
56,2021,房地产,1,46,55,30,34,50,215,540,5.375278407684165,39.81481481481482,0.7093249561490322,22.5393,0.3321,0.0565,0.0877,26,11,0,1,14,2.70805020110221
56,2022,房地产,1,44,50,37,26,57,214,541,5.3706380281276624,39.55637707948244,0.6960267465620381,21.7444,0.6489,0.0107,0.2471,27,11,1,1,4,1.6094379124341003
57,2016,信息技术,1,19,22,21,13,24,99,373,4.605170185988092,26.541554959785525,0.298130256067854,23.3151,0.4751,0.0399,-0.2212,2,10,0,0,3,1.3862943611198906
57,2017,信息技术,1,13,17,12,11,14,67,350,4.219507705176107,19.142857142857142,0.18712669965168627,22.3295,0.3299,0.0659,0.3146,3,8,0,0,4,1.6094379124341003
57,2018,信息技术,1,19,18,14,12,18,81,413,4.406719247264253,19.612590799031477,0.23578157141465841,21.3063,0.4662,0.0676,0.0236,4,8,0,0,0,0.0
57,2019,信息技术,1,28,29,14,18,18,107,378,4.68213122712422,28.306878306878307,0.3290459085726305,22.5164,0.6266,0.022,0.1258,5,9,1,0,1,0.6931471805599453
57,2020,信息技术,1,19,21,22,10,26,98,428,4.59511985013459,22.897196261682243,0.2900936316287734,22.4201,0.3264,0.0354,0.2776,6,10,0,0,1,0.6931471805599453
57,2021,信息技术,1,25,28,23,16,33,125,476,4.836281906951478,26.260504201680675,0.3872974166222679,23.6305,0.4191,0.0603,-0.2274,7,8,0,0,0,0.0
57,2022,信息技术,1,27,42,28,13,25,135,459,4.912654885736052,29.411764705882355,0.413693844511707,24.0638,0.3342,0.1241,-0.1901,8,9,0,1,7,2.0794415416798357
58,2016,高端制造,1,31,30,19,18,31,129,423,4.867534450455582,30.49645390070922,0.40218411262391324,22.8565,0.1466,-0.0468,0.716,6,10,0,0,2,1.0986122886681098
58,2017,高端制造,1,28,38,20,13,30,129,414,4.867534450455582,31.15942028985507,0.39065010725005145,24.5517,0.69,0.1147,0.0265,7,10,0,1,4,1.6094379124341003
58,2018,高端制造,1,22,36,29,8,31,126,489,4.844187086458591,25.766871165644172,0.3764533504042508,24.5231,0.3967,-0.0453,-0.127,8,11,0,0,3,1.3862943611198906
58,2019,高端制造,1,41,40,36,18,47,182,508,5.209486152841421,35.826771653543304,0.5806747547097003,24.4435,0.6619,0.0425,0.0434,9,8,0,1,4,1.6094379124341003
58,2020,高端制造,1,35,45,33,21,39,173,446,5.159055299214529,38.789237668161434,0.5534529894615722,24.464,0.05,0.1121,-0.0888,10,9,0,1,4,1.6094379124341003
58,2021,高端制造,1,38,46,37,26,45,192,524,5.262690188904886,36.6412213740458,0.6261081366878202,25.4314,0.5224,-0.0134,0.3554,11,10,0,1,6,1.9459101490553132
58,2022,高端制造,1,30,40,31,19,48,168,428,5.1298987149230735,39.25233644859813,0.532368650836704,27.7787,0.3862,0.1705,-0.1276,12,7,1,1,17,2.8903717578961645
59,2016,医药生物,1,10,7,5,6,9,37,340,3.6375861597263857,10.882352941176471,0.07986774279194885,22.0784,0.3148,0.1043,0.0651,23,9,0,0,0,0.0
59,2017,医药生物,1,9,13,9,2,15,48,365,3.8918202981106265,13.150684931506849,0.10785065290870108,21.9755,0.2199,0.0094,0.1531,24,8,0,0,1,0.6931471805599453
59,2018,医药生物,1,6,8,10,5,12,41,314,3.7376696182833684,13.05732484076433,0.09260055718225463,23.9503,0.0683,0.0847,0.9516,25,6,0,0,1,0.6931471805599453
59,2019,医药生物,1,14,10,11,11,11,57,390,4.060443010546419,14.615384615384617,0.15680630210132707,23.9969,0.4493,0.1516,0.0835,26,14,1,0,0,0.0
59,2020,医药生物,1,13,24,8,10,19,74,381,4.31748811353631,19.42257217847769,0.20301546449360547,23.8664,0.6059,0.055,0.1223,27,12,0,1,1,0.6931471805599453
59,2021,医药生物,1,17,21,18,5,17,78,439,4.3694478524670215,17.76765375854214,0.21432221910060578,23.6724,0.6519,0.0986,0.5004,28,9,1,0,0,0.0
59,2022,医药生物,1,12,20,16,6,21,75,446,4.330733340286331,16.81614349775785,0.20441229278964101,24.0373,0.05,0.0827,0.3295,29,11,1,0,1,0.6931471805599453
60,2016,批发零售,0,13,27,22,12,14,88,424,4.48863636973214,20.754716981132077,0.2595632089105928,21.1127,0.4285,0.0862,-0.2829,9,12,0,0,1,0.6931471805599453
60,2017,批发零售,0,16,25,16,18,16,91,407,4.5217885770490405,22.358722358722357,0.2778028547573207,23.7915,0.4284,0.0569,-0.0294,10,11,0,1,3,1.3862943611198906
60,2018,批发零售,0,14,22,13,14,31,94,428,4.553876891600541,21.962616822429908,0.2777172392979266,21.9713,0.2165,0.0896,0.1226,11,9,0,1,1,0.6931471805599453
60,2019,批发零售,0,28,35,15,25,25,128,483,4.859812404361672,26.501035196687372,0.4079628754353639,23.0162,0.7619,-0.0386,0.3264,12,12,0,0,2,1.0986122886681098
60,2020,批发零售,0,33,32,23,16,24,128,433,4.859812404361672,29.561200923787528,0.3979034387776383,22.8602,0.6807,0.0903,0.3354,13,11,0,0,2,1.0986122886681098
60,2021,批发零售,0,29,29,24,17,43,142,404,4.962844630259907,35.148514851485146,0.44422054098110736,22.1349,0.6435,0.088,-0.2676,14,10,1,0,1,0.6931471805599453
60,2022,批发零售,0,33,41,19,16,27,136,427,4.919980925828125,31.85011709601874,0.41841672942318053,22.2566,0.4888,0.0114,-0.0219,15,10,1,0,1,0.6931471805599453
61,2016,金融保险,0,8,10,8,5,10,41,290,3.7376696182833684,14.13793103448276,0.09133875187079513,20.2651,0.3351,0.0588,0.2394,23,9,0,0,1,0.6931471805599453
61,2017,金融保险,0,13,15,8,6,11,53,390,3.9889840465642745,13.58974358974359,0.13121248383702402,21.3512,0.3958,0.0718,0.0322,24,10,0,1,0,0.0
61,2018,金融保险,0,15,17,8,12,16,68,399,4.23410650459726,17.042606516290725,0.19006181524229784,22.2739,0.7194,-0.0446,0.3626,25,8,0,0,1,0.6931471805599453
61,2019,金融保险,0,21,26,22,15,28,112,382,4.727387818712341,29.31937172774869,0.3431943355950198,21.0712,0.492,0.114,-0.0316,26,10,1,0,1,0.6931471805599453
61,2020,金融保险,0,19,27,17,7,36,106,387,4.672828834461906,27.39018087855297,0.304841858030649,23.7021,0.5805,-0.0262,-0.048,27,8,0,0,1,0.6931471805599453
61,2021,金融保险,0,25,18,25,17,32,117,392,4.770684624465665,29.846938775510207,0.3676074208005881,23.1813,0.6898,0.0645,-0.3356,28,8,0,0,2,1.0986122886681098
61,2022,金融保险,0,33,28,17,12,31,121,415,4.804021044733257,29.156626506024097,0.36507897837181297,24.3343,0.4183,0.1067,-0.1053,29,7,1,0,4,1.6094379124341003
62,2016,交通运输,1,23,30,20,14,38,125,477,4.836281906951478,26.20545073375262,0.3804920036874007,21.1381,0.6025,-0.0394,0.2785,8,7,0,1,3,1.3862943611198906
62,2017,交通运输,1,27,34,21,17,33,132,457,4.890349128221754,28.88402625820569,0.40910333096703555,20.2566,0.2602,0.0004,0.301,9,7,0,0,1,0.6931471805599453
62,2018,交通运输,1,27,43,28,15,38,151,457,5.0238805208462765,33.04157549234136,0.4677006376159828,21.6351,0.5889,0.0199,-0.3479,10,10,1,0,5,1.791759469228055
62,2019,交通运输,1,40,32,24,22,53,171,514,5.147494476813453,33.26848249027237,0.5473192188550301,22.0699,0.4389,-0.0687,0.0489,11,9,0,1,8,2.1972245773362196
62,2020,交通运输,1,40,66,28,22,43,199,514,5.298317366548036,38.715953307393,0.6304956611856054,23.0092,0.6642,0.0718,-0.2713,12,7,0,1,4,1.6094379124341003
62,2021,交通运输,1,37,58,30,25,45,195,491,5.278114659230517,39.71486761710794,0.6260298867987222,22.5611,0.2016,-0.0019,0.2402,13,10,0,1,7,2.0794415416798357
62,2022,交通运输,1,40,49,28,19,27,163,478,5.099866427824199,34.10041841004184,0.5151845175854134,23.3943,0.5707,0.1168,-0.1357,14,7,0,1,9,2.302585092994046
63,2016,能源材料,1,15,28,18,13,23,97,390,4.584967478670572,24.871794871794872,0.28746395018314463,22.3137,0.613,0.0411,0.4508,21,10,0,0,0,0.0
63,2017,能源材料,1,24,27,31,13,27,122,433,4.812184355372417,28.17551963048499,0.37734992163920733,23.7838,0.9467,-0.018,0.0061,22,11,0,1,1,0.6931471805599453
63,2018,能源材料,1,19,34,12,14,27,106,387,4.672828834461906,27.39018087855297,0.3134284251629944,24.8172,0.6605,0.0329,0.4034,23,9,0,1,2,1.0986122886681098
63,2019,能源材料,1,28,23,26,16,23,116,462,4.762173934797756,25.108225108225106,0.36284467814120325,24.5194,0.0812,0.0732,0.1903,24,10,1,0,3,1.3862943611198906
63,2020,能源材料,1,32,47,25,30,35,169,510,5.135798437050262,33.13725490196078,0.5516567449944458,26.8897,0.6181,0.0751,-0.2611,25,12,0,0,6,1.9459101490553132
63,2021,能源材料,1,47,37,28,28,36,176,519,5.176149732573829,33.911368015414254,0.5779466080689801,25.7376,0.3222,0.1159,-0.0189,26,5,1,0,5,1.791759469228055
63,2022,能源材料,1,37,40,25,14,44,160,498,5.081404364984463,32.1285140562249,0.49537226809879253,25.0815,0.4732,-0.0089,0.2104,27,7,0,1,6,1.9459101490553132
64,2016,房地产,1,12,21,10,7,14,64,371,4.174387269895637,17.25067385444744,0.1674953112771867,20.2612,0.5864,0.1007,0.4741,13,7,0,0,0,0.0
64,2017,房地产,1,14,20,12,10,17,73,362,4.30406509320417,20.165745856353592,0.20367707324684123,22.3055,0.3081,0.0153,0.0175,14,12,0,0,1,0.6931471805599453
64,2018,房地产,1,18,19,11,13,17,78,428,4.3694478524670215,18.22429906542056,0.22578800444974964,21.4117,0.443,0.055,0.013,15,9,0,0,2,1.0986122886681098
64,2019,房地产,1,20,26,28,13,24,111,445,4.718498871295094,24.9438202247191,0.3399181062839154,21.5838,0.2565,0.053,-0.0151,16,11,1,0,0,0.0
64,2020,房地产,1,21,20,23,24,15,103,433,4.6443908991413725,23.787528868360276,0.3341956952622086,22.261,0.2392,0.0018,-0.6,17,6,1,0,1,0.6931471805599453
64,2021,房地产,1,23,32,17,15,28,115,439,4.7535901911063645,26.195899772209568,0.34848933691380646,24.0016,0.1307,-0.083,-0.1491,18,10,0,0,2,1.0986122886681098
64,2022,房地产,1,29,29,27,17,23,125,396,4.836281906951478,31.565656565656564,0.3926811725267506,23.1304,0.4786,0.1223,-0.0537,19,11,0,1,2,1.0986122886681098
65,2016,信息技术,0,27,10,23,8,19,87,371,4.477336814478207,23.450134770889488,0.2568013998661933,22.5295,0.2741,0.1584,-0.1874,20,8,0,0,1,0.6931471805599453
65,2017,信息技术,0,20,30,17,14,12,93,365,4.543294782270004,25.47945205479452,0.2769678080076361,22.0117,0.4537,-0.0175,0.0389,21,10,0,0,0,0.0
65,2018,信息技术,0,20,22,21,10,27,100,385,4.61512051684126,25.97402597402597,0.2957603404752989,24.424,0.3504,0.0267,-0.0001,22,11,0,0,1,0.6931471805599453
65,2019,信息技术,0,30,29,34,14,39,146,454,4.990432586778736,32.158590308370044,0.4579314736913128,21.1712,0.6695,0.0443,0.4165,23,9,0,0,1,0.6931471805599453
65,2020,信息技术,0,29,22,25,19,33,128,433,4.859812404361672,29.561200923787528,0.4062251672731386,22.713,0.05,0.0715,0.1577,24,10,1,0,0,0.0
65,2021,信息技术,0,32,39,23,13,33,140,414,4.948759890378168,33.81642512077295,0.4280819226053435,23.5204,0.6514,0.0824,0.328,25,11,0,0,1,0.6931471805599453
65,2022,信息技术,0,30,24,15,14,26,109,450,4.700480365792417,24.22222222222222,0.32994434354117697,25.4525,0.6233,0.1135,-0.0824,26,7,1,0,6,1.9459101490553132
66,2016,高端制造,0,49,42,29,23,48,191,500,5.2574953720277815,38.2,0.61560595382472,24.1151,0.5258,0.0784,0.3304,10,10,0,1,5,1.791759469228055
66,2017,高端制造,0,21,41,32,21,46,161,515,5.087596335232384,31.2621359223301,0.512300107783382,24.7463,0.0521,0.0832,0.1915,11,8,0,1,6,1.9459101490553132
66,2018,高端制造,0,37,37,49,23,49,195,533,5.278114659230517,36.58536585365854,0.6395058112479235,26.8496,0.3936,-0.0053,-0.0579,12,9,0,1,23,3.1780538303479458
66,2019,高端制造,0,36,45,36,28,38,183,502,5.214935757608986,36.45418326693227,0.6006662620105511,26.9081,0.3319,0.0427,-0.0183,13,11,1,1,11,2.4849066497880004
66,2020,高端制造,0,46,52,46,20,46,210,535,5.351858133476067,39.25233644859813,0.6779154281604401,26.7734,0.6869,0.0112,0.3271,14,10,0,0,9,2.302585092994046
66,2021,高端制造,0,48,47,45,27,51,218,532,5.389071729816501,40.97744360902256,0.717558779199106,27.295,0.3085,0.0422,0.2855,15,5,0,1,4,1.6094379124341003
66,2022,高端制造,0,34,47,32,19,60,192,469,5.262690188904886,40.93816631130064,0.6080591327842947,27.7022,0.9478,0.0388,-0.6,16,9,1,1,8,2.1972245773362196
67,2016,医药生物,0,8,10,6,5,16,45,323,3.828641396489095,13.93188854489164,0.1026070886654302,20.5119,0.3677,-0.0101,0.2785,7,10,0,0,0,0.0
67,2017,医药生物,0,10,16,7,9,16,58,355,4.07753744390572,16.338028169014084,0.1510722489517486,21.1307,0.4757,0.0819,-0.0658,8,12,1,0,0,0.0
67,2018,医药生物,0,8,8,6,6,11,39,345,3.6888794541139363,11.304347826086957,0.08608925551948327,20.1794,0.5406,-0.0025,0.2556,9,11,1,0,0,0.0
67,2019,医药生物,0,17,18,13,4,12,64,363,4.174387269895637,17.63085399449036,0.16567082333471542,19.8424,0.3057,0.031,0.5109,10,7,0,0,1,0.6931471805599453
67,2020,医药生物,0,21,19,21,9,10,80,384,4.394449154672439,20.833333333333336,0.23179068650362034,22.6099,0.6559,0.0962,0.1457,11,7,0,0,2,1.0986122886681098
67,2021,医药生物,0,12,22,18,10,15,77,386,4.356708826689592,19.94818652849741,0.21928859267423884,23.7277,0.3784,0.1224,-0.0309,12,5,0,0,0,0.0
67,2022,医药生物,0,18,20,10,10,21,79,408,4.382026634673881,19.362745098039216,0.22227246464888709,23.068,0.5987,0.0234,-0.1369,13,12,0,0,2,1.0986122886681098
68,2016,批发零售,1,28,31,21,25,40,145,458,4.983606621708336,31.65938864628821,0.46637251314248396,20.9039,0.2629,0.0337,0.1492,6,10,0,1,6,1.9459101490553132
68,2017,批发零售,1,29,39,30,19,50,167,505,5.123963979403259,33.069306930693074,0.5285238615314307,19.4112,0.3934,0.089,-0.3007,7,10,0,0,6,1.9459101490553132
68,2018,批发零售,1,27,35,33,21,25,141,404,4.955827057601261,34.900990099009896,0.45288052248598526,21.6096,0.3705,0.0561,0.8388,8,7,0,1,4,1.6094379124341003
68,2019,批发零售,1,54,38,32,29,52,205,562,5.327876168789581,36.47686832740214,0.6754178130850315,21.8737,0.2775,-0.0351,0.5958,9,8,0,1,6,1.9459101490553132
68,2020,批发零售,1,46,49,36,23,45,199,481,5.298317366548036,41.37214137214137,0.6430946769498727,23.3768,0.301,0.0497,-0.1502,10,7,1,1,11,2.4849066497880004
68,2021,批发零售,1,53,50,35,32,39,209,550,5.3471075307174685,38.0,0.6928242428230672,21.5152,0.519,0.1678,0.3191,11,10,0,0,8,2.1972245773362196
68,2022,批发零售,1,39,49,38,22,48,196,519,5.2832037287379885,37.76493256262042,0.631248259765686,23.0657,0.2135,0.06,0.318,12,7,0,1,10,2.3978952727983707
69,2016,金融保险,0,17,10,20,11,26,84,363,4.442651256490317,23.140495867768596,0.24856712765507993,20.7941,0.5745,0.0955,0.0786,13,10,0,0,1,0.6931471805599453
69,2017,金融保险,0,29,31,20,15,23,118,415,4.77912349311153,28.433734939759038,0.3616950684668167,21.3147,0.7744,0.0804,0.2706,14,10,0,0,0,0.0
69,2018,金融保险,0,21,13,19,16,34,103,445,4.6443908991413725,23.146067415730336,0.3177127794787663,20.3296,0.4936,-0.0349,-0.4012,15,8,0,0,5,1.791759469228055
69,2019,金融保险,0,36,52,21,26,43,178,533,5.187385805840755,33.39587242026266,0.569546122977966,21.5496,0.6137,-0.0896,-0.1384,16,9,0,0,5,1.791759469228055
69,2020,金融保险,0,39,40,24,22,41,166,483,5.117993812416755,34.368530020703936,0.5295192667064559,22.2773,0.139,0.0018,-0.0122,17,11,0,1,3,1.3862943611198906
69,2021,金融保险,0,47,38,37,18,49,189,469,5.247024072160486,40.298507462686565,0.6053736433844266,22.104,0.5096,0.0383,-0.1952,18,10,1,1,4,1.6094379124341003
69,2022,金融保险,0,38,32,43,25,48,186,480,5.231108616854587,38.75,0.6124180846831558,22.5581,0.4463,0.1465,0.0718,19,14,0,1,9,2.302585092994046
70,2016,交通运输,0,39,39,27,24,46,175,448,5.170483995038151,39.0625,0.5639243895218133,21.7984,0.391,0.0819,0.3642,18,10,0,0,5,1.791759469228055
70,2017,交通运输,0,43,48,35,28,45,199,522,5.298317366548036,38.122605363984675,0.6515107753764351,20.9931,0.5346,-0.0307,0.0807,19,8,0,0,0,0.0
70,2018,交通运输,0,46,53,45,27,56,227,560,5.429345628954441,40.535714285714285,0.7440343874441918,21.8449,0.4707,0.0321,-0.2632,20,12,0,1,2,1.0986122886681098
70,2019,交通运输,0,38,47,33,27,48,193,552,5.267858159063328,34.96376811594203,0.6283037103987731,21.38,0.423,0.0209,0.7802,21,9,0,1,7,2.0794415416798357
70,2020,交通运输,0,42,41,42,28,65,218,582,5.389071729816501,37.45704467353952,0.717298567895702,23.1581,0.5832,-0.0115,0.1461,22,7,0,1,6,1.9459101490553132
70,2021,交通运输,0,39,54,38,24,42,197,518,5.288267030694535,38.030888030888036,0.6371236852947236,23.2398,0.3217,-0.0012,0.5371,23,10,0,1,15,2.772588722239781
70,2022,交通运输,0,43,62,53,36,60,254,533,5.541263545158426,47.65478424015009,0.8488924686514604,23.4898,0.4528,0.0553,0.2297,24,10,1,1,24,3.2188758248682006
71,2016,能源材料,0,24,25,23,11,18,101,392,4.624972813284271,25.765306122448976,0.30251637526687214,17.1026,0.3577,-0.0195,0.2185,3,8,0,0,0,0.0
71,2017,能源材料,0,14,14,25,6,22,81,428,4.406719247264253,18.925233644859812,0.2311397587559097,19.5523,0.5854,-0.0769,0.2373,4,9,1,1,1,0.6931471805599453
71,2018,能源材料,0,29,32,24,14,27,126,483,4.844187086458591,26.08695652173913,0.3873891058618508,19.3566,0.4652,0.0952,-0.2395,5,10,0,0,3,1.3862943611198906
71,2019,能源材料,0,18,25,34,17,35,129,430,4.867534450455582,30.0,0.40798881003497145,20.4364,0.4089,-0.0092,-0.4354,6,10,0,1,1,0.6931471805599453
71,2020,能源材料,0,30,26,25,10,38,129,464,4.867534450455582,27.801724137931032,0.39140380613231696,21.0053,0.239,-0.0144,-0.59,7,8,0,0,4,1.6094379124341003
71,2021,能源材料,0,20,24,23,20,23,110,442,4.709530201312334,24.8868778280543,0.347379250608861,21.6229,0.4346,-0.0327,0.4347,8,10,1,0,2,1.0986122886681098
71,2022,能源材料,0,24,29,23,21,26,123,390,4.820281565605037,31.538461538461537,0.39014442754992873,21.6595,0.5628,-0.0355,-0.0797,9,13,0,0,1,0.6931471805599453
72,2016,房地产,0,30,27,15,28,32,132,460,4.890349128221754,28.695652173913043,0.42864746472907084,19.9306,0.34,0.1246,-0.0719,14,5,0,1,3,1.3862943611198906
72,2017,房地产,0,33,46,23,23,39,164,486,5.10594547390058,33.744855967078195,0.5215904861857016,19.7118,0.4435,0.0157,0.0269,15,10,0,1,0,0.0
72,2018,房地产,0,25,34,40,17,31,147,443,4.997212273764115,33.182844243792324,0.46842611467518974,19.0205,0.6252,-0.0497,0.3517,16,7,0,0,1,0.6931471805599453
72,2019,房地产,0,39,52,25,24,47,187,515,5.236441962829949,36.310679611650485,0.5974605080734181,20.312,0.4245,0.0695,0.0904,17,13,1,1,5,1.791759469228055
72,2020,房地产,0,31,35,39,32,56,193,503,5.267858159063328,38.36978131212724,0.6428074910526339,22.958,0.3627,0.151,-0.0621,18,10,0,1,8,2.1972245773362196
72,2021,房地产,0,38,37,37,21,44,177,529,5.181783550292085,33.459357277882795,0.5712726298313474,21.4125,0.6582,0.0542,0.2233,19,10,0,1,1,0.6931471805599453
72,2022,房地产,0,38,49,42,20,40,189,486,5.247024072160486,38.88888888888889,0.6077523097379401,20.658,0.5203,0.1041,0.5115,20,5,1,0,1,0.6931471805599453
73,2016,信息技术,0,44,38,36,21,60,199,541,5.298317366548036,36.78373382624769,0.6412022575818702,21.4669,0.2259,0.1031,-0.0716,5,7,0,1,6,1.9459101490553132
73,2017,信息技术,0,36,47,37,32,45,197,503,5.288267030694535,39.165009940357855,0.6526647878037429,20.3546,0.6092,0.0156,-0.0584,6,10,0,0,4,1.6094379124341003
73,2018,信息技术,0,38,49,36,23,46,192,521,5.262690188904886,36.85220729366603,0.6189941504816682,20.2689,0.6613,-0.035,0.1731,7,9,0,1,4,1.6094379124341003
73,2019,信息技术,0,39,55,34,29,68,225,546,5.420534999272286,41.208791208791204,0.7320384571127517,21.7202,0.7896,0.0,0.0172,8,11,0,1,7,2.0794415416798357
73,2020,信息技术,0,51,55,29,23,51,209,564,5.3471075307174685,37.05673758865248,0.6698765146455441,21.547,0.2093,0.0176,0.4844,9,6,0,1,16,2.833213344056216
73,2021,信息技术,0,48,56,37,22,53,216,544,5.37989735354046,39.705882352941174,0.694303436380335,21.0693,0.4273,0.073,-0.1922,10,8,0,1,7,2.0794415416798357
73,2022,信息技术,0,47,50,36,20,66,219,580,5.393627546352362,37.75862068965517,0.7003272503016621,22.7428,0.5599,0.0186,0.1471,11,10,1,1,18,2.9444389791664403
74,2016,高端制造,0,15,21,17,4,14,71,385,4.276666119016055,18.441558441558442,0.18917705347853955,24.7118,0.6112,0.0655,0.2244,6,10,0,0,0,0.0
74,2017,高端制造,0,15,25,13,11,21,85,402,4.454347296253507,21.144278606965177,0.2431848052128524,25.8761,0.6596,0.1821,0.2783,7,9,1,0,4,1.6094379124341003
74,2018,高端制造,0,24,25,14,10,19,92,390,4.532599493153256,23.589743589743588,0.26628077485562635,25.8367,0.3823,0.1402,0.1444,8,7,0,0,1,0.6931471805599453
74,2019,高端制造,0,22,30,27,19,31,129,443,4.867534450455582,29.119638826185103,0.4071007711834726,25.582,0.3627,-0.0036,-0.4031,9,9,1,0,2,1.0986122886681098
74,2020,高端制造,0,31,29,23,14,40,137,477,4.927253685157205,28.721174004192875,0.42255170855313756,26.2748,0.6848,0.0596,0.1798,10,10,1,1,2,1.0986122886681098
74,2021,高端制造,0,39,27,24,18,34,142,411,4.962844630259907,34.54987834549878,0.44916915010481506,27.6155,0.1911,0.1109,0.4613,11,8,0,0,5,1.791759469228055
74,2022,高端制造,0,36,38,34,15,41,164,466,5.10594547390058,35.1931330472103,0.5160561196322729,27.7883,0.4303,0.0172,0.1567,12,10,0,1,9,2.302585092994046
75,2016,医药生物,1,31,34,30,13,35,143,409,4.969813299576001,34.96332518337408,0.44303918245240614,23.0321,0.2498,0.0035,-0.2182,3,11,1,0,7,2.0794415416798357
75,2017,医药生物,1,27,36,26,24,24,137,470,4.927253685157205,29.148936170212764,0.4411924595398011,23.8368,0.3439,0.0894,0.2344,4,9,0,1,6,1.9459101490553132
75,2018,医药生物,1,20,31,29,21,37,138,471,4.9344739331306915,29.29936305732484,0.4398780886871527,23.4488,0.4802,0.0617,-0.3577,5,9,1,0,0,0.0
75,2019,医药生物,1,28,36,31,20,43,158,490,5.0689042022202315,32.244897959183675,0.5031905137878305,24.1137,0.5169,0.067,-0.5244,6,10,0,0,1,0.6931471805599453
75,2020,医药生物,1,28,39,31,19,23,140,478,4.948759890378168,29.288702928870293,0.44391218857963305,23.5496,0.2412,0.085,0.3933,7,9,0,1,5,1.791759469228055
75,2021,医药生物,1,24,38,20,26,41,149,441,5.0106352940962555,33.78684807256236,0.4776264683539923,23.8731,0.517,-0.025,-0.0087,8,7,0,1,2,1.0986122886681098
75,2022,医药生物,1,27,45,25,14,40,151,475,5.0238805208462765,31.789473684210527,0.46333530694035063,24.9366,0.731,0.0585,-0.2867,9,10,1,1,4,1.6094379124341003
76,2016,批发零售,1,16,21,23,19,27,106,413,4.672828834461906,25.66585956416465,0.3325036847737804,19.0136,0.2938,0.0405,0.3305,20,13,1,0,1,0.6931471805599453
76,2017,批发零售,1,25,25,27,18,20,115,410,4.7535901911063645,28.04878048780488,0.36298831392529934,19.2378,0.5662,0.0575,0.199,21,6,0,0,3,1.3862943611198906
76,2018,批发零售,1,23,36,28,13,27,127,448,4.852030263919617,28.348214285714285,0.38882287736001553,19.8798,0.3055,0.0379,0.2944,22,5,0,0,2,1.0986122886681098
76,2019,批发零售,1,27,34,35,22,34,152,435,5.030437921392435,34.94252873563218,0.49099445299200295,20.5269,0.5229,0.0777,-0.1091,23,12,0,0,7,2.0794415416798357
76,2020,批发零售,1,22,37,34,26,38,157,506,5.062595033026967,31.027667984189723,0.5118152166066452,20.989,0.6567,0.0756,0.2476,24,9,0,1,4,1.6094379124341003
76,2021,批发零售,1,36,46,38,26,59,205,474,5.327876168789581,43.24894514767932,0.6671913330048396,21.7347,0.529,0.0376,0.7196,25,10,0,1,6,1.9459101490553132
76,2022,批发零售,1,49,41,42,30,44,206,551,5.332718793265369,37.38656987295826,0.6851651457295067,22.4746,0.5104,0.1588,0.0258,26,9,0,1,13,2.6390573296152584
77,2016,金融保险,1,20,21,17,10,23,91,430,4.5217885770490405,21.16279069767442,0.26499213662248,20.6188,0.4051,-0.0064,-0.0086,8,8,0,0,2,1.0986122886681098
77,2017,金融保险,1,27,26,17,14,19,103,409,4.6443908991413725,25.183374083129586,0.31115667226125826,21.6791,0.664,-0.0699,-0.3265,9,10,0,0,3,1.3862943611198906
77,2018,金融保险,1,32,28,23,21,31,135,427,4.912654885736052,31.61592505854801,0.4302138031008524,19.9435,0.2954,-0.0321,0.2403,10,9,1,0,3,1.3862943611198906
77,2019,金融保险,1,33,41,29,20,39,162,486,5.093750200806762,33.33333333333333,0.5146215528285055,23.5378,0.3712,0.1139,0.2369,11,11,0,1,6,1.9459101490553132
77,2020,金融保险,1,45,64,32,15,38,194,467,5.272999558563747,41.54175588865097,0.6056643244387239,23.3872,0.2791,0.0791,-0.0972,12,13,1,0,8,2.1972245773362196
77,2021,金融保险,1,29,43,38,17,35,162,480,5.093750200806762,33.75,0.5133373748936566,24.5369,0.5002,0.1289,0.0747,13,11,0,1,9,2.302585092994046
77,2022,金融保险,1,46,44,32,24,38,184,455,5.220355825078324,40.43956043956044,0.5962582806052685,22.934,0.6546,-0.0531,-0.2572,14,10,0,1,3,1.3862943611198906
78,2016,交通运输,0,20,17,22,10,30,99,358,4.605170185988092,27.6536312849162,0.29439907946451344,21.9374,0.5034,0.0004,0.5499,22,7,0,0,0,0.0
78,2017,交通运输,0,14,25,20,12,31,102,377,4.634728988229636,27.055702917771885,0.30302660464695497,21.594,0.6363,-0.0318,0.2643,23,8,0,0,3,1.3862943611198906
78,2018,交通运输,0,27,25,25,18,27,122,464,4.812184355372417,26.29310344827586,0.38421778952589514,23.453,0.523,0.0163,-0.0794,24,8,0,0,2,1.0986122886681098
78,2019,交通运输,0,34,38,24,18,43,157,495,5.062595033026967,31.717171717171716,0.4926414088923957,24.7263,0.4416,0.0104,0.1012,25,10,0,1,5,1.791759469228055
78,2020,交通运输,0,33,45,34,15,43,170,518,5.14166355650266,32.818532818532816,0.5326031295206062,24.7167,0.55,0.1045,-0.2416,26,8,1,1,5,1.791759469228055
78,2021,交通运输,0,44,47,37,18,32,178,493,5.187385805840755,36.105476673427994,0.567941314849428,24.8871,0.6538,0.0507,-0.2268,27,11,0,0,6,1.9459101490553132
78,2022,交通运输,0,38,49,31,25,50,193,477,5.267858159063328,40.461215932914044,0.6226764621214215,25.2435,0.668,0.09,0.4198,28,10,0,0,5,1.791759469228055
79,2016,能源材料,1,17,26,12,5,16,76,437,4.343805421853684,17.391304347826086,0.20291984733331958,21.8644,0.1311,0.058,0.3159,2,6,1,0,0,0.0
79,2017,能源材料,1,13,21,22,9,19,84,406,4.442651256490317,20.689655172413794,0.24254082574859592,21.423,0.2174,0.0927,-0.0381,3,11,0,0,5,1.791759469228055
79,2018,能源材料,1,25,21,13,10,28,97,363,4.584967478670572,26.72176308539945,0.28251800259093923,22.1231,0.339,0.0598,-0.0201,4,10,0,0,2,1.0986122886681098
79,2019,能源材料,1,14,39,17,14,27,111,444,4.718498871295094,25.0,0.3300787639264726,24.0362,0.3598,0.1193,-0.2607,5,11,1,0,4,1.6094379124341003
79,2020,能源材料,1,26,33,22,12,27,120,447,4.795790545596741,26.845637583892618,0.3623217610759476,23.1013,0.5708,0.0188,-0.2394,6,8,0,1,3,1.3862943611198906
79,2021,能源材料,1,35,36,21,14,29,135,443,4.912654885736052,30.474040632054177,0.4143829116565962,21.5205,0.0706,-0.0827,0.1951,7,9,0,0,2,1.0986122886681098
79,2022,能源材料,1,47,44,47,14,40,192,559,5.262690188904886,34.34704830053667,0.612404126898073,23.3966,0.2327,-0.042,0.1385,8,9,0,1,11,2.4849066497880004
80,2016,房地产,1,10,17,13,9,17,66,412,4.204692619390966,16.019417475728158,0.18001853326331543,23.4597,0.2493,0.073,0.1361,12,8,1,0,0,0.0
80,2017,房地产,1,8,10,10,7,10,45,397,3.828641396489095,11.335012594458437,0.10911158249849558,25.8487,0.3329,0.0576,0.2713,13,11,0,0,1,0.6931471805599453
80,2018,房地产,1,8,21,10,7,8,54,386,4.007333185232471,13.989637305699482,0.13497781066075473,26.4277,0.4055,0.049,0.0844,14,9,0,0,1,0.6931471805599453
80,2019,房地产,1,15,17,29,14,29,104,437,4.653960350157523,23.79862700228833,0.32120184889990033,27.5627,0.5246,0.0778,0.1771,15,9,0,0,4,1.6094379124341003
80,2020,房地产,1,20,37,26,13,30,126,471,4.844187086458591,26.751592356687897,0.38335028274306493,26.3272,0.165,0.0807,-0.084,16,11,1,0,3,1.3862943611198906
80,2021,房地产,1,33,37,20,12,31,133,494,4.897839799950911,26.923076923076923,0.40283159375643013,28.3332,0.7079,0.0275,-0.069,17,10,0,0,6,1.9459101490553132
80,2022,房地产,1,25,36,30,17,32,140,486,4.948759890378168,28.80658436213992,0.4393004027137569,26.4039,0.2315,0.0825,-0.1018,18,12,0,1,3,1.3862943611198906
81,2016,信息技术,0,20,25,13,5,20,83,401,4.430816798843313,20.698254364089774,0.22662183335209837,18.6331,0.5992,0.0353,0.4407,3,7,0,0,0,0.0
81,2017,信息技术,0,20,16,15,14,17,82,427,4.418840607796598,19.20374707259953,0.2441515431144888,20.0322,0.3573,0.0108,0.0227,4,6,1,0,2,1.0986122886681098
81,2018,信息技术,0,16,22,10,11,21,80,452,4.394449154672439,17.699115044247787,0.2263822688999324,22.0391,0.1665,0.065,-0.0235,5,9,0,0,1,0.6931471805599453
81,2019,信息技术,0,19,23,18,16,28,104,430,4.653960350157523,24.186046511627907,0.31743521730156965,21.3768,0.5875,0.1251,0.1807,6,8,1,0,0,0.0
81,2020,信息技术,0,25,28,22,17,28,120,419,4.795790545596741,28.639618138424822,0.37281530546834907,22.2661,0.6604,-0.0122,0.0794,7,8,0,1,3,1.3862943611198906
81,2021,信息技术,0,28,36,22,21,34,141,415,4.955827057601261,33.97590361445783,0.445615188780878,22.3434,0.5278,0.0001,0.2601,8,10,0,1,5,1.791759469228055
81,2022,信息技术,0,45,37,27,23,42,174,436,5.1647859739235145,39.908256880733944,0.5608440283759235,22.2016,0.738,0.0656,-0.1003,9,10,1,0,1,0.6931471805599453
82,2016,高端制造,0,27,29,19,11,33,119,409,4.787491742782046,29.095354523227385,0.35641390738796186,22.7923,0.779,0.0384,-0.5117,14,9,0,0,0,0.0
82,2017,高端制造,0,18,23,12,14,20,87,362,4.477336814478207,24.03314917127072,0.2558167787131699,23.5115,0.4924,0.0705,0.1296,15,10,0,0,1,0.6931471805599453
82,2018,高端制造,0,26,22,23,8,31,110,392,4.709530201312334,28.061224489795915,0.32626872744086977,23.4734,0.2378,0.1075,0.1654,16,9,1,0,3,1.3862943611198906
82,2019,高端制造,0,25,42,33,18,37,155,485,5.049856007249537,31.958762886597935,0.48909925703965684,24.0464,0.2564,-0.0281,0.3925,17,11,0,1,5,1.791759469228055
82,2020,高端制造,0,43,36,26,19,37,161,509,5.087596335232384,31.630648330058943,0.5112547664542006,23.0569,0.2229,-0.0811,-0.1705,18,11,0,1,4,1.6094379124341003
82,2021,高端制造,0,43,44,26,26,53,192,523,5.262690188904886,36.7112810707457,0.620546707069111,23.8896,0.05,-0.0114,-0.0868,19,11,1,0,4,1.6094379124341003
82,2022,高端制造,0,38,31,34,26,40,169,481,5.135798437050262,35.13513513513514,0.5550675800032842,23.1606,0.3012,0.0779,0.3037,20,8,0,1,2,1.0986122886681098
83,2016,医药生物,1,18,19,18,11,21,87,366,4.477336814478207,23.770491803278688,0.2549206365311484,18.9596,0.4662,0.1003,-0.0189,5,6,0,0,4,1.6094379124341003
83,2017,医药生物,1,21,21,23,11,22,98,371,4.59511985013459,26.41509433962264,0.2931971569929461,22.0489,0.4805,0.0265,-0.0933,6,10,0,0,0,0.0
83,2018,医药生物,1,28,16,24,18,29,115,452,4.7535901911063645,25.442477876106196,0.36379344988308066,21.0501,0.7263,0.1284,-0.0883,7,5,0,0,3,1.3862943611198906
83,2019,医药生物,1,30,32,30,19,31,142,415,4.962844630259907,34.21686746987952,0.4516348208190945,20.4179,0.1947,-0.0126,0.2089,8,10,0,1,2,1.0986122886681098
83,2020,医药生物,1,45,44,41,24,35,189,535,5.247024072160486,35.32710280373832,0.6177159365290577,21.6832,0.498,-0.0527,0.2036,9,9,1,0,3,1.3862943611198906
83,2021,医药生物,1,22,41,41,27,50,181,505,5.204006687076795,35.84158415841584,0.5930567357666066,21.6874,0.4582,0.0709,0.0951,10,10,0,1,4,1.6094379124341003
83,2022,医药生物,1,45,55,33,35,43,211,496,5.356586274672012,42.54032258064516,0.7003880623897033,21.4408,0.412,0.1272,-0.0004,11,5,0,1,3,1.3862943611198906
84,2016,批发零售,0,18,17,21,11,38,105,467,4.663439094112067,22.483940042826553,0.314039110020421,20.4529,0.5722,-0.0329,0.1791,5,9,0,0,0,0.0
84,2017,批发零售,0,19,24,23,12,33,111,439,4.718498871295094,25.28473804100228,0.3348678099304423,20.839,0.4516,-0.0597,-0.1255,6,8,1,1,2,1.0986122886681098
84,2018,批发零售,0,28,39,28,19,39,153,441,5.0369526024136295,34.69387755102041,0.4828563340294793,21.8765,0.591,0.002,-0.2645,7,8,0,1,3,1.3862943611198906
84,2019,批发零售,0,34,44,26,21,45,170,521,5.14166355650266,32.629558541266796,0.539329930024417,21.8,0.2396,0.0182,0.5766,8,9,1,1,2,1.0986122886681098
84,2020,批发零售,0,33,37,34,22,45,171,432,5.147494476813453,39.58333333333333,0.5510280228349811,22.8916,0.4527,0.0545,0.1004,9,10,1,1,4,1.6094379124341003
84,2021,批发零售,0,29,36,37,21,48,171,436,5.147494476813453,39.22018348623853,0.5502883686650626,25.3728,0.8526,0.018,0.1046,10,9,0,0,7,2.0794415416798357
84,2022,批发零售,0,47,51,31,28,46,203,505,5.318119993844216,40.1980198019802,0.6618072080851075,23.8467,0.5997,-0.025,-0.1379,11,6,0,1,5,1.791759469228055
85,2016,金融保险,0,17,20,17,11,19,84,374,4.442651256490317,22.459893048128343,0.24432859506945792,23.2646,0.5206,0.1215,-0.0062,7,8,0,0,1,0.6931471805599453
85,2017,金融保险,0,25,29,25,19,26,124,475,4.8283137373023015,26.105263157894736,0.39102675887390637,21.8293,0.4751,0.0575,0.1125,8,11,0,1,4,1.6094379124341003
85,2018,金融保险,0,27,40,20,13,35,135,458,4.912654885736052,29.475982532751093,0.4088359403263667,23.9265,0.7337,0.037,0.5865,9,11,0,1,3,1.3862943611198906
85,2019,金融保险,0,28,38,29,26,42,163,473,5.099866427824199,34.46088794926004,0.5287101799193746,23.0625,0.509,0.0642,-0.0276,10,10,0,1,1,0.6931471805599453
85,2020,金融保险,0,22,30,29,21,49,151,491,5.0238805208462765,30.75356415478615,0.48155210533147075,24.9426,0.4484,0.047,-0.2426,11,9,1,1,4,1.6094379124341003
85,2021,金融保险,0,41,35,29,12,26,143,411,4.969813299576001,34.79318734793188,0.44279916607661907,23.86,0.1766,0.0462,0.1872,12,10,0,1,1,0.6931471805599453
85,2022,金融保险,0,41,45,41,26,42,195,484,5.278114659230517,40.289256198347104,0.6392052290169016,23.7862,0.4578,0.0491,0.425,13,7,0,0,4,1.6094379124341003
86,2016,交通运输,0,15,7,2,11,11,46,356,3.8501476017100584,12.921348314606742,0.11713027265201471,21.9385,0.4067,0.0615,0.1964,21,13,0,0,0,0.0
86,2017,交通运输,0,10,8,7,8,8,41,384,3.7376696182833684,10.677083333333332,0.09741575309256842,23.5693,0.5015,0.0757,0.0549,22,10,1,0,2,1.0986122886681098
86,2018,交通运输,0,9,14,5,6,16,50,380,3.9318256327243257,13.157894736842104,0.11897111449075323,22.2526,0.4977,0.0888,-0.4724,23,7,0,0,0,0.0
86,2019,交通运输,0,10,7,10,9,18,54,323,4.007333185232471,16.718266253869967,0.14249073820577915,22.7439,0.2697,0.1147,0.1284,24,9,0,0,0,0.0
86,2020,交通运输,0,11,13,11,9,12,56,373,4.04305126783455,15.013404825737265,0.14836023162677583,22.7973,0.2082,0.0642,-0.2287,25,11,1,0,0,0.0
86,2021,交通运输,0,15,13,16,7,14,65,385,4.189654742026425,16.883116883116884,0.17719542060345447,23.67,0.7925,0.1474,-0.0905,26,10,1,0,1,0.6931471805599453
86,2022,交通运输,0,16,35,25,8,23,107,436,4.68213122712422,24.541284403669724,0.31265292438242215,23.4378,0.3909,0.0685,0.051,27,9,0,0,0,0.0
87,2016,能源材料,0,12,5,11,10,13,51,343,3.9512437185814275,14.868804664723031,0.13659748697073065,19.6003,0.4112,0.1278,0.187,18,7,0,0,0,0.0
87,2017,能源材料,0,12,14,14,10,11,61,347,4.127134385045092,17.579250720461097,0.16805249085309248,18.1302,0.2746,-0.0622,0.1357,19,9,0,0,2,1.0986122886681098
87,2018,能源材料,0,11,14,12,8,16,61,401,4.127134385045092,15.211970074812967,0.16261752245361372,18.2782,0.4742,0.0063,-0.0371,20,8,1,0,0,0.0
87,2019,能源材料,0,23,17,22,10,15,87,434,4.477336814478207,20.046082949308754,0.2573854927798483,19.8358,0.5464,-0.0004,-0.3694,21,8,0,1,1,0.6931471805599453
87,2020,能源材料,0,17,19,20,13,27,96,418,4.574710978503383,22.966507177033492,0.2881801351381982,21.6654,0.4768,0.0632,0.0769,22,9,0,0,2,1.0986122886681098
87,2021,能源材料,0,17,23,16,13,19,88,366,4.48863636973214,24.043715846994534,0.25943663540110246,20.6958,0.502,-0.0251,0.1967,23,8,1,0,3,1.3862943611198906
87,2022,能源材料,0,20,26,17,6,33,102,384,4.634728988229636,26.5625,0.290803455422851,21.1793,0.3742,-0.0398,-0.0165,24,9,0,0,3,1.3862943611198906
88,2016,房地产,0,24,22,21,13,14,94,408,4.553876891600541,23.03921568627451,0.2836730311936601,18.0616,0.1858,-0.0303,0.6265,18,9,0,1,0,0.0
88,2017,房地产,0,35,43,22,25,36,161,482,5.087596335232384,33.40248962655601,0.5165205297745157,19.8491,0.1833,0.0102,0.001,19,9,0,0,3,1.3862943611198906
88,2018,房地产,0,30,53,23,21,34,161,506,5.087596335232384,31.818181818181817,0.5059475229005715,20.2587,0.2507,0.1356,0.7017,20,11,0,0,3,1.3862943611198906
88,2019,房地产,0,45,43,43,24,58,213,529,5.365976015021851,40.26465028355388,0.6948389810930776,21.4549,0.7251,0.0315,-0.0244,21,9,0,1,3,1.3862943611198906
88,2020,房地产,0,36,41,34,24,35,170,415,5.14166355650266,40.963855421686745,0.5516027395177109,20.9604,0.3568,0.0875,0.1973,22,9,0,1,4,1.6094379124341003
88,2021,房地产,0,34,30,34,14,39,151,488,5.0238805208462765,30.942622950819672,0.4744801252250257,21.6639,0.6515,-0.0363,-0.1685,23,9,0,0,2,1.0986122886681098
88,2022,房地产,0,20,30,32,12,37,131,423,4.882801922586371,30.969267139479907,0.40272335171123863,22.9303,0.6317,0.1031,0.0224,24,10,1,0,5,1.791759469228055
89,2016,信息技术,0,18,22,18,7,22,87,357,4.477336814478207,24.369747899159663,0.24654473272327698,21.7891,0.2755,-0.0226,0.1613,7,12,0,0,4,1.6094379124341003
89,2017,信息技术,0,16,12,23,12,25,88,339,4.48863636973214,25.958702064896755,0.26437103925061034,21.7044,0.6892,0.0501,0.1989,8,9,0,0,1,0.6931471805599453
89,2018,信息技术,0,15,26,20,7,25,93,424,4.543294782270004,21.933962264150946,0.2650930898027282,20.5247,0.5417,-0.0631,0.3107,9,11,0,0,0,0.0
89,2019,信息技术,0,20,18,27,10,31,106,393,4.672828834461906,26.97201017811705,0.31953311492001485,21.5586,0.2621,0.0782,0.0237,10,9,1,1,4,1.6094379124341003
89,2020,信息技术,0,25,25,23,16,38,127,441,4.852030263919617,28.798185941043087,0.39426948910576576,21.4888,0.5615,0.0637,-0.0431,11,13,0,0,1,0.6931471805599453
89,2021,信息技术,0,31,34,23,24,34,146,411,4.990432586778736,35.523114355231144,0.4690204657444539,23.6831,0.3548,0.0994,-0.2835,12,8,0,1,10,2.3978952727983707
89,2022,信息技术,0,45,41,24,28,45,183,514,5.214935757608986,35.60311284046693,0.5959204730462214,22.3555,0.3796,0.0892,-0.377,13,10,1,0,1,0.6931471805599453
90,2016,高端制造,1,30,28,21,22,46,147,487,4.997212273764115,30.184804928131413,0.468083225058588,23.8516,0.3765,0.0236,0.0969,16,9,0,1,1,0.6931471805599453
90,2017,高端制造,1,37,38,29,13,37,154,453,5.043425116919247,33.99558498896248,0.47765748595928226,22.5742,0.2743,-0.0125,0.5688,17,10,0,0,4,1.6094379124341003
90,2018,高端制造,1,37,46,36,18,56,193,469,5.267858159063328,41.15138592750533,0.6129332529044637,23.4897,0.078,0.0105,0.3355,18,9,1,1,1,0.6931471805599453
90,2019,高端制造,1,42,55,31,14,47,189,535,5.247024072160486,35.32710280373832,0.588582792486352,24.0872,0.7029,-0.0315,0.4091,19,9,0,1,7,2.0794415416798357
90,2020,高端制造,1,45,54,38,31,41,209,503,5.3471075307174685,41.5506958250497,0.6899310439125889,23.7368,0.1591,0.0463,-0.268,20,7,1,1,5,1.791759469228055
90,2021,高端制造,1,50,57,37,21,41,206,512,5.332718793265369,40.234375,0.6611799193878981,24.8279,0.2853,0.0603,0.2212,21,11,0,0,7,2.0794415416798357
90,2022,高端制造,1,35,52,35,23,44,189,510,5.247024072160486,37.05882352941177,0.6074377468132383,23.1475,0.5164,0.0528,0.0442,22,11,0,0,2,1.0986122886681098
91,2016,医药生物,0,13,15,15,5,21,69,390,4.248495242049359,17.692307692307693,0.18431211688297347,25.2942,0.6443,-0.0068,-0.3472,7,9,0,0,1,0.6931471805599453
91,2017,医药生物,0,22,34,16,12,15,99,361,4.605170185988092,27.42382271468144,0.2909619182404041,25.037,0.3453,0.0182,-0.1116,8,9,0,0,1,0.6931471805599453
91,2018,医药生物,0,20,26,12,13,22,93,396,4.543294782270004,23.484848484848484,0.27262451308461366,27.0872,0.2945,-0.0077,-0.236,9,6,0,1,2,1.0986122886681098
91,2019,医药生物,0,19,33,18,12,30,112,477,4.727387818712341,23.48008385744235,0.33267601721315326,26.8089,0.8051,0.1112,0.176,10,8,0,0,2,1.0986122886681098
91,2020,医药生物,0,32,28,31,15,31,137,451,4.927253685157205,30.376940133037696,0.43026679520266653,26.9142,0.6419,0.138,0.3505,11,14,0,0,3,1.3862943611198906
91,2021,医药生物,0,30,33,23,15,29,130,462,4.875197323201151,28.13852813852814,0.40127878691728885,25.6744,0.95,0.0946,-0.1905,12,7,0,1,3,1.3862943611198906
91,2022,医药生物,0,31,37,27,30,37,162,499,5.093750200806762,32.46492985971944,0.5329328334409478,27.0008,0.5649,0.1436,-0.0747,13,10,1,1,4,1.6094379124341003
92,2016,批发零售,0,17,28,22,13,24,104,379,4.653960350157523,27.440633245382585,0.31267408441336697,19.8698,0.3657,-0.0096,-0.0794,16,11,0,0,2,1.0986122886681098
92,2017,批发零售,0,36,28,32,12,35,143,434,4.969813299576001,32.94930875576037,0.44507643379955414,20.9569,0.4306,0.1127,0.3054,17,9,0,0,5,1.791759469228055
92,2018,批发零售,0,29,45,25,21,40,160,409,5.081404364984463,39.119804400978,0.5056668051996774,20.796,0.4467,0.0203,-0.214,18,9,0,1,0,0.0
92,2019,批发零售,0,43,52,32,36,48,211,529,5.356586274672012,39.88657844990548,0.7018097194200875,21.7185,0.2652,-0.0044,0.2131,19,7,1,1,5,1.791759469228055
92,2020,批发零售,0,36,47,43,30,52,208,517,5.342334251964811,40.232108317214696,0.6874315882824591,23.7791,0.5654,0.0013,0.3308,20,7,0,1,4,1.6094379124341003
92,2021,批发零售,0,52,43,47,29,54,225,545,5.420534999272286,41.284403669724774,0.7467067514936685,24.1638,0.5121,0.0626,0.0943,21,10,0,1,10,2.3978952727983707
92,2022,批发零售,0,50,63,41,29,59,242,596,5.493061443340548,40.604026845637584,0.7912446625390165,24.7118,0.5213,0.1185,0.1424,22,10,1,0,13,2.6390573296152584
93,2016,金融保险,0,20,27,28,16,22,113,456,4.736198448394496,24.780701754385966,0.3517669795790613,20.1,0.196,0.0943,-0.074,22,11,1,0,2,1.0986122886681098
93,2017,金融保险,0,22,29,18,17,30,116,419,4.762173934797756,27.684964200477324,0.35656940738813997,20.1695,0.5333,0.0508,0.2773,23,9,1,0,1,0.6931471805599453
93,2018,金融保险,0,21,36,18,18,23,116,448,4.762173934797756,25.892857142857146,0.3566636650289421,21.2382,0.2778,0.0989,-0.237,24,10,0,0,3,1.3862943611198906
93,2019,金融保险,0,32,28,31,23,40,154,494,5.043425116919247,31.17408906882591,0.49919937862509406,21.8065,0.5254,0.027,0.0688,25,8,0,0,3,1.3862943611198906
93,2020,金融保险,0,32,36,33,15,33,149,482,5.0106352940962555,30.91286307053942,0.4675807878094268,21.8963,0.3977,0.0396,-0.2081,26,10,0,0,4,1.6094379124341003
93,2021,金融保险,0,29,23,28,17,45,142,462,4.962844630259907,30.735930735930733,0.4482232353633437,21.5552,0.5651,0.0513,-0.0146,27,9,0,1,6,1.9459101490553132
93,2022,金融保险,0,37,36,35,28,48,184,467,5.220355825078324,39.400428265524624,0.6054323683767577,21.8265,0.3019,0.1277,0.3188,28,7,0,1,2,1.0986122886681098
94,2016,交通运输,0,21,17,21,13,19,91,376,4.5217885770490405,24.20212765957447,0.274578633246815,22.4267,0.113,-0.0392,0.1795,17,10,0,0,2,1.0986122886681098
94,2017,交通运输,0,32,34,14,15,16,111,382,4.718498871295094,29.05759162303665,0.3357703909269206,24.9289,0.4417,0.0011,0.2548,18,12,1,1,1,0.6931471805599453
94,2018,交通运输,0,21,24,20,25,36,126,435,4.844187086458591,28.965517241379313,0.4056539776216649,24.0226,0.05,0.0659,0.2222,19,11,0,0,5,1.791759469228055
94,2019,交通运输,0,21,44,17,25,27,134,476,4.90527477843843,28.15126050420168,0.42435768777425525,25.183,0.3795,0.043,0.5873,20,9,1,0,1,0.6931471805599453
94,2020,交通运输,0,27,40,36,20,36,159,452,5.075173815233827,35.176991150442475,0.5084998929790345,25.2986,0.2669,0.0251,0.3503,21,8,0,1,3,1.3862943611198906
94,2021,交通运输,0,31,43,30,23,36,163,446,5.099866427824199,36.54708520179372,0.523245521597803,26.2055,0.4441,0.0743,-0.0503,22,10,1,1,6,1.9459101490553132
94,2022,交通运输,0,50,41,46,29,53,219,492,5.393627546352362,44.51219512195122,0.7270853929835488,27.0759,0.2545,0.043,0.0525,23,8,1,1,7,2.0794415416798357
95,2016,能源材料,1,13,14,18,12,16,73,385,4.30406509320417,18.961038961038962,0.21260001447597848,19.8478,0.5509,0.1366,-0.2647,10,8,1,0,2,1.0986122886681098
95,2017,能源材料,1,21,17,8,14,14,74,400,4.31748811353631,18.5,0.21434953582011132,19.2735,0.1876,0.1109,0.3121,11,11,0,0,0,0.0
95,2018,能源材料,1,22,31,23,12,22,110,462,4.709530201312334,23.809523809523807,0.33091734421861513,20.4567,0.6221,0.1031,-0.1235,12,8,0,0,5,1.791759469228055
95,2019,能源材料,1,29,33,40,26,31,159,497,5.075173815233827,31.991951710261567,0.5247942934808725,21.1113,0.3951,0.0999,0.1733,13,10,0,0,6,1.9459101490553132
95,2020,能源材料,1,29,35,31,15,46,156,472,5.056245805348308,33.05084745762712,0.4877482798556591,21.6452,0.5319,-0.0165,-0.4937,14,11,1,1,5,1.791759469228055
95,2021,能源材料,1,37,43,28,16,46,170,460,5.14166355650266,36.95652173913043,0.532026915356954,21.2586,0.1378,0.0804,-0.2382,15,9,0,1,7,2.0794415416798357
95,2022,能源材料,1,49,38,30,26,51,194,545,5.272999558563747,35.59633027522936,0.6323911776113358,21.6757,0.5761,0.0452,-0.1546,16,8,0,1,3,1.3862943611198906
96,2016,房地产,1,10,18,11,6,11,56,327,4.04305126783455,17.12538226299694,0.14120268709511097,22.426,0.5127,0.0222,0.1487,8,11,0,0,2,1.0986122886681098
96,2017,房地产,1,12,13,10,6,7,48,356,3.8918202981106265,13.48314606741573,0.11698762116913419,21.9401,0.6265,0.059,0.1922,9,7,1,0,3,1.3862943611198906
96,2018,房地产,1,17,18,6,12,17,70,386,4.2626798770413155,18.134715025906736,0.19532244176017452,22.3269,0.8822,0.1592,0.0629,10,14,0,0,1,0.6931471805599453
96,2019,房地产,1,25,20,26,10,24,105,414,4.663439094112067,25.36231884057971,0.3165580292912321,23.0649,0.4676,-0.0065,0.1915,11,10,1,0,0,0.0
96,2020,房地产,1,32,19,15,14,24,104,386,4.653960350157523,26.94300518134715,0.3158391379735209,22.2342,0.2841,0.001,0.2308,12,9,0,0,1,0.6931471805599453
96,2021,房地产,1,23,21,24,16,23,107,393,4.68213122712422,27.2264631043257,0.3323413769438963,22.0207,0.5154,0.1332,0.5028,13,8,1,0,0,0.0
96,2022,房地产,1,16,12,16,9,27,80,349,4.394449154672439,22.922636103151863,0.22876040938705333,23.4681,0.3193,-0.0546,0.085,14,11,1,0,1,0.6931471805599453
97,2016,信息技术,0,20,21,12,12,18,83,384,4.430816798843313,21.614583333333336,0.24033519650208443,21.4255,0.4626,0.1238,0.557,14,10,0,1,1,0.6931471805599453
97,2017,信息技术,0,13,19,6,12,17,67,382,4.219507705176107,17.539267015706805,0.18462176107455522,20.066,0.2366,0.0166,0.2675,15,7,1,0,0,0.0
97,2018,信息技术,0,14,13,17,13,20,77,388,4.356708826689592,19.84536082474227,0.22693933618557827,21.8776,0.3226,0.0798,0.3512,16,6,0,0,1,0.6931471805599453
97,2019,信息技术,0,27,22,19,12,27,107,425,4.68213122712422,25.176470588235293,0.3221273413706534,21.6438,0.3411,-0.0013,0.0393,17,5,0,0,2,1.0986122886681098
97,2020,信息技术,0,24,27,24,17,36,128,383,4.859812404361672,33.420365535248045,0.3993000972380377,22.9039,0.1814,0.1272,0.0881,18,9,1,1,4,1.6094379124341003
97,2021,信息技术,0,17,16,13,6,18,70,353,4.2626798770413155,19.8300283286119,0.1888640199089574,23.7038,0.4633,-0.0173,-0.1864,19,9,1,0,1,0.6931471805599453
97,2022,信息技术,0,25,27,22,22,24,120,462,4.795790545596741,25.97402597402597,0.3826669293287158,22.5305,0.5215,0.1647,0.0935,20,6,1,0,2,1.0986122886681098
98,2016,高端制造,1,14,10,11,6,17,58,417,4.07753744390572,13.908872901678656,0.1503283043191688,20.9325,0.2323,-0.0265,-0.0335,6,10,0,1,0,0.0
98,2017,高端制造,1,13,16,22,11,21,83,394,4.430816798843313,21.065989847715734,0.24436684304618703,20.3116,0.3637,-0.102,0.1621,7,10,0,0,1,0.6931471805599453
98,2018,高端制造,1,13,28,22,14,27,104,411,4.653960350157523,25.304136253041364,0.3135700020148686,22.1502,0.5186,0.1102,-0.3724,8,13,1,0,1,0.6931471805599453
98,2019,高端制造,1,25,23,28,16,25,117,469,4.770684624465665,24.946695095948826,0.3665482877733398,22.2488,0.7505,0.1156,0.1021,9,8,0,0,1,0.6931471805599453
98,2020,高端制造,1,18,38,25,14,32,127,397,4.852030263919617,31.98992443324937,0.38702146421625333,23.2309,0.5785,-0.0294,0.3603,10,9,0,0,2,1.0986122886681098
98,2021,高端制造,1,27,28,33,11,30,129,420,4.867534450455582,30.714285714285715,0.3974149886954478,21.5917,0.05,0.0078,0.0417,11,8,1,0,5,1.791759469228055
98,2022,高端制造,1,29,24,20,16,25,114,409,4.74493212836325,27.87286063569682,0.35259894845852946,23.6525,0.5254,0.1279,0.2464,12,8,0,0,3,1.3862943611198906
99,2016,医药生物,0,32,28,16,13,31,120,458,4.795790545596741,26.200873362445414,0.3629347294461159,22.4086,0.5459,0.0855,-0.024,20,11,0,1,4,1.6094379124341003
99,2017,医药生物,0,26,28,19,11,30,114,436,4.74493212836325,26.146788990825687,0.34063733818311565,24.0504,0.2958,0.0223,0.4216,21,10,1,0,1,0.6931471805599453
99,2018,医药生物,0,35,20,19,13,22,109,392,4.700480365792417,27.806122448979593,0.33285884044403863,23.4928,0.149,-0.0322,0.168,22,11,0,1,0,0.0
99,2019,医药生物,0,40,41,38,23,40,182,512,5.209486152841421,35.546875,0.5911462633494919,23.1572,0.4237,-0.0465,0.0769,23,14,0,1,1,0.6931471805599453
99,2020,医药生物,0,39,38,27,21,33,158,437,5.0689042022202315,36.15560640732266,0.5048434299597526,23.3292,0.2003,0.037,0.0517,24,10,1,1,4,1.6094379124341003
99,2021,医药生物,0,35,56,29,27,41,188,501,5.241747015059643,37.5249500998004,0.6071104439507893,24.7817,0.05,0.0278,0.0012,25,11,1,1,9,2.302585092994046
99,2022,医药生物,0,43,39,28,21,48,179,455,5.19295685089021,39.34065934065934,0.5724364166164456,24.5491,0.5368,0.1201,-0.0355,26,10,0,0,5,1.791759469228055
100,2016,批发零售,0,21,33,17,12,25,108,456,4.6913478822291435,23.684210526315788,0.3199320726562827,22.4125,0.4538,-0.0269,-0.4362,20,9,0,0,0,0.0
100,2017,批发零售,0,21,28,24,16,27,116,432,4.762173934797756,26.851851851851855,0.35859216486190126,23.5169,0.5677,0.0344,-0.0477,21,9,0,1,4,1.6094379124341003
100,2018,批发零售,0,22,32,20,21,31,126,457,4.844187086458591,27.571115973741794,0.39641133295467806,22.8297,0.4595,0.0293,-0.0275,22,7,1,0,3,1.3862943611198906
100,2019,批发零售,0,30,44,30,24,40,168,497,5.1298987149230735,33.80281690140845,0.5404327299567286,21.4659,0.4191,0.0113,-0.2579,23,12,0,1,4,1.6094379124341003
100,2020,批发零售,0,41,39,41,24,35,180,479,5.198497031265826,37.578288100208766,0.5894713432991577,23.823,0.3015,0.0646,-0.1891,24,7,0,0,8,2.1972245773362196
100,2021,批发零售,0,37,34,43,29,48,191,464,5.2574953720277815,41.16379310344828,0.6351565548349721,24.9801,0.6976,0.0237,0.4031,25,9,0,1,9,2.302585092994046
100,2022,批发零售,0,46,48,34,37,47,212,556,5.3612921657094255,38.1294964028777,0.7098821357249381,24.5675,0.4696,-0.0189,0.0941,26,8,0,0,8,2.1972245773362196
101,2016,金融保险,0,10,5,12,9,12,48,403,3.8918202981106265,11.910669975186105,0.12537443056305053,23.1731,0.3478,-0.0121,-0.2995,12,7,0,0,1,0.6931471805599453
101,2017,金融保险,0,12,9,13,8,12,54,345,4.007333185232471,15.65217391304348,0.1426207877123512,20.687,0.2936,0.0046,-0.3769,13,9,0,0,1,0.6931471805599453
101,2018,金融保险,0,8,16,9,4,8,45,353,3.828641396489095,12.747875354107649,0.10132313531110099,23.5668,0.4085,0.0742,-0.1646,14,11,0,0,0,0.0
101,2019,金融保险,0,16,22,16,14,20,88,406,4.48863636973214,21.67487684729064,0.26132945565855165,23.1827,0.2379,0.0038,-0.1217,15,9,0,0,2,1.0986122886681098
101,2020,金融保险,0,22,22,21,20,16,101,391,4.624972813284271,25.831202046035806,0.3186774748455762,21.0184,0.2218,0.0128,0.245,16,8,1,0,2,1.0986122886681098
101,2021,金融保险,0,29,15,15,6,19,84,422,4.442651256490317,19.90521327014218,0.23758733627716733,23.3396,0.4232,0.0411,0.0938,17,7,1,1,2,1.0986122886681098
101,2022,金融保险,0,26,31,35,18,33,143,493,4.969813299576001,29.006085192697768,0.4553708586101791,23.621,0.4809,-0.0092,-0.0779,18,6,1,0,4,1.6094379124341003
102,2016,交通运输,1,15,22,12,15,14,78,407,4.3694478524670215,19.164619164619165,0.2288556256578925,24.3242,0.6263,-0.0243,-0.061,13,5,0,0,1,0.6931471805599453
102,2017,交通运输,1,10,11,16,11,7,55,371,4.02535169073515,14.824797843665769,0.15257164269152415,23.5151,0.5723,0.0256,0.208,14,9,0,0,1,0.6931471805599453
102,2018,交通运输,1,9,8,8,4,10,39,323,3.6888794541139363,12.074303405572756,0.08382278109233327,25.6717,0.2603,0.1339,-0.3325,15,9,0,0,2,1.0986122886681098
102,2019,交通运输,1,20,25,20,18,19,102,420,4.634728988229636,24.285714285714285,0.31612293354463133,25.5316,0.2882,0.0892,-0.0733,16,11,0,0,1,0.6931471805599453
102,2020,交通运输,1,17,31,19,20,29,116,395,4.762173934797756,29.367088607594937,0.3612724880774431,25.5668,0.5115,-0.0031,0.1419,17,11,0,1,1,0.6931471805599453
102,2021,交通运输,1,26,34,26,19,30,135,469,4.912654885736052,28.78464818763326,0.4254603243821327,23.6624,0.4982,-0.0008,0.6798,18,11,1,1,1,0.6931471805599453
102,2022,交通运输,1,29,38,31,19,36,153,498,5.0369526024136295,30.72289156626506,0.4853288444476622,26.088,0.4032,-0.0548,0.4148,19,14,1,1,3,1.3862943611198906
103,2016,能源材料,0,18,29,11,13,14,85,355,4.454347296253507,23.943661971830984,0.24558144143683436,23.1181,0.5229,0.0164,0.2978,7,9,0,0,0,0.0
103,2017,能源材料,0,17,14,14,14,17,76,372,4.343805421853684,20.43010752688172,0.2242728238280803,23.6272,0.3241,-0.0007,-0.5373,8,9,1,1,2,1.0986122886681098
103,2018,能源材料,0,15,22,12,14,18,81,409,4.406719247264253,19.80440097799511,0.23637668220461824,24.0869,0.4559,0.089,0.1616,9,8,0,0,4,1.6094379124341003
103,2019,能源材料,0,33,31,31,15,38,148,419,5.003946305945459,35.32219570405728,0.46448655826011687,23.481,0.8518,-0.0099,-0.107,10,11,0,0,1,0.6931471805599453
103,2020,能源材料,0,26,25,31,16,33,131,447,4.882801922586371,29.30648769574944,0.41242961772606723,24.6407,0.3687,0.0803,0.4603,11,7,0,1,4,1.6094379124341003
103,2021,能源材料,0,31,28,25,11,24,119,390,4.787491742782046,30.512820512820515,0.3616488294498248,24.8174,0.05,0.046,0.1008,12,9,0,0,2,1.0986122886681098
103,2022,能源材料,0,31,26,34,18,38,147,482,4.997212273764115,30.49792531120332,0.4697135440266007,26.2824,0.5524,-0.0157,0.0836,13,10,0,1,2,1.0986122886681098
104,2016,房地产,1,19,19,10,9,20,77,359,4.356708826689592,21.448467966573816,0.21453167354334438,21.3691,0.241,0.0162,0.4414,14,6,0,0,0,0.0
104,2017,房地产,1,15,8,14,5,25,67,392,4.219507705176107,17.091836734693878,0.17943952611792433,22.6445,0.5575,-0.1287,0.2135,15,8,1,0,2,1.0986122886681098
104,2018,房地产,1,17,15,10,15,12,69,368,4.248495242049359,18.75,0.20127795153001207,23.0981,0.3948,0.1663,-0.2462,16,12,0,0,1,0.6931471805599453
104,2019,房地产,1,23,12,14,8,20,77,382,4.356708826689592,20.157068062827225,0.21786327065115985,23.7458,0.401,0.1675,0.3739,17,10,0,0,0,0.0
104,2020,房地产,1,16,23,20,10,25,94,368,4.553876891600541,25.543478260869566,0.27494979943135894,24.545,0.5205,0.0675,0.2615,18,11,0,0,2,1.0986122886681098
104,2021,房地产,1,12,14,7,10,15,58,406,4.07753744390572,14.285714285714285,0.1539619718651453,23.9637,0.277,0.0962,-0.1616,19,11,1,0,1,0.6931471805599453
104,2022,房地产,1,18,15,8,3,23,67,355,4.219507705176107,18.87323943661972,0.17080648611428392,24.7717,0.5666,0.1703,0.2116,20,6,0,1,2,1.0986122886681098
105,2016,信息技术,1,26,28,23,21,26,124,457,4.8283137373023015,27.13347921225383,0.394032775180715,21.9319,0.4624,-0.0042,0.813,6,9,1,0,2,1.0986122886681098
105,2017,信息技术,1,25,12,16,17,20,90,429,4.51085950651685,20.97902097902098,0.27796759953818717,22.8868,0.3084,0.1028,-0.4791,7,8,0,1,0,0.0
105,2018,信息技术,1,26,22,25,18,29,120,409,4.795790545596741,29.3398533007335,0.37833727822859364,21.5134,0.4812,0.0451,0.0549,8,9,0,1,1,0.6931471805599453
105,2019,信息技术,1,17,36,21,16,23,113,421,4.736198448394496,26.840855106888363,0.3443274125719025,22.729,0.5909,0.0127,0.3436,9,10,1,0,4,1.6094379124341003
105,2020,信息技术,1,24,29,37,17,33,140,407,4.948759890378168,34.3980343980344,0.4452608859615985,23.5935,0.3845,0.1148,0.2111,10,11,0,1,3,1.3862943611198906
105,2021,信息技术,1,26,34,24,20,50,154,480,5.043425116919247,32.083333333333336,0.4858861081503397,22.7555,0.599,0.0308,0.382,11,11,0,1,1,0.6931471805599453
105,2022,信息技术,1,29,22,20,18,28,117,432,4.770684624465665,27.083333333333332,0.36634572777938856,24.1059,0.5759,0.0354,0.2399,12,8,0,1,1,0.6931471805599453
106,2016,高端制造,1,22,25,25,11,25,108,466,4.6913478822291435,23.17596566523605,0.32537018018206343,21.1874,0.3373,0.1619,0.0234,15,8,0,1,4,1.6094379124341003
106,2017,高端制造,1,22,33,34,20,34,143,467,4.969813299576001,30.620985010706637,0.4570790531592385,20.7681,0.4875,0.1274,0.3133,16,10,0,0,3,1.3862943611198906
106,2018,高端制造,1,28,27,26,11,28,120,402,4.795790545596741,29.850746268656714,0.36491381630410447,19.9063,0.6713,-0.0279,0.0235,17,11,0,0,3,1.3862943611198906
106,2019,高端制造,1,28,51,21,25,37,162,499,5.093750200806762,32.46492985971944,0.5154058043700364,21.5528,0.5951,0.0717,0.1596,18,9,0,0,5,1.791759469228055
106,2020,高端制造,1,25,33,24,22,49,153,478,5.0369526024136295,32.00836820083682,0.48655548336331844,22.5074,0.5888,0.043,0.3249,19,9,0,1,3,1.3862943611198906
106,2021,高端制造,1,34,36,31,23,42,166,455,5.117993812416755,36.48351648351648,0.5357012065745566,22.5928,0.596,-0.1057,-0.1632,20,8,1,1,5,1.791759469228055
106,2022,高端制造,1,38,60,41,27,45,211,557,5.356586274672012,37.881508078994614,0.6873670945065213,22.0201,0.3537,0.0208,-0.2121,21,8,0,1,7,2.0794415416798357
107,2016,医药生物,0,14,12,13,9,9,57,369,4.060443010546419,15.447154471544716,0.15383282624372646,20.8887,0.5256,0.0199,-0.0382,21,8,0,0,1,0.6931471805599453
107,2017,医药生物,0,12,12,7,12,7,50,392,3.9318256327243257,12.755102040816327,0.13307188792360022,19.1951,0.6226,0.0245,0.0465,22,12,0,0,2,1.0986122886681098
107,2018,医药生物,0,21,19,16,8,14,78,390,4.3694478524670215,20.0,0.22025049877001907,21.2995,0.4878,-0.016,-0.0105,23,8,1,0,4,1.6094379124341003
107,2019,医药生物,0,19,16,9,13,16,73,415,4.30406509320417,17.59036144578313,0.20964891124176738,22.2513,0.4453,0.0638,0.2529,24,9,0,1,3,1.3862943611198906
107,2020,医药生物,0,21,17,17,16,16,87,409,4.477336814478207,21.271393643031786,0.2651057199425249,22.935,0.7326,0.0767,0.1862,25,11,0,0,3,1.3862943611198906
107,2021,医药生物,0,19,24,15,15,31,104,446,4.653960350157523,23.318385650224215,0.3132947069530183,22.3565,0.1413,0.0779,0.1955,26,10,0,0,2,1.0986122886681098
107,2022,医药生物,0,22,17,25,11,33,108,408,4.6913478822291435,26.47058823529412,0.32716874279871044,22.0892,0.4561,-0.068,0.2978,27,12,1,0,1,0.6931471805599453
108,2016,批发零售,0,24,25,24,14,38,125,453,4.836281906951478,27.593818984547465,0.38452723851884496,19.4485,0.0832,0.0511,0.3125,7,7,0,0,0,0.0
108,2017,批发零售,0,42,38,32,17,41,170,434,5.14166355650266,39.1705069124424,0.539016954000211,23.8451,0.5011,0.0266,0.1926,8,11,0,0,7,2.0794415416798357
108,2018,批发零售,0,43,38,25,24,30,160,436,5.081404364984463,36.69724770642202,0.5166196804772594,22.8842,0.598,0.0289,-0.1269,9,7,1,1,6,1.9459101490553132
108,2019,批发零售,0,33,58,50,23,46,210,542,5.351858133476067,38.74538745387454,0.6816506706459221,22.6366,0.6173,0.0329,0.1038,10,7,0,1,6,1.9459101490553132
108,2020,批发零售,0,24,31,43,20,54,172,507,5.153291594497779,33.92504930966469,0.5553297700931196,24.7786,0.7975,0.0184,-0.0289,11,8,0,1,8,2.1972245773362196
108,2021,批发零售,0,39,58,50,23,47,217,579,5.384495062789089,37.47841105354059,0.7052364755615488,23.7173,0.4432,0.0861,0.1241,12,11,0,1,7,2.0794415416798357
108,2022,批发零售,0,41,44,40,19,48,192,526,5.262690188904886,36.50190114068441,0.6158426640390614,23.9631,0.2263,0.0527,0.0545,13,8,0,1,11,2.4849066497880004
109,2016,金融保险,0,27,28,20,20,27,122,414,4.812184355372417,29.468599033816425,0.3840768344332781,23.384,0.5951,-0.053,0.3275,23,8,1,1,3,1.3862943611198906
109,2017,金融保险,0,22,23,20,16,22,103,377,4.6443908991413725,27.320954907161806,0.3163853800891841,23.2716,0.513,-0.0155,-0.0624,24,10,0,0,2,1.0986122886681098
109,2018,金融保险,0,24,26,20,21,27,118,455,4.77912349311153,25.934065934065938,0.3730845304607199,24.3108,0.6868,0.0501,0.0177,25,7,0,0,2,1.0986122886681098
109,2019,金融保险,0,29,35,20,14,25,123,395,4.820281565605037,31.139240506329113,0.3746144552074743,22.6582,0.3385,0.0552,0.1906,26,8,1,1,1,0.6931471805599453
109,2020,金融保险,0,32,41,37,23,32,165,471,5.111987788356544,35.03184713375796,0.5348942362650733,24.5004,0.5869,0.1011,-0.2204,27,9,0,1,5,1.791759469228055
109,2021,金融保险,0,25,33,29,16,35,138,402,4.9344739331306915,34.32835820895522,0.43108844838114935,24.1133,0.1189,0.012,0.4421,28,8,1,1,2,1.0986122886681098
109,2022,金融保险,0,46,25,16,26,41,154,471,5.043425116919247,32.696390658174096,0.49930132602028615,26.5842,0.3086,0.1001,0.1978,29,6,0,0,10,2.3978952727983707
110,2016,交通运输,0,16,19,22,11,11,79,409,4.382026634673881,19.315403422982886,0.23186924138930043,19.6695,0.3415,0.0403,-0.3286,8,9,0,0,2,1.0986122886681098
110,2017,交通运输,0,20,18,22,6,23,89,405,4.499809670330265,21.975308641975307,0.2549847587995273,20.3543,0.3492,0.0742,0.0965,9,9,0,0,3,1.3862943611198906
110,2018,交通运输,0,16,32,14,11,15,88,445,4.48863636973214,19.775280898876403,0.25197828405789585,18.5965,0.33,0.1236,0.0159,10,8,1,1,3,1.3862943611198906
110,2019,交通运输,0,34,26,25,18,41,144,478,4.976733742420574,30.125523012552303,0.4550682211576446,20.8766,0.2907,-0.095,0.1946,11,9,0,0,1,0.6931471805599453
110,2020,交通运输,0,37,21,31,16,32,137,440,4.927253685157205,31.136363636363633,0.43505270208033425,20.0764,0.0902,-0.0364,-0.3786,12,11,0,1,2,1.0986122886681098
110,2021,交通运输,0,30,33,40,22,37,162,441,5.093750200806762,36.734693877551024,0.5267966286839156,21.0762,0.4239,0.0835,-0.2077,13,9,1,0,4,1.6094379124341003
110,2022,交通运输,0,35,33,31,21,38,158,498,5.0689042022202315,31.72690763052209,0.5075918609097525,19.324,0.6002,-0.0245,-0.0672,14,12,0,1,2,1.0986122886681098
111,2016,能源材料,0,18,19,19,10,28,94,389,4.553876891600541,24.164524421593832,0.27570035918732244,23.9006,0.3234,0.0932,0.4447,23,13,0,0,1,0.6931471805599453
111,2017,能源材料,0,20,19,18,15,23,95,354,4.564348191467836,26.836158192090398,0.288327246919376,24.5741,0.6485,0.1097,0.4442,24,10,0,0,3,1.3862943611198906
111,2018,能源材料,0,30,27,14,8,29,108,390,4.6913478822291435,27.692307692307693,0.31390546946392583,22.2916,0.578,-0.0851,-0.1304,25,7,0,1,1,0.6931471805599453
111,2019,能源材料,0,30,42,29,17,32,150,495,5.017279836814924,30.303030303030305,0.4700628990390548,24.8419,0.1989,0.0171,0.0724,26,9,0,0,5,1.791759469228055
111,2020,能源材料,0,33,33,28,16,29,139,492,4.941642422609304,28.252032520325205,0.43563269723765025,23.9187,0.3316,-0.1046,0.6855,27,8,0,0,3,1.3862943611198906
111,2021,能源材料,0,24,32,19,12,25,112,431,4.727387818712341,25.986078886310903,0.33485108452661627,26.05,0.5752,0.1121,-0.1067,28,5,0,0,5,1.791759469228055
111,2022,能源材料,0,19,34,19,17,36,125,447,4.836281906951478,27.96420581655481,0.38367591828895553,27.3956,0.3709,0.1236,0.0945,29,10,0,1,2,1.0986122886681098
112,2016,房地产,0,7,12,8,8,8,43,354,3.784189633918261,12.146892655367232,0.10270544406257134,20.7925,0.5496,0.1076,0.3078,8,11,0,0,3,1.3862943611198906
112,2017,房地产,0,5,14,8,6,10,43,394,3.784189633918261,10.913705583756345,0.09789036044251746,20.3746,0.3418,-0.0054,0.3854,9,7,0,0,0,0.0
112,2018,房地产,0,11,16,13,7,7,54,364,4.007333185232471,14.835164835164836,0.13886432393983902,18.3171,0.3991,-0.0946,0.1355,10,7,0,0,1,0.6931471805599453
112,2019,房地产,0,7,9,12,8,17,53,331,3.9889840465642745,16.012084592145015,0.13752173497484146,20.1581,0.5974,-0.0111,0.1334,11,9,0,0,1,0.6931471805599453
112,2020,房地产,0,18,25,22,13,29,107,391,4.68213122712422,27.365728900255753,0.3230523234242814,20.5139,0.3935,0.059,0.5977,12,7,0,0,0,0.0
112,2021,房地产,0,26,32,17,13,18,106,403,4.672828834461906,26.302729528535977,0.3170714460692099,21.8385,0.5257,0.0914,0.2067,13,9,0,0,1,0.6931471805599453
112,2022,房地产,0,33,30,32,15,22,132,441,4.890349128221754,29.931972789115648,0.41499392967409315,20.7755,0.6441,0.0046,-0.1584,14,10,0,0,3,1.3862943611198906
113,2016,信息技术,0,17,24,15,14,23,93,387,4.543294782270004,24.031007751937985,0.2762177614313792,22.2497,0.4997,0.0069,0.0921,23,7,0,0,2,1.0986122886681098
113,2017,信息技术,0,31,34,27,15,35,142,473,4.962844630259907,30.021141649048626,0.4417507687997796,23.4727,0.5957,0.0064,-0.4385,24,11,0,0,8,2.1972245773362196
113,2018,信息技术,0,22,25,26,12,29,114,447,4.74493212836325,25.503355704697988,0.3468518185004243,23.6094,0.3598,0.0121,-0.1225,25,9,0,0,0,0.0
113,2019,信息技术,0,43,28,25,20,28,144,439,4.976733742420574,32.80182232346242,0.46078554890339707,24.3082,0.2998,0.0739,-0.0623,26,10,1,1,1,0.6931471805599453
113,2020,信息技术,0,37,43,17,26,37,160,443,5.081404364984463,36.11738148984199,0.5124945907579341,24.0334,0.6552,0.0322,0.2337,27,11,0,1,5,1.791759469228055
113,2021,信息技术,0,51,44,24,14,41,174,466,5.1647859739235145,37.33905579399141,0.5414958750693625,24.8722,0.293,0.0144,0.2547,28,8,0,1,6,1.9459101490553132
113,2022,信息技术,0,43,41,32,32,54,202,534,5.313205979041787,37.82771535580524,0.6682420484311997,24.4771,0.3416,0.1278,0.4039,29,10,1,1,4,1.6094379124341003
114,2016,高端制造,1,13,17,6,7,9,52,339,3.970291913552122,15.339233038348082,0.12821251192851632,24.4352,0.6397,0.1446,0.2695,17,7,0,0,2,1.0986122886681098
114,2017,高端制造,1,11,13,11,2,10,47,386,3.871201010907891,12.176165803108809,0.10654345492002669,22.4236,0.5612,0.1401,-0.2296,18,12,0,0,2,1.0986122886681098
114,2018,高端制造,1,17,12,10,6,21,66,381,4.204692619390966,17.322834645669293,0.1751777488979571,23.4989,0.5753,0.0068,-0.2438,19,10,0,0,1,0.6931471805599453
114,2019,高端制造,1,18,23,16,11,20,88,417,4.48863636973214,21.103117505995204,0.255843274764077,23.7681,0.5902,-0.0544,0.214,20,8,1,0,0,0.0
114,2020,高端制造,1,21,27,23,13,24,108,390,4.6913478822291435,27.692307692307693,0.3271870139550517,23.7808,0.2056,0.0182,-0.3016,21,10,0,1,2,1.0986122886681098
114,2021,高端制造,1,27,30,22,17,35,131,412,4.882801922586371,31.79611650485437,0.40751724962916913,25.8236,0.8291,0.0844,0.4077,22,8,0,0,4,1.6094379124341003
114,2022,高端制造,1,20,30,19,8,24,101,416,4.624972813284271,24.278846153846153,0.2919329759865897,23.2127,0.389,0.0488,-0.2733,23,8,0,0,1,0.6931471805599453
115,2016,医药生物,1,17,18,19,12,13,79,359,4.382026634673881,22.00557103064067,0.2322864538845141,21.1724,0.132,-0.0325,0.1651,6,8,0,0,1,0.6931471805599453
115,2017,医药生物,1,18,23,7,10,17,75,418,4.330733340286331,17.942583732057415,0.2070124513483206,21.3653,0.5963,0.114,0.0026,7,9,0,0,1,0.6931471805599453
115,2018,医药生物,1,16,25,19,12,22,94,376,4.553876891600541,25.0,0.2776874370855738,22.7589,0.4688,0.1464,0.1479,8,8,0,0,1,0.6931471805599453
115,2019,医药生物,1,27,24,18,10,28,107,382,4.68213122712422,28.01047120418848,0.31716353619823956,23.8034,0.3788,0.0941,0.4963,9,8,0,0,1,0.6931471805599453
115,2020,医药生物,1,18,24,29,17,36,124,415,4.8283137373023015,29.87951807228916,0.3891523860817253,24.1843,0.5975,0.0725,0.0539,10,11,0,1,3,1.3862943611198906
115,2021,医药生物,1,33,38,30,24,39,164,456,5.10594547390058,35.96491228070175,0.52995851124357,24.6584,0.4419,0.1227,0.2184,11,10,1,0,3,1.3862943611198906
115,2022,医药生物,1,36,44,29,13,36,158,452,5.0689042022202315,34.95575221238938,0.4886464262250187,25.7183,0.5166,0.1268,-0.4138,12,10,0,1,5,1.791759469228055
116,2016,批发零售,1,29,31,36,19,37,152,415,5.030437921392435,36.626506024096386,0.48707099651078944,24.2743,0.4852,0.0053,-0.2155,5,9,1,0,5,1.791759469228055
116,2017,批发零售,1,33,30,29,23,45,160,453,5.081404364984463,35.32008830022075,0.5165730470441116,23.9234,0.831,-0.0043,-0.1548,6,7,0,0,5,1.791759469228055
116,2018,批发零售,1,45,46,22,16,37,166,438,5.117993812416755,37.89954337899543,0.5168354589518853,23.2269,0.2245,0.0005,-0.5317,7,9,0,1,2,1.0986122886681098
116,2019,批发零售,1,37,43,38,24,58,200,460,5.303304908059076,43.47826086956522,0.6485284045934184,24.2956,0.4006,0.1051,0.2108,8,10,1,1,7,2.0794415416798357
116,2020,批发零售,1,45,53,36,31,56,221,494,5.402677381872279,44.73684210526316,0.726614647043326,23.3766,0.3898,0.0533,0.101,9,9,0,1,8,2.1972245773362196
116,2021,批发零售,1,33,27,38,19,52,169,445,5.135798437050262,37.97752808988764,0.543856304903314,24.9299,0.4002,0.0672,0.0916,10,9,0,1,11,2.4849066497880004
116,2022,批发零售,1,40,41,32,24,45,182,517,5.209486152841421,35.20309477756286,0.5890909654265226,25.9254,0.6415,0.0223,0.421,11,5,1,0,12,2.5649493574615367
117,2016,金融保险,1,17,21,15,9,27,89,424,4.499809670330265,20.99056603773585,0.25467019587482537,24.0356,0.3041,0.008,0.6842,14,7,1,0,0,0.0
117,2017,金融保险,1,22,25,26,12,28,113,395,4.736198448394496,28.607594936708864,0.3437030127492966,26.2337,0.6733,0.0805,0.0502,15,10,0,0,3,1.3862943611198906
117,2018,金融保险,1,26,33,19,15,30,123,399,4.820281565605037,30.82706766917293,0.3755539311344888,24.5365,0.4763,0.1081,0.1106,16,10,0,0,1,0.6931471805599453
117,2019,金融保险,1,31,42,33,24,43,173,531,5.159055299214529,32.580037664783426,0.5588740894576308,24.5585,0.6335,0.1161,0.1051,17,10,0,1,5,1.791759469228055
117,2020,金融保险,1,38,43,37,26,36,180,523,5.198497031265826,34.41682600382409,0.588996928655531,25.6564,0.5181,0.1066,-0.4005,18,10,0,1,8,2.1972245773362196
117,2021,金融保险,1,37,53,32,22,48,192,499,5.262690188904886,38.476953907815634,0.6132583752706476,24.2007,0.238,0.0794,0.41,19,8,0,1,8,2.1972245773362196
117,2022,金融保险,1,34,47,27,20,43,171,508,5.147494476813453,33.661417322834644,0.5405423571925826,26.7879,0.6898,0.1162,0.0673,20,11,1,0,7,2.0794415416798357
118,2016,交通运输,0,31,17,23,19,23,113,481,4.736198448394496,23.492723492723496,0.3593050179843305,21.4611,0.3686,0.0014,-0.0915,20,7,0,0,1,0.6931471805599453
118,2017,交通运输,0,33,14,22,14,30,113,444,4.736198448394496,25.45045045045045,0.35020395387992725,21.8851,0.5633,0.1122,0.1072,21,9,0,0,0,0.0
118,2018,交通运输,0,27,43,21,20,46,157,499,5.062595033026967,31.462925851703403,0.49157617392147035,21.8123,0.212,-0.0425,-0.0523,22,10,0,0,2,1.0986122886681098
118,2019,交通运输,0,36,36,24,27,50,173,472,5.159055299214529,36.652542372881356,0.5613149094770924,21.4917,0.1983,0.0336,0.3569,23,9,0,0,8,2.1972245773362196
118,2020,交通运输,0,26,47,44,18,42,177,490,5.181783550292085,36.12244897959184,0.5648041168596649,22.0743,0.3704,0.0366,0.1568,24,9,0,1,0,0.0
118,2021,交通运输,0,43,43,43,22,47,198,477,5.293304824724492,41.509433962264154,0.6432414518602707,22.6754,0.4105,0.0597,0.2959,25,9,0,0,10,2.3978952727983707
118,2022,交通运输,0,45,60,43,26,44,218,502,5.389071729816501,43.42629482071713,0.7106117857016553,24.1971,0.4816,0.0028,-0.313,26,7,0,1,2,1.0986122886681098
119,2016,能源材料,1,11,9,10,8,13,51,324,3.9512437185814275,15.74074074074074,0.13092668036786614,19.8037,0.1106,-0.0161,0.0862,20,10,0,0,0,0.0
119,2017,能源材料,1,4,12,9,9,9,43,361,3.784189633918261,11.911357340720222,0.10452216554529965,20.1674,0.5274,0.1722,0.5691,21,7,0,0,0,0.0
119,2018,能源材料,1,14,12,15,7,20,68,368,4.23410650459726,18.478260869565215,0.1859458543026917,19.9023,0.291,0.0274,0.2249,22,10,0,1,0,0.0
119,2019,能源材料,1,23,12,18,11,13,77,401,4.356708826689592,19.201995012468828,0.22629312519088238,21.2135,0.6767,0.0796,0.0308,23,9,0,0,0,0.0
119,2020,能源材料,1,13,16,11,11,17,68,379,4.23410650459726,17.941952506596305,0.18983688262495707,20.1068,0.2296,0.0495,0.2324,24,10,1,0,1,0.6931471805599453
119,2021,能源材料,1,13,27,19,15,25,99,403,4.605170185988092,24.56575682382134,0.29798582497815523,21.4969,0.3968,0.0979,-0.3052,25,10,0,1,3,1.3862943611198906
119,2022,能源材料,1,16,13,11,18,22,80,423,4.394449154672439,18.912529550827422,0.2425466198951984,22.4607,0.3844,-0.0457,-0.1446,26,7,0,0,1,0.6931471805599453
120,2016,房地产,1,6,9,8,6,7,36,374,3.6109179126442243,9.62566844919786,0.0772301825963172,20.87,0.2096,0.0727,-0.4337,22,10,1,1,0,0.0
120,2017,房地产,1,10,9,5,10,13,47,359,3.871201010907891,13.09192200557103,0.1186076024756923,21.6658,0.3982,0.0242,0.0802,23,8,1,0,1,0.6931471805599453
120,2018,房地产,1,14,24,12,14,8,72,385,4.290459441148391,18.7012987012987,0.2073304290140188,20.2686,0.3847,0.0372,0.463,24,11,1,0,0,0.0
120,2019,房地产,1,17,23,21,11,31,103,455,4.6443908991413725,22.63736263736264,0.30613521577939157,22.2933,0.3625,-0.0277,0.361,25,11,1,0,2,1.0986122886681098
120,2020,房地产,1,16,23,10,9,26,84,378,4.442651256490317,22.22222222222222,0.2349019501640478,23.6073,0.0847,0.1793,-0.5593,26,11,0,0,2,1.0986122886681098
120,2021,房地产,1,33,30,20,17,30,130,417,4.875197323201151,31.17505995203837,0.40458572232589923,21.2153,0.1826,-0.0553,-0.0139,27,8,0,1,3,1.3862943611198906
120,2022,房地产,1,30,43,35,18,35,161,470,5.087596335232384,34.25531914893617,0.5103809613106617,23.5576,0.467,0.0614,0.3117,28,7,0,0,4,1.6094379124341003
121,2016,信息技术,0,24,22,14,20,21,101,390,4.624972813284271,25.8974358974359,0.3145480946635897,24.0386,0.655,0.0877,0.0602,2,12,0,1,1,0.6931471805599453
121,2017,信息技术,0,27,28,27,18,27,127,481,4.852030263919617,26.403326403326403,0.4006142435101663,23.2067,0.1275,0.1345,-0.1142,3,11,1,0,6,1.9459101490553132
121,2018,信息技术,0,24,27,16,13,30,110,455,4.709530201312334,24.175824175824175,0.3296126060516093,22.3492,0.4773,-0.0,-0.011,4,11,0,0,1,0.6931471805599453
121,2019,信息技术,0,26,34,39,29,45,173,505,5.159055299214529,34.25742574257426,0.572993310355746,23.4057,0.0987,-0.0287,-0.1583,5,9,0,1,0,0.0
121,2020,信息技术,0,35,37,34,18,38,162,480,5.093750200806762,33.75,0.5155020498007813,23.9796,0.5859,0.097,0.0561,6,5,1,1,2,1.0986122886681098
121,2021,信息技术,0,43,41,29,23,56,192,458,5.262690188904886,41.92139737991266,0.6174354152451953,24.6812,0.6224,0.029,-0.2237,7,11,0,1,2,1.0986122886681098
121,2022,信息技术,0,38,31,40,34,59,202,540,5.313205979041787,37.407407407407405,0.6783617140733805,26.629,0.2027,0.0698,0.3412,8,8,1,1,10,2.3978952727983707
122,2016,高端制造,0,19,19,18,15,15,86,353,4.465908118654584,24.362606232294617,0.2597306343829383,24.3951,0.3205,0.1349,-0.1383,3,10,1,0,3,1.3862943611198906
122,2017,高端制造,0,28,42,34,16,43,163,472,5.099866427824199,34.53389830508475,0.511874507069168,25.0361,0.4529,0.033,-0.1293,4,9,1,1,2,1.0986122886681098
122,2018,高端制造,0,36,33,30,14,28,141,449,4.955827057601261,31.403118040089083,0.4401785558653333,24.251,0.824,0.0863,0.297,5,9,1,0,2,1.0986122886681098
122,2019,高端制造,0,39,51,18,17,49,174,505,5.1647859739235145,34.45544554455445,0.538629226954675,23.2925,0.598,-0.0328,0.3632,6,8,1,1,0,0.0
122,2020,高端制造,0,34,39,47,25,43,188,497,5.241747015059643,37.82696177062374,0.6187662832104406,25.0913,0.5758,0.0337,0.1089,7,11,0,1,3,1.3862943611198906
122,2021,高端制造,0,49,37,33,13,47,179,487,5.19295685089021,36.75564681724846,0.5623445517997718,26.7436,0.7369,0.0229,0.2014,8,9,1,0,2,1.0986122886681098
122,2022,高端制造,0,34,47,32,22,42,177,496,5.181783550292085,35.685483870967744,0.5666031286373516,26.4916,0.3897,0.0115,-0.2263,9,13,0,1,8,2.1972245773362196
123,2016,医药生物,0,14,7,10,7,13,51,360,3.9512437185814275,14.166666666666666,0.13022304264423734,21.5948,0.4629,0.1048,0.5601,22,8,0,0,1,0.6931471805599453
123,2017,医药生物,0,17,9,13,8,16,63,360,4.1588830833596715,17.5,0.17224684335394438,20.6006,0.5882,-0.0039,0.3446,23,8,1,0,0,0.0
123,2018,医药生物,0,9,16,16,10,16,67,364,4.219507705176107,18.40659340659341,0.18705048858670548,20.2841,0.4256,-0.0196,-0.0464,24,11,0,0,3,1.3862943611198906
123,2019,医药生物,0,24,26,25,15,20,110,381,4.709530201312334,28.871391076115486,0.33965913573644435,18.6402,0.2049,-0.0494,-0.1966,25,11,0,0,0,0.0
123,2020,医药生物,0,32,28,29,14,23,126,426,4.844187086458591,29.577464788732392,0.39237768502372966,20.9422,0.3663,0.0833,0.1236,26,9,1,0,2,1.0986122886681098
123,2021,医药生物,0,30,25,28,20,37,140,479,4.948759890378168,29.227557411273487,0.447509426103187,22.6167,0.7634,0.0977,0.8305,27,10,0,1,8,2.1972245773362196
123,2022,医药生物,0,38,44,26,19,42,169,445,5.135798437050262,37.97752808988764,0.5333598459651304,22.3918,0.4333,0.1368,0.3675,28,7,0,1,4,1.6094379124341003
124,2016,批发零售,1,14,33,18,10,23,98,376,4.59511985013459,26.063829787234045,0.2834552114026075,22.3321,0.2057,0.0706,0.3286,5,8,1,0,1,0.6931471805599453
124,2017,批发零售,1,35,33,31,14,35,148,481,5.003946305945459,30.76923076923077,0.46262627845187576,22.7802,0.3094,-0.079,-0.2246,6,12,0,1,1,0.6931471805599453
124,2018,批发零售,1,33,35,26,15,45,154,421,5.043425116919247,36.57957244655582,0.4791628959338705,22.8342,0.3283,0.0147,0.1071,7,10,0,0,1,0.6931471805599453
124,2019,批发零售,1,36,37,24,17,23,137,463,4.927253685157205,29.589632829373652,0.4284794750428442,25.2246,0.1508,0.0685,-0.1169,8,12,0,1,4,1.6094379124341003
124,2020,批发零售,1,36,31,30,12,37,146,446,4.990432586778736,32.73542600896861,0.4525215038618189,23.5181,0.5872,-0.0602,0.0865,9,9,0,0,2,1.0986122886681098
124,2021,批发零售,1,27,36,32,22,42,159,455,5.075173815233827,34.94505494505494,0.5105961232809215,24.853,0.5487,0.1478,-0.472,10,6,0,0,6,1.9459101490553132
124,2022,批发零售,1,20,34,22,14,26,116,461,4.762173934797756,25.16268980477224,0.35180827449993723,24.2193,0.6945,0.0715,-0.5067,11,9,1,0,6,1.9459101490553132
125,2016,金融保险,0,22,15,22,16,19,94,409,4.553876891600541,22.982885085574573,0.2911715771555578,21.4791,0.106,0.0741,0.3923,7,9,1,0,1,0.6931471805599453
125,2017,金融保险,0,19,21,28,18,18,104,450,4.653960350157523,23.11111111111111,0.3283700104184233,20.8754,0.3601,0.0324,0.2054,8,10,0,0,2,1.0986122886681098
125,2018,金融保险,0,17,22,14,12,21,86,371,4.465908118654584,23.180592991913745,0.25011159730939536,20.8262,0.5659,0.0684,-0.1722,9,9,0,0,2,1.0986122886681098
125,2019,金融保险,0,24,34,23,22,44,147,404,4.997212273764115,36.386138613861384,0.466517024648245,21.0989,0.1572,0.022,0.0981,10,8,0,1,0,0.0
125,2020,金融保险,0,36,22,37,22,31,148,450,5.003946305945459,32.88888888888889,0.4847402071089382,21.3592,0.613,0.0019,0.5564,11,11,0,1,1,0.6931471805599453
125,2021,金融保险,0,37,40,25,27,39,168,483,5.1298987149230735,34.78260869565217,0.5455924032943571,20.732,0.4992,0.0278,0.4979,12,9,0,1,1,0.6931471805599453
125,2022,金融保险,0,41,51,33,30,41,196,493,5.2832037287379885,39.75659229208925,0.6433990107926706,22.5602,0.4969,-0.0171,0.4826,13,10,0,1,5,1.791759469228055
126,2016,交通运输,1,28,23,27,13,20,111,442,4.718498871295094,25.1131221719457,0.3419880103705312,19.6881,0.8524,0.0521,0.0267,10,8,1,0,1,0.6931471805599453
126,2017,交通运输,1,35,24,19,15,16,109,417,4.700480365792417,26.139088729016784,0.3358102805490295,19.8631,0.4171,0.0777,0.2302,11,5,0,0,3,1.3862943611198906
126,2018,交通运输,1,30,38,24,14,39,145,457,4.983606621708336,31.72866520787746,0.44612485394707974,21.3192,0.6687,0.0524,-0.014,12,9,1,1,5,1.791759469228055
126,2019,交通运输,1,23,42,39,24,45,173,531,5.159055299214529,32.580037664783426,0.5607958618769464,19.5493,0.5488,0.0815,-0.4149,13,12,0,1,5,1.791759469228055
126,2020,交通运输,1,33,51,45,19,31,179,456,5.19295685089021,39.25438596491228,0.5745927762992136,20.4038,0.566,0.0456,0.258,14,9,0,1,6,1.9459101490553132
126,2021,交通运输,1,34,56,36,25,41,192,536,5.262690188904886,35.82089552238806,0.6202416865002608,20.4936,0.3644,0.0051,0.2997,15,8,1,0,6,1.9459101490553132
126,2022,交通运输,1,30,49,27,17,43,166,436,5.117993812416755,38.07339449541284,0.5175431625576555,20.2586,0.05,0.0599,0.1217,16,8,0,1,6,1.9459101490553132
127,2016,能源材料,1,15,18,11,6,16,66,366,4.204692619390966,18.0327868852459,0.1739775484878318,19.8769,0.6587,0.1721,0.0167,15,9,1,1,0,0.0
127,2017,能源材料,1,16,19,11,10,23,79,413,4.382026634673881,19.128329297820823,0.22264600652832797,20.9018,0.5405,0.0786,0.0842,16,9,1,0,4,1.6094379124341003
127,2018,能源材料,1,17,24,17,10,23,91,427,4.5217885770490405,21.311475409836063,0.2635455933123707,21.3005,0.4678,0.0899,-0.2202,17,11,1,0,1,0.6931471805599453
127,2019,能源材料,1,23,32,20,10,28,113,389,4.736198448394496,29.048843187660665,0.3345552511930785,21.3749,0.3961,0.1071,0.5953,18,7,1,0,1,0.6931471805599453
127,2020,能源材料,1,22,16,13,7,22,80,407,4.394449154672439,19.656019656019655,0.22356424200833544,21.192,0.4025,0.0911,0.4064,19,10,0,0,0,0.0
127,2021,能源材料,1,19,19,28,18,33,117,405,4.770684624465665,28.888888888888886,0.36975412583724443,22.4506,0.3772,0.0782,0.0797,20,10,0,0,0,0.0
127,2022,能源材料,1,21,28,20,11,28,108,409,4.6913478822291435,26.405867970660147,0.32112114289984317,23.1195,0.2707,0.037,0.259,21,7,0,0,3,1.3862943611198906
128,2016,房地产,0,21,17,17,7,23,85,402,4.454347296253507,21.144278606965177,0.24147986208035493,20.881,0.307,-0.0144,0.6152,21,9,0,1,0,0.0
128,2017,房地产,0,22,29,23,12,33,119,448,4.787491742782046,26.5625,0.3597062366329258,23.5837,0.5328,0.0179,0.1971,22,9,0,0,3,1.3862943611198906
128,2018,房地产,0,24,28,19,14,24,109,391,4.700480365792417,27.877237851662407,0.3301546699948712,22.2756,0.3798,0.0594,-0.2397,23,5,0,0,4,1.6094379124341003
128,2019,房地产,0,33,42,30,20,33,158,479,5.0689042022202315,32.98538622129436,0.5024649526018519,22.6833,0.6317,0.0474,0.291,24,10,0,1,1,0.6931471805599453
128,2020,房地产,0,24,34,25,21,32,136,449,4.919980925828125,30.28953229398664,0.43128168688905927,24.304,0.6577,0.0158,-0.0944,25,6,1,1,1,0.6931471805599453
128,2021,房地产,0,27,35,32,22,30,146,438,4.990432586778736,33.33333333333333,0.4698864688433429,23.1747,0.313,0.0581,0.0455,26,10,0,0,1,0.6931471805599453
128,2022,房地产,0,43,59,29,23,45,199,536,5.298317366548036,37.12686567164179,0.6354302896156331,23.986,0.7027,0.0206,0.517,27,10,0,1,4,1.6094379124341003
129,2016,信息技术,0,33,38,32,22,39,164,466,5.10594547390058,35.1931330472103,0.5274346760401312,22.3225,0.3059,0.1004,-0.03,14,10,0,0,1,0.6931471805599453
129,2017,信息技术,0,27,26,17,18,29,117,389,4.770684624465665,30.077120822622106,0.36294139560367406,22.6423,0.4026,0.1638,-0.1157,15,8,0,0,2,1.0986122886681098
129,2018,信息技术,0,19,21,24,13,29,106,425,4.672828834461906,24.941176470588236,0.32238704596764167,21.7291,0.475,0.0398,0.2578,16,10,1,1,1,0.6931471805599453
129,2019,信息技术,0,39,28,29,19,36,151,487,5.0238805208462765,31.006160164271044,0.4825261577692289,21.6774,0.05,-0.0391,0.2284,17,10,0,0,2,1.0986122886681098
129,2020,信息技术,0,36,50,31,20,38,175,429,5.170483995038151,40.79254079254079,0.5556316131881792,22.2629,0.5912,0.0627,-0.1006,18,10,0,1,3,1.3862943611198906
129,2021,信息技术,0,35,31,31,26,47,170,439,5.14166355650266,38.724373576309794,0.5554539741107319,23.364,0.5794,0.0224,-0.0293,19,11,0,0,3,1.3862943611198906
129,2022,信息技术,0,54,57,37,21,53,222,504,5.407171771460119,44.047619047619044,0.7125902545110959,23.887,0.4283,0.0377,-0.0454,20,9,0,1,5,1.791759469228055
130,2016,高端制造,0,36,43,26,20,38,163,473,5.099866427824199,34.46088794926004,0.5161024709395249,21.5921,0.1723,0.1014,0.2796,20,7,1,1,4,1.6094379124341003
130,2017,高端制造,0,42,43,37,18,36,176,495,5.176149732573829,35.55555555555556,0.5620282631029184,21.6138,0.2879,0.0885,0.3811,21,9,0,1,8,2.1972245773362196
130,2018,高端制造,0,56,55,34,14,46,205,541,5.327876168789581,37.89279112754159,0.6445570646872518,23.5628,0.5191,0.1385,0.3056,22,11,1,1,13,2.6390573296152584
130,2019,高端制造,0,41,52,40,22,48,203,493,5.318119993844216,41.17647058823529,0.6544570468047901,23.7616,0.4218,0.0592,-0.218,23,14,0,1,16,2.833213344056216
130,2020,高端制造,0,48,45,40,26,45,204,502,5.3230099791384085,40.63745019920319,0.6686825631061347,23.3672,0.195,0.1056,0.4745,24,10,0,1,14,2.70805020110221
130,2021,高端制造,0,51,47,40,27,64,229,540,5.438079308923196,42.407407407407405,0.7496505092656881,22.9148,0.4578,0.0304,-0.0927,25,10,1,1,14,2.70805020110221
130,2022,高端制造,0,51,53,38,26,70,238,499,5.476463551931511,47.69539078156313,0.7733885921468188,22.163,0.2775,0.0204,0.4251,26,10,0,1,12,2.5649493574615367
131,2016,医药生物,0,15,21,13,3,15,67,375,4.219507705176107,17.866666666666667,0.1720026973476208,22.264,0.3482,0.0235,0.8211,20,5,0,0,1,0.6931471805599453
131,2017,医药生物,0,12,12,14,4,12,54,312,4.007333185232471,17.307692307692307,0.1349083270094176,23.6542,0.6325,0.0034,0.5653,21,9,0,0,0,0.0
131,2018,医药生物,0,12,12,18,12,16,70,373,4.2626798770413155,18.766756032171582,0.20334587710046842,22.6127,0.489,0.0146,0.249,22,6,1,0,1,0.6931471805599453
131,2019,医药生物,0,15,15,19,11,22,82,379,4.418840607796598,21.63588390501319,0.23996724985990478,24.7212,0.3654,0.0861,0.2931,23,10,0,1,1,0.6931471805599453
131,2020,医药生物,0,19,21,16,16,17,89,417,4.499809670330265,21.34292565947242,0.26932588547894115,24.8351,0.4663,0.1143,0.1182,24,7,0,0,3,1.3862943611198906
131,2021,医药生物,0,25,26,29,9,31,120,419,4.795790545596741,28.639618138424822,0.36250616220381754,23.137,0.4965,0.1155,-0.0927,25,10,0,0,3,1.3862943611198906
131,2022,医药生物,0,19,37,23,12,31,122,456,4.812184355372417,26.75438596491228,0.366582008940795,25.4412,0.2088,0.0795,0.1964,26,9,1,0,5,1.791759469228055
132,2016,批发零售,0,43,26,40,16,41,166,430,5.117993812416755,38.604651162790695,0.5327591198298046,22.4048,0.7464,0.03,0.2965,20,10,0,1,3,1.3862943611198906
132,2017,批发零售,0,43,34,29,12,61,179,453,5.19295685089021,39.51434878587197,0.556895714996873,21.8444,0.701,0.0314,0.4178,21,7,0,0,3,1.3862943611198906
132,2018,批发零售,0,34,46,44,30,57,211,479,5.356586274672012,44.05010438413361,0.6972515474152831,22.3872,0.5437,0.0732,-0.0961,22,11,0,1,7,2.0794415416798357
132,2019,批发零售,0,31,60,42,33,62,228,519,5.43372200355424,43.93063583815029,0.75131087418655,24.0458,0.6269,0.1234,0.2813,23,9,1,1,17,2.8903717578961645
132,2020,批发零售,0,26,52,47,34,53,212,506,5.3612921657094255,41.89723320158103,0.7066843171350563,22.7397,0.2749,0.0066,0.1204,24,12,0,1,11,2.4849066497880004
132,2021,批发零售,0,41,52,51,19,56,219,488,5.393627546352362,44.87704918032787,0.7063597308571762,24.3549,0.6516,0.0732,-0.007,25,10,0,1,10,2.3978952727983707
132,2022,批发零售,0,33,43,38,27,54,195,491,5.278114659230517,39.71486761710794,0.6375310148525963,25.4064,0.437,-0.0032,0.2468,26,9,0,1,7,2.0794415416798357
133,2016,金融保险,1,24,20,17,14,25,100,406,4.61512051684126,24.63054187192118,0.30228709464149395,21.8691,0.3728,0.0189,0.0283,21,9,0,0,2,1.0986122886681098
133,2017,金融保险,1,22,27,17,19,33,118,442,4.77912349311153,26.69683257918552,0.36650393785293356,22.5366,0.05,0.0445,-0.2745,22,13,0,0,3,1.3862943611198906
133,2018,金融保险,1,40,25,33,9,32,139,427,4.941642422609304,32.55269320843091,0.42907247586640784,22.6031,0.4942,-0.0001,-0.0962,23,8,0,1,1,0.6931471805599453
133,2019,金融保险,1,33,41,33,32,47,186,510,5.231108616854587,36.470588235294116,0.6159509917552064,23.4068,0.1602,0.0778,0.4227,24,10,0,1,13,2.6390573296152584
133,2020,金融保险,1,31,59,41,20,45,196,485,5.2832037287379885,40.41237113402062,0.6250807781860651,23.9005,0.5197,0.1771,0.4935,25,10,0,1,3,1.3862943611198906
133,2021,金融保险,1,43,54,35,40,57,229,498,5.438079308923196,45.98393574297189,0.7677303544276656,24.1225,0.4384,0.098,0.1293,26,6,1,1,7,2.0794415416798357
133,2022,金融保险,1,50,48,39,16,44,197,515,5.288267030694535,38.25242718446602,0.6265641332480667,23.7535,0.1758,0.0612,0.163,27,12,0,1,8,2.1972245773362196
134,2016,交通运输,0,26,29,17,15,18,105,399,4.663439094112067,26.31578947368421,0.31844782271263916,19.99,0.5603,0.0533,-0.3296,17,8,1,0,1,0.6931471805599453
134,2017,交通运输,0,24,17,31,14,28,114,389,4.74493212836325,29.30591259640103,0.35633303960765217,21.6285,0.3469,0.1035,-0.0082,18,9,0,0,5,1.791759469228055
134,2018,交通运输,0,22,36,37,23,31,149,462,5.0106352940962555,32.25108225108225,0.4830638381195465,22.0331,0.5626,0.0078,0.4519,19,8,1,0,1,0.6931471805599453
134,2019,交通运输,0,43,46,39,27,41,196,538,5.2832037287379885,36.43122676579926,0.6432424104903077,22.7987,0.5403,0.1151,-0.3741,20,11,0,1,7,2.0794415416798357
134,2020,交通运输,0,32,52,40,23,46,193,491,5.267858159063328,39.307535641547865,0.622578103013571,21.8928,0.51,0.0605,0.033,21,9,0,1,8,2.1972245773362196
134,2021,交通运输,0,45,47,46,26,29,193,520,5.267858159063328,37.11538461538461,0.6368046354903287,23.2574,0.6059,-0.0261,0.2314,22,13,0,1,4,1.6094379124341003
134,2022,交通运输,0,36,34,24,22,48,164,449,5.10594547390058,36.525612472160354,0.5237984948378193,23.4548,0.5667,0.1158,0.51,23,8,0,1,7,2.0794415416798357
135,2016,能源材料,1,13,11,7,11,14,56,415,4.04305126783455,13.493975903614459,0.15052154282707866,21.1506,0.4212,0.0225,-0.0968,3,10,0,0,1,0.6931471805599453
135,2017,能源材料,1,9,12,14,11,10,56,425,4.04305126783455,13.176470588235295,0.15391138112940655,21.1689,0.4374,-0.0358,0.1935,4,10,0,0,1,0.6931471805599453
135,2018,能源材料,1,9,11,7,7,15,49,362,3.912023005428146,13.535911602209943,0.11974901663740092,22.8828,0.4734,-0.0015,0.4815,5,7,0,0,1,0.6931471805599453
135,2019,能源材料,1,25,27,23,16,36,127,457,4.852030263919617,27.78993435448578,0.393819848451604,22.0302,0.3332,0.1081,0.1137,6,12,0,0,3,1.3862943611198906
135,2020,能源材料,1,18,19,18,17,16,88,352,4.48863636973214,25.0,0.2696216065222191,22.8058,0.5915,0.0913,-0.324,7,7,0,1,4,1.6094379124341003
135,2021,能源材料,1,33,32,32,12,41,150,421,5.017279836814924,35.62945368171022,0.4654467104202575,24.4922,0.7821,0.1703,-0.0043,8,12,1,0,5,1.791759469228055
135,2022,能源材料,1,20,28,26,17,41,132,446,4.890349128221754,29.596412556053814,0.41196794302018747,24.1504,0.3748,0.0359,0.2943,9,11,0,1,9,2.302585092994046
136,2016,房地产,0,30,27,21,12,31,121,409,4.804021044733257,29.584352078239608,0.36718548878977825,22.4861,0.4031,0.0836,0.1406,11,5,0,1,0,0.0
136,2017,房地产,0,25,26,17,12,22,102,407,4.634728988229636,25.061425061425062,0.3036424235442384,25.0849,0.7407,0.1193,0.3729,12,9,0,0,0,0.0
136,2018,房地产,0,16,17,19,9,20,81,362,4.406719247264253,22.375690607734807,0.23277544281758986,22.6877,0.3872,0.0181,0.1253,13,9,1,0,2,1.0986122886681098
136,2019,房地产,0,14,16,19,12,21,82,421,4.418840607796598,19.47743467933492,0.24141042946319216,24.0859,0.5221,-0.0408,0.1552,14,14,0,0,1,0.6931471805599453
136,2020,房地产,0,32,42,29,24,33,160,482,5.081404364984463,33.19502074688796,0.5155432030495093,25.8201,0.5094,-0.0042,0.0608,15,7,1,1,4,1.6094379124341003
136,2021,房地产,0,25,27,23,23,42,140,443,4.948759890378168,31.60270880361174,0.4482318481628637,25.815,0.4732,0.1461,-0.2485,16,9,0,0,5,1.791759469228055
136,2022,房地产,0,28,30,24,14,37,133,409,4.897839799950911,32.51833740831296,0.40962302599761724,26.1152,0.6879,0.0756,-0.2031,17,8,0,1,6,1.9459101490553132
137,2016,信息技术,0,10,27,16,11,26,90,366,4.51085950651685,24.59016393442623,0.25918271874769777,21.6815,0.6177,-0.0278,0.0031,16,10,0,0,2,1.0986122886681098
137,2017,信息技术,0,22,38,16,23,32,131,424,4.882801922586371,30.89622641509434,0.41200338874139436,21.9543,0.5322,0.1645,0.0335,17,8,0,0,1,0.6931471805599453
137,2018,信息技术,0,22,24,18,6,17,87,412,4.477336814478207,21.11650485436893,0.2451991744676135,21.1008,0.5412,0.0771,-0.0505,18,8,0,0,0,0.0
137,2019,信息技术,0,26,25,16,10,36,113,445,4.736198448394496,25.39325842696629,0.3342473033917602,23.139,0.3085,-0.0208,0.6842,19,12,0,0,2,1.0986122886681098
137,2020,信息技术,0,28,27,18,15,26,114,418,4.74493212836325,27.27272727272727,0.3484148797844653,22.8995,0.3401,0.0288,0.1158,20,11,1,0,0,0.0
137,2021,信息技术,0,38,33,25,19,48,163,485,5.099866427824199,33.608247422680414,0.5162765919513165,22.7131,0.4754,0.0699,-0.0754,21,7,0,0,0,0.0
137,2022,信息技术,0,27,24,16,20,35,122,475,4.812184355372417,25.684210526315788,0.38232234332185067,23.1271,0.4944,0.0269,0.255,22,12,0,1,0,0.0
138,2016,高端制造,0,22,28,14,13,29,106,391,4.672828834461906,27.10997442455243,0.3149509549575646,22.1499,0.5902,0.0528,0.0424,11,9,0,0,2,1.0986122886681098
138,2017,高端制造,0,21,24,16,12,33,106,402,4.672828834461906,26.368159203980102,0.31499440099281756,20.2788,0.5254,0.101,-0.0303,12,7,0,0,3,1.3862943611198906
138,2018,高端制造,0,28,32,41,18,43,162,459,5.093750200806762,35.294117647058826,0.5194687277367278,22.5881,0.4635,0.0121,0.2534,13,7,0,0,1,0.6931471805599453
138,2019,高端制造,0,26,42,31,20,40,159,443,5.075173815233827,35.89164785553047,0.5044756760238952,22.5469,0.8576,0.0618,0.3481,14,8,0,1,5,1.791759469228055
138,2020,高端制造,0,34,27,22,16,29,128,400,4.859812404361672,32.0,0.3986214580843938,23.855,0.3105,-0.0135,0.1126,15,9,0,1,1,0.6931471805599453
138,2021,高端制造,0,33,40,27,25,36,161,498,5.087596335232384,32.329317269076306,0.5199974847278692,22.6209,0.3634,0.0474,-0.0086,16,7,0,0,4,1.6094379124341003
138,2022,高端制造,0,27,47,28,20,39,161,522,5.087596335232384,30.842911877394634,0.5079162173522217,23.5357,0.3056,0.0973,0.1632,17,5,0,1,2,1.0986122886681098
139,2016,医药生物,0,8,11,10,11,11,51,333,3.9512437185814275,15.315315315315313,0.13548103950480933,25.5282,0.4486,-0.0264,0.3151,19,11,0,0,1,0.6931471805599453
139,2017,医药生物,0,13,13,14,6,11,57,364,4.060443010546419,15.659340659340659,0.1482380061253229,26.4078,0.775,-0.0106,0.1288,20,8,0,0,0,0.0
139,2018,医药生物,0,17,11,15,11,13,67,384,4.219507705176107,17.447916666666664,0.1914953940341403,26.2653,0.4916,0.0988,0.3603,21,11,0,0,0,0.0
139,2019,医药生物,0,25,26,16,18,13,98,416,4.59511985013459,23.557692307692307,0.30193592167473327,27.0975,0.4775,0.1047,0.1269,22,10,0,1,1,0.6931471805599453
139,2020,医药生物,0,20,13,16,9,22,80,439,4.394449154672439,18.223234624145785,0.22956503216512794,28.4968,0.6176,0.0996,0.443,23,10,0,1,3,1.3862943611198906
139,2021,医药生物,0,23,22,18,7,21,91,368,4.5217885770490405,24.728260869565215,0.26042675960923195,27.4962,0.4248,0.065,0.3949,24,11,0,0,1,0.6931471805599453
139,2022,医药生物,0,23,24,18,14,28,107,372,4.68213122712422,28.763440860215056,0.3238355359197128,27.8228,0.3339,0.0651,0.3735,25,9,0,0,3,1.3862943611198906
140,2016,批发零售,0,19,31,31,19,33,133,467,4.897839799950911,28.4796573875803,0.4213528639517867,22.0179,0.4947,-0.0161,0.0492,14,10,0,0,3,1.3862943611198906
140,2017,批发零售,0,26,33,34,20,33,146,472,4.990432586778736,30.93220338983051,0.467554913517777,22.2206,0.4409,0.0568,0.2232,15,9,1,0,5,1.791759469228055
140,2018,批发零售,0,27,31,38,24,42,162,457,5.093750200806762,35.44857768052516,0.5289980222126497,22.638,0.6116,0.1365,0.1962,16,7,0,1,5,1.791759469228055
140,2019,批发零售,0,51,30,24,18,33,156,469,5.056245805348308,33.26226012793177,0.49566629895482595,23.0536,0.4711,-0.0093,-0.1376,17,9,1,1,9,2.302585092994046
140,2020,批发零售,0,40,48,50,25,59,222,539,5.407171771460119,41.1873840445269,0.7273367897775991,23.3526,0.259,0.0804,0.1429,18,9,1,1,6,1.9459101490553132
140,2021,批发零售,0,38,37,50,19,51,195,549,5.278114659230517,35.51912568306011,0.6327251723025216,24.6934,0.3277,0.0387,0.1256,19,9,0,0,6,1.9459101490553132
140,2022,批发零售,0,31,40,34,20,50,175,483,5.170483995038151,36.231884057971016,0.5585833418923569,25.048,0.2828,-0.0306,-0.2057,20,9,0,1,7,2.0794415416798357
141,2016,金融保险,0,13,20,21,14,30,98,358,4.59511985013459,27.37430167597765,0.29581228701981205,20.4839,0.3012,0.1424,0.0587,5,12,0,1,1,0.6931471805599453
141,2017,金融保险,0,21,18,20,13,25,97,448,4.584967478670572,21.651785714285715,0.2925832043215622,22.4837,0.4815,0.0536,-0.2893,6,9,0,1,2,1.0986122886681098
141,2018,金融保险,0,24,26,19,12,28,109,372,4.700480365792417,29.301075268817208,0.3267535892357186,21.4627,0.5894,-0.0959,-0.0631,7,5,0,1,1,0.6931471805599453
141,2019,金融保险,0,22,42,32,24,37,157,495,5.062595033026967,31.717171717171716,0.5055135073480509,20.9843,0.2617,0.0172,0.3149,8,9,0,0,1,0.6931471805599453
141,2020,金融保险,0,26,34,35,17,42,154,511,5.043425116919247,30.136986301369863,0.48740790018468344,22.3277,0.6443,0.0939,0.5699,9,10,0,0,6,1.9459101490553132
141,2021,金融保险,0,27,32,25,12,53,149,505,5.0106352940962555,29.504950495049503,0.4561096382768324,21.5794,0.4037,0.0955,0.0273,10,10,0,1,2,1.0986122886681098
141,2022,金融保险,0,39,42,47,32,52,212,523,5.3612921657094255,40.53537284894838,0.7084274890843061,23.2012,0.0893,0.0737,-0.0885,11,9,0,0,7,2.0794415416798357
142,2016,交通运输,1,12,17,9,7,11,56,380,4.04305126783455,14.736842105263156,0.1425407034715513,23.7631,0.2917,0.0595,0.3538,12,5,0,0,2,1.0986122886681098
142,2017,交通运输,1,8,21,18,12,14,73,389,4.30406509320417,18.76606683804627,0.20973946830496795,24.4325,0.4474,0.1059,-0.0843,13,8,1,0,1,0.6931471805599453
142,2018,交通运输,1,24,20,18,15,23,100,429,4.61512051684126,23.310023310023308,0.3048758984530888,22.421,0.3694,-0.0135,0.1735,14,8,1,0,2,1.0986122886681098
142,2019,交通运输,1,23,27,31,15,28,124,382,4.8283137373023015,32.460732984293195,0.38724089377848814,25.4833,0.5827,0.1065,0.2804,15,12,1,0,2,1.0986122886681098
142,2020,交通运输,1,20,16,16,14,27,93,396,4.543294782270004,23.484848484848484,0.27945184948183066,24.3253,0.5104,-0.027,0.1611,16,9,0,1,2,1.0986122886681098
142,2021,交通运输,1,27,40,22,16,34,139,487,4.941642422609304,28.54209445585216,0.4285341316607244,24.7005,0.3084,0.049,0.2288,17,6,0,0,2,1.0986122886681098
142,2022,交通运输,1,51,54,29,26,53,213,529,5.365976015021851,40.26465028355388,0.6884726400971072,25.9286,0.3952,0.1063,-0.0633,18,9,0,1,7,2.0794415416798357
143,2016,能源材料,0,11,12,15,5,20,63,406,4.1588830833596715,15.517241379310345,0.16557902180487247,22.4914,0.5153,-0.0387,-0.2294,5,8,0,1,1,0.6931471805599453
143,2017,能源材料,0,13,17,11,10,13,64,366,4.174387269895637,17.48633879781421,0.1750914785867084,23.9484,0.2871,0.0404,0.3746,6,10,1,0,2,1.0986122886681098
143,2018,能源材料,0,19,13,11,8,13,64,355,4.174387269895637,18.028169014084508,0.1736842031394508,23.9143,0.7868,0.0268,0.277,7,11,0,0,2,1.0986122886681098
143,2019,能源材料,0,29,37,26,17,28,137,414,4.927253685157205,33.091787439613526,0.42800483581869764,24.1169,0.652,0.0396,0.301,8,9,0,0,3,1.3862943611198906
143,2020,能源材料,0,25,29,27,18,27,126,416,4.844187086458591,30.288461538461537,0.39672589587937995,24.6236,0.8416,0.0613,0.3522,9,8,1,1,1,0.6931471805599453
143,2021,能源材料,0,30,33,16,13,30,122,419,4.812184355372417,29.116945107398568,0.36759351776038907,25.0402,0.6575,0.0891,0.2019,10,8,0,0,1,0.6931471805599453
143,2022,能源材料,0,29,30,25,10,30,124,471,4.8283137373023015,26.326963906581742,0.3745031352920663,23.7399,0.1878,0.0498,-0.199,11,5,0,0,1,0.6931471805599453
144,2016,房地产,1,17,24,25,19,31,116,436,4.762173934797756,26.605504587155966,0.36490152828997857,18.2362,0.05,0.0997,-0.3295,22,8,0,1,1,0.6931471805599453
144,2017,房地产,1,23,21,21,11,19,95,407,4.564348191467836,23.34152334152334,0.2829385750822654,18.0967,0.2497,-0.0056,0.1259,23,7,0,0,1,0.6931471805599453
144,2018,房地产,1,34,37,27,15,33,146,503,4.990432586778736,29.025844930417495,0.45444361315191417,19.9585,0.2193,0.0848,-0.3489,24,7,1,0,2,1.0986122886681098
144,2019,房地产,1,39,31,27,24,46,167,453,5.123963979403259,36.86534216335541,0.5405325061294391,21.0291,0.3589,0.1182,0.0643,25,11,1,1,8,2.1972245773362196
144,2020,房地产,1,35,51,29,19,42,176,534,5.176149732573829,32.958801498127336,0.5550459909194044,20.3397,0.274,0.0574,0.2567,26,12,0,0,9,2.302585092994046
144,2021,房地产,1,38,31,37,20,39,165,522,5.111987788356544,31.60919540229885,0.5329105220736438,20.4029,0.3872,0.017,-0.3996,27,8,0,0,7,2.0794415416798357
144,2022,房地产,1,34,43,44,18,56,195,493,5.278114659230517,39.553752535496955,0.624440787898597,22.9151,0.4542,0.136,0.2717,28,10,0,0,18,2.9444389791664403
145,2016,信息技术,1,17,11,6,10,13,57,392,4.060443010546419,14.540816326530612,0.15211098787176688,24.5325,0.5954,0.2329,0.3936,14,11,0,0,0,0.0
145,2017,信息技术,1,21,19,11,6,17,74,408,4.31748811353631,18.137254901960784,0.20048733882750538,25.6542,0.1352,0.0096,-0.0336,15,8,0,1,1,0.6931471805599453
145,2018,信息技术,1,23,20,21,13,23,100,366,4.61512051684126,27.322404371584703,0.30275814557829883,25.3395,0.5503,0.0252,0.0692,16,11,0,0,2,1.0986122886681098
145,2019,信息技术,1,42,43,40,14,47,186,533,5.231108616854587,34.8968105065666,0.5878052071023794,25.0611,0.5176,0.0081,0.1065,17,7,0,1,3,1.3862943611198906
145,2020,信息技术,1,24,39,42,16,32,153,470,5.0369526024136295,32.5531914893617,0.4853390122734807,25.0484,0.7747,0.0061,-0.2716,18,10,1,1,3,1.3862943611198906
145,2021,信息技术,1,35,40,33,19,45,172,495,5.153291594497779,34.74747474747475,0.5475775639325345,25.9704,0.5919,-0.0453,-0.0773,19,9,0,1,2,1.0986122886681098
145,2022,信息技术,1,32,38,30,23,35,158,435,5.0689042022202315,36.321839080459775,0.5088829552538581,27.9209,0.2787,-0.0423,0.0235,20,9,0,0,3,1.3862943611198906
146,2016,高端制造,1,28,23,27,14,29,121,460,4.804021044733257,26.304347826086953,0.3754014285884649,20.6162,0.5058,0.1049,0.5209,5,7,0,0,1,0.6931471805599453
146,2017,高端制造,1,21,25,20,17,24,107,438,4.68213122712422,24.429223744292237,0.3301989623699013,18.7998,0.3834,0.0687,0.0045,6,10,0,1,2,1.0986122886681098
146,2018,高端制造,1,22,24,27,11,29,113,424,4.736198448394496,26.650943396226417,0.3426659154746581,20.3638,0.4982,0.0397,-0.0204,7,10,0,1,0,0.0
146,2019,高端制造,1,35,36,34,21,43,169,491,5.135798437050262,34.419551934826885,0.5435445925057273,19.917,0.4604,0.1262,0.3062,8,9,0,0,3,1.3862943611198906
146,2020,高端制造,1,31,25,19,11,25,111,424,4.718498871295094,26.179245283018872,0.3331521857924197,21.1059,0.4745,0.0693,0.1489,9,9,0,0,1,0.6931471805599453
146,2021,高端制造,1,33,40,31,37,42,183,488,5.214935757608986,37.5,0.6150293121523147,20.943,0.4852,0.0374,0.0675,10,11,0,1,4,1.6094379124341003
146,2022,高端制造,1,29,38,36,25,37,165,531,5.111987788356544,31.07344632768362,0.5379838932258258,21.5603,0.4725,-0.0227,-0.0028,11,8,0,1,6,1.9459101490553132
147,2016,医药生物,0,31,34,34,15,38,152,448,5.030437921392435,33.92857142857143,0.4778829280456203,23.1717,0.5651,0.0917,0.0411,12,13,0,1,4,1.6094379124341003
147,2017,医药生物,0,21,30,29,14,33,127,372,4.852030263919617,34.13978494623656,0.3922458815815181,23.5891,0.3726,-0.0106,-0.0596,13,9,0,0,0,0.0
147,2018,医药生物,0,28,31,24,18,36,137,488,4.927253685157205,28.07377049180328,0.42969487150167573,21.5509,0.2894,0.0559,0.375,14,10,0,0,3,1.3862943611198906
147,2019,医药生物,0,47,38,32,24,41,182,462,5.209486152841421,39.39393939393939,0.5915669518417873,23.9893,0.5378,0.0827,0.4163,15,6,0,0,8,2.1972245773362196
147,2020,医药生物,0,38,40,32,24,53,187,490,5.236441962829949,38.163265306122454,0.604545092956664,23.5111,0.1469,-0.005,0.0017,16,13,0,1,4,1.6094379124341003
147,2021,医药生物,0,45,47,45,25,45,207,479,5.337538079701318,43.21503131524008,0.6782991121945209,23.7022,0.4513,0.0232,0.3518,17,8,0,1,10,2.3978952727983707
147,2022,医药生物,0,51,57,45,28,63,244,577,5.501258210544727,42.287694974003465,0.7998769684931399,24.8725,0.4127,0.0367,0.2618,18,8,0,1,10,2.3978952727983707
148,2016,批发零售,1,22,33,19,9,26,109,415,4.700480365792417,26.265060240963855,0.3188890432736031,21.0681,0.748,0.0388,-0.3985,2,9,1,0,3,1.3862943611198906
148,2017,批发零售,1,19,21,21,16,22,99,358,4.605170185988092,27.6536312849162,0.3041311585149064,19.2835,0.3023,-0.049,0.3706,3,10,0,0,0,0.0
148,2018,批发零售,1,37,28,18,13,27,123,386,4.820281565605037,31.865284974093267,0.3749948367908187,20.2479,0.0806,0.0467,-0.205,4,9,0,1,1,0.6931471805599453
148,2019,批发零售,1,35,46,34,24,45,184,482,5.220355825078324,38.17427385892116,0.5943045576218047,18.8603,0.5288,0.0475,-0.0985,5,7,1,1,4,1.6094379124341003
148,2020,批发零售,1,32,48,28,23,36,167,474,5.123963979403259,35.232067510548525,0.5336471175333226,21.8922,0.423,-0.0395,-0.2807,6,10,0,1,8,2.1972245773362196
148,2021,批发零售,1,29,44,29,24,47,173,455,5.159055299214529,38.02197802197802,0.5552559548311403,21.2644,0.5043,0.0647,0.1443,7,9,0,1,1,0.6931471805599453
148,2022,批发零售,1,38,49,42,21,46,196,546,5.2832037287379885,35.8974358974359,0.6317193107024909,21.5172,0.367,0.0297,0.5315,8,11,1,1,4,1.6094379124341003
149,2016,金融保险,0,26,13,24,17,18,98,458,4.59511985013459,21.397379912663755,0.30849813083591837,23.2678,0.6739,0.0731,0.1783,3,7,0,0,0,0.0
149,2017,金融保险,0,24,36,23,21,39,143,439,4.969813299576001,32.57403189066059,0.45154680028291555,22.6431,0.1273,0.078,0.1997,4,11,1,1,4,1.6094379124341003
149,2018,金融保险,0,31,46,26,14,44,161,442,5.087596335232384,36.425339366515836,0.49629143033463946,25.3019,0.4736,0.0439,-0.0411,5,8,0,0,8,2.1972245773362196
149,2019,金融保险,0,28,45,41,25,40,179,460,5.19295685089021,38.91304347826087,0.5835532862004467,23.9277,0.3867,0.0024,0.39,6,11,0,0,8,2.1972245773362196
149,2020,金融保险,0,28,30,34,22,47,161,478,5.087596335232384,33.68200836820084,0.5198269037318264,23.8584,0.1761,-0.0045,0.296,7,11,1,1,1,0.6931471805599453
149,2021,金融保险,0,33,33,28,30,40,164,501,5.10594547390058,32.734530938123754,0.541307890909042,25.1897,0.3243,0.0207,0.2531,8,8,0,1,6,1.9459101490553132
149,2022,金融保险,0,39,53,35,20,53,200,490,5.303304908059076,40.816326530612244,0.6371031507337455,26.5284,0.5968,0.0138,-0.0259,9,8,0,1,7,2.0794415416798357
150,2016,交通运输,0,23,23,29,8,26,109,432,4.700480365792417,25.23148148148148,0.32610367766342113,20.7072,0.4182,0.0167,0.2334,9,12,1,0,2,1.0986122886681098
150,2017,交通运输,0,21,22,11,8,26,88,357,4.48863636973214,24.649859943977592,0.24774687977536414,22.071,0.3304,0.0585,0.0568,10,11,1,0,2,1.0986122886681098
150,2018,交通运输,0,16,21,23,15,21,96,368,4.574710978503383,26.08695652173913,0.2933141844358752,22.401,0.3829,0.0017,0.202,11,9,0,0,1,0.6931471805599453
150,2019,交通运输,0,28,36,25,14,21,124,451,4.8283137373023015,27.494456762749447,0.3805982953799209,23.1761,0.5882,0.0801,-0.3322,12,7,0,1,3,1.3862943611198906
150,2020,交通运输,0,30,34,31,11,31,137,489,4.927253685157205,28.016359918200408,0.4207017088609748,22.1806,0.376,0.0465,0.05,13,9,1,0,7,2.0794415416798357
150,2021,交通运输,0,29,21,20,22,38,130,438,4.875197323201151,29.68036529680365,0.41520646569775754,22.956,0.4274,0.066,0.0187,14,9,0,0,2,1.0986122886681098
150,2022,交通运输,0,37,28,29,17,43,154,480,5.043425116919247,32.083333333333336,0.48760713205671974,23.3366,0.4087,0.0986,0.1311,15,5,1,0,3,1.3862943611198906
151,2016,能源材料,0,15,12,13,11,19,70,362,4.2626798770413155,19.337016574585636,0.19887538319798914,21.0242,0.5562,0.0314,0.0947,3,9,0,0,1,0.6931471805599453
151,2017,能源材料,0,17,10,19,9,27,82,396,4.418840607796598,20.707070707070706,0.2377553516345725,22.1656,0.3621,0.0546,0.0706,4,9,0,0,2,1.0986122886681098
151,2018,能源材料,0,23,19,22,13,19,96,440,4.574710978503383,21.818181818181817,0.29105118600580693,20.8336,0.947,0.0619,-0.1494,5,6,0,0,2,1.0986122886681098
151,2019,能源材料,0,18,34,14,18,31,115,449,4.7535901911063645,25.612472160356347,0.3505386451833586,22.4798,0.5051,0.0195,0.2559,6,11,1,1,0,0.0
151,2020,能源材料,0,24,40,26,11,34,135,419,4.912654885736052,32.21957040572792,0.40819379521381227,21.4505,0.2391,0.144,0.0002,7,13,0,0,3,1.3862943611198906
151,2021,能源材料,0,22,20,26,13,27,108,387,4.6913478822291435,27.906976744186046,0.3310084463357199,22.019,0.3504,0.1094,-0.0882,8,11,1,0,4,1.6094379124341003
151,2022,能源材料,0,29,40,25,22,35,151,482,5.0238805208462765,31.327800829875518,0.48037701578159026,22.2279,0.5021,0.0334,0.605,9,9,1,1,0,0.0
152,2016,房地产,0,14,12,6,7,11,50,359,3.9318256327243257,13.92757660167131,0.1232963628379543,23.036,0.437,-0.0152,-0.2337,2,11,1,0,0,0.0
152,2017,房地产,0,20,22,17,9,11,79,391,4.382026634673881,20.20460358056266,0.22505628657521015,25.3132,0.2792,0.0479,0.1614,3,8,0,0,3,1.3862943611198906
152,2018,房地产,0,14,14,11,4,14,57,382,4.060443010546419,14.921465968586386,0.14242949584640327,23.8578,0.4285,-0.0017,0.152,4,9,0,0,0,0.0
152,2019,房地产,0,23,10,12,9,25,79,387,4.382026634673881,20.41343669250646,0.22520899730435856,25.4721,0.4524,-0.017,-0.0505,5,8,0,1,3,1.3862943611198906
152,2020,房地产,0,26,22,21,8,26,103,407,4.6443908991413725,25.307125307125304,0.3029002009731008,25.2594,0.4302,0.0441,0.2554,6,8,0,0,4,1.6094379124341003
152,2021,房地产,0,19,15,11,16,22,83,451,4.430816798843313,18.403547671840354,0.24846475740997184,25.7805,0.6072,0.1773,0.1599,7,9,0,0,1,0.6931471805599453
152,2022,房地产,0,33,38,40,20,40,171,467,5.147494476813453,36.61670235546038,0.5509331397242123,27.8535,0.2444,-0.0459,0.0342,8,10,1,0,4,1.6094379124341003
153,2016,信息技术,0,17,17,17,18,18,87,423,4.477336814478207,20.56737588652482,0.2679269982506838,22.7439,0.8043,0.1026,0.3188,16,9,0,1,2,1.0986122886681098
153,2017,信息技术,0,22,18,15,16,28,99,389,4.605170185988092,25.449871465295633,0.30159704319538916,22.1514,0.3105,0.0698,-0.0376,17,10,0,0,1,0.6931471805599453
153,2018,信息技术,0,26,42,24,22,29,143,466,4.969813299576001,30.686695278969957,0.453301403684603,22.4358,0.491,-0.0424,0.5164,18,11,0,1,3,1.3862943611198906
153,2019,信息技术,0,37,40,38,15,45,175,486,5.170483995038151,36.0082304526749,0.5531544754365553,24.2413,0.3223,0.0374,-0.2235,19,8,0,1,3,1.3862943611198906
153,2020,信息技术,0,29,53,36,16,48,182,475,5.209486152841421,38.315789473684205,0.570813039728868,22.3102,0.1719,-0.0424,0.1762,20,9,1,1,4,1.6094379124341003
153,2021,信息技术,0,51,45,41,25,42,204,521,5.3230099791384085,39.15547024952015,0.668192727833282,24.118,0.2298,0.0763,0.353,21,12,1,1,6,1.9459101490553132
153,2022,信息技术,0,57,41,43,24,65,230,536,5.442417710521793,42.91044776119403,0.7519066488318759,24.6268,0.2881,0.062,-0.3314,22,13,1,1,17,2.8903717578961645
154,2016,高端制造,0,20,21,16,7,28,92,398,4.532599493153256,23.115577889447238,0.2617014171486983,20.5711,0.3331,0.0946,0.1025,22,11,0,0,2,1.0986122886681098
154,2017,高端制造,0,10,22,14,8,25,79,398,4.382026634673881,19.849246231155778,0.21856698879085099,20.3953,0.4517,-0.017,0.4363,23,11,1,1,3,1.3862943611198906
154,2018,高端制造,0,20,17,18,11,18,84,368,4.442651256490317,22.82608695652174,0.2464385814845049,22.1779,0.3889,0.0252,-0.2809,24,10,1,0,4,1.6094379124341003
154,2019,高端制造,0,27,32,23,16,34,132,454,4.890349128221754,29.074889867841406,0.4089544971244157,21.0911,0.1835,-0.0428,0.2818,25,12,1,1,2,1.0986122886681098
154,2020,高端制造,0,29,44,32,17,42,164,464,5.10594547390058,35.3448275862069,0.5154295074392046,21.2898,0.4913,0.0687,-0.099,26,5,0,1,5,1.791759469228055
154,2021,高端制造,0,39,40,32,25,44,180,456,5.198497031265826,39.473684210526315,0.5846861741817165,23.1486,0.3441,0.0672,-0.248,27,9,0,1,4,1.6094379124341003
154,2022,高端制造,0,28,42,24,19,35,148,451,5.003946305945459,32.8159645232816,0.4637840718728473,22.6415,0.3472,0.1067,0.0144,28,7,1,1,5,1.791759469228055
155,2016,医药生物,0,13,8,6,9,7,43,384,3.784189633918261,11.197916666666668,0.10574736452540978,23.4638,0.3855,0.0549,0.3877,3,9,0,0,2,1.0986122886681098
155,2017,医药生物,0,15,13,14,8,15,65,343,4.189654742026425,18.950437317784257,0.1777938951002362,22.5204,0.627,0.0514,0.1595,4,7,1,0,0,0.0
155,2018,医药生物,0,11,9,11,10,13,54,311,4.007333185232471,17.363344051446948,0.1448872621395012,23.0605,0.3272,0.1039,0.2774,5,7,0,0,0,0.0
155,2019,医药生物,0,13,20,26,14,16,89,441,4.499809670330265,20.181405895691608,0.270790250784352,25.102,0.3319,0.0369,0.5479,6,7,1,0,2,1.0986122886681098
155,2020,医药生物,0,7,15,7,11,12,52,323,3.970291913552122,16.09907120743034,0.13548287385651134,25.8348,0.5215,0.0196,-0.0458,7,9,0,0,2,1.0986122886681098
155,2021,医药生物,0,13,15,21,10,19,78,354,4.3694478524670215,22.033898305084744,0.22625883080603476,25.2254,0.4154,0.0421,0.2696,8,6,0,0,6,1.9459101490553132
155,2022,医药生物,0,18,26,23,17,25,109,427,4.700480365792417,25.526932084309134,0.3374900005310223,24.362,0.2862,0.0348,0.1094,9,9,0,0,2,1.0986122886681098
156,2016,批发零售,0,25,41,30,17,28,141,441,4.955827057601261,31.97278911564626,0.44132510682948023,18.0875,0.4923,0.0679,0.6092,23,8,0,1,3,1.3862943611198906
156,2017,批发零售,0,43,33,26,18,30,150,493,5.017279836814924,30.425963488843816,0.475367003466382,18.7888,0.6529,-0.0158,0.4562,24,12,1,0,4,1.6094379124341003
156,2018,批发零售,0,30,27,27,21,43,148,466,5.003946305945459,31.759656652360512,0.47351214905976585,20.056,0.6927,0.0836,0.324,25,10,0,1,2,1.0986122886681098
156,2019,批发零售,0,40,46,36,23,38,183,514,5.214935757608986,35.60311284046693,0.5918440812553397,19.6355,0.3287,0.0881,0.0551,26,8,0,0,9,2.302585092994046
156,2020,批发零售,0,38,43,32,30,40,183,482,5.214935757608986,37.96680497925311,0.6028275732108539,19.9038,0.355,-0.0541,0.1299,27,8,0,1,3,1.3862943611198906
156,2021,批发零售,0,35,41,36,21,54,187,482,5.236441962829949,38.796680497925315,0.600425880600496,18.7171,0.5669,0.0481,0.6237,28,8,1,0,2,1.0986122886681098
156,2022,批发零售,0,35,46,24,21,50,176,462,5.176149732573829,38.095238095238095,0.5567035984434345,21.3323,0.608,0.0066,0.3844,29,8,0,1,4,1.6094379124341003
157,2016,金融保险,1,15,20,16,8,22,81,401,4.406719247264253,20.199501246882793,0.2279279310385879,21.0938,0.5588,0.0492,0.3212,18,7,1,0,1,0.6931471805599453
157,2017,金融保险,1,23,25,29,8,31,116,458,4.762173934797756,25.327510917030565,0.34769567726715295,22.4045,0.3113,-0.0137,0.4403,19,8,0,0,0,0.0
157,2018,金融保险,1,21,32,24,18,33,128,429,4.859812404361672,29.836829836829835,0.39932927398042395,22.7573,0.37,-0.0639,0.1537,20,10,0,0,2,1.0986122886681098
157,2019,金融保险,1,24,40,26,22,32,144,428,4.976733742420574,33.64485981308411,0.4577120147471901,24.7454,0.1809,0.0779,0.2886,21,9,0,0,10,2.3978952727983707
157,2020,金融保险,1,33,39,32,18,38,160,499,5.081404364984463,32.06412825651302,0.5069131898819109,22.6448,0.4935,-0.0108,0.0892,22,6,1,1,6,1.9459101490553132
157,2021,金融保险,1,26,28,32,26,36,148,448,5.003946305945459,33.035714285714285,0.4852019046855042,26.095,0.8695,0.0754,-0.1208,23,10,0,0,6,1.9459101490553132
157,2022,金融保险,1,23,38,24,19,24,128,437,4.859812404361672,29.290617848970253,0.40042043427717355,24.9712,0.1769,0.122,-0.2473,24,8,0,1,7,2.0794415416798357
158,2016,交通运输,0,8,11,9,6,17,51,395,3.9512437185814275,12.91139240506329,0.12519079286658566,22.9209,0.3885,-0.0137,0.2412,18,9,0,0,0,0.0
158,2017,交通运输,0,11,14,13,5,27,70,415,4.2626798770413155,16.867469879518072,0.18584413519872878,21.9945,0.3939,-0.0318,-0.1628,19,6,0,0,2,1.0986122886681098
158,2018,交通运输,0,13,12,19,11,17,72,334,4.290459441148391,21.55688622754491,0.20863893177729317,23.8149,0.7077,0.0549,0.1702,20,13,1,0,3,1.3862943611198906
158,2019,交通运输,0,16,12,17,13,23,81,365,4.406719247264253,22.19178082191781,0.24027410106974748,22.8293,0.8561,-0.0297,0.2721,21,8,0,0,0,0.0
158,2020,交通运输,0,14,22,13,12,20,81,358,4.406719247264253,22.62569832402235,0.23293204311995275,22.0817,0.143,0.1795,-0.2146,22,9,0,0,1,0.6931471805599453
158,2021,交通运输,0,15,17,10,8,16,66,365,4.204692619390966,18.08219178082192,0.1773896471232893,23.8058,0.834,-0.0684,0.0277,23,8,0,0,0,0.0
158,2022,交通运输,0,17,14,15,14,17,77,392,4.356708826689592,19.642857142857142,0.2280850726841457,24.183,0.4814,0.0356,-0.1026,24,8,1,1,0,0.0
159,2016,能源材料,1,22,21,16,15,24,98,371,4.59511985013459,26.41509433962264,0.29651185886129944,23.6624,0.3203,-0.0075,1.0795,8,9,0,0,2,1.0986122886681098
159,2017,能源材料,1,24,24,18,10,26,102,434,4.634728988229636,23.502304147465438,0.3006474251137347,23.057,0.2495,0.0809,-0.0611,9,9,0,0,6,1.9459101490553132
159,2018,能源材料,1,22,35,26,15,26,124,429,4.8283137373023015,28.904428904428904,0.3818677548608635,23.3864,0.5022,0.0592,0.0988,10,8,0,1,1,0.6931471805599453
159,2019,能源材料,1,38,45,18,19,48,168,472,5.1298987149230735,35.59322033898305,0.5246786750474198,23.0688,0.05,0.01,0.0963,11,12,0,1,3,1.3862943611198906
159,2020,能源材料,1,37,54,46,23,48,208,514,5.342334251964811,40.46692607003891,0.6746280111373948,24.7934,0.3669,0.0392,-0.1359,12,8,0,1,15,2.772588722239781
159,2021,能源材料,1,43,53,39,27,30,192,533,5.262690188904886,36.02251407129456,0.629073445196231,24.4365,0.8523,0.119,0.2764,13,10,0,1,5,1.791759469228055
159,2022,能源材料,1,41,42,35,19,51,188,502,5.241747015059643,37.45019920318725,0.6003798661640238,25.9892,0.5524,-0.0243,0.5462,14,7,1,1,6,1.9459101490553132
160,2016,房地产,0,20,14,8,16,18,76,393,4.343805421853684,19.338422391857506,0.22491496894063479,21.4923,0.3651,0.0638,0.4195,15,10,0,0,5,1.791759469228055
160,2017,房地产,0,18,15,22,7,18,80,417,4.394449154672439,19.18465227817746,0.2287306071747006,23.9244,0.6124,0.0946,0.1354,16,9,1,0,4,1.6094379124341003
160,2018,房地产,0,11,7,20,6,10,54,371,4.007333185232471,14.555256064690028,0.14360644791147398,23.5778,0.443,0.0788,-0.0832,17,10,0,0,2,1.0986122886681098
160,2019,房地产,0,32,38,18,22,29,139,487,4.941642422609304,28.54209445585216,0.43916896801652255,23.3489,0.258,0.1186,-0.1399,18,7,0,0,7,2.0794415416798357
160,2020,房地产,0,33,38,31,25,44,171,491,5.147494476813453,34.82688391038696,0.5545889553130585,22.9199,0.147,-0.0126,0.3999,19,8,0,0,1,0.6931471805599453
160,2021,房地产,0,26,43,22,15,29,135,503,4.912654885736052,26.838966202783297,0.4130817261920251,21.1936,0.5112,0.0365,0.3109,20,8,0,1,2,1.0986122886681098
160,2022,房地产,0,32,37,31,16,52,168,498,5.1298987149230735,33.734939759036145,0.5277817512505529,24.3646,0.3622,0.0867,-0.0283,21,5,1,0,4,1.6094379124341003
161,2016,信息技术,0,34,20,17,12,32,115,379,4.7535901911063645,30.343007915567284,0.34824206725798296,21.8384,0.5411,0.0427,-0.0454,15,7,0,1,3,1.3862943611198906
161,2017,信息技术,0,24,23,15,17,16,95,446,4.564348191467836,21.300448430493272,0.2903178008147091,21.0746,0.5058,0.0564,-0.037,16,10,0,1,3,1.3862943611198906
161,2018,信息技术,0,18,22,18,4,29,91,422,4.5217885770490405,21.563981042654028,0.25336387360781604,21.6997,0.4465,0.0754,-0.1036,17,6,1,0,4,1.6094379124341003
161,2019,信息技术,0,18,16,20,12,26,92,363,4.532599493153256,25.344352617079892,0.2745913731845619,22.9236,0.1299,-0.0506,-0.0458,18,9,1,0,2,1.0986122886681098
161,2020,信息技术,0,33,31,29,12,29,134,432,4.90527477843843,31.01851851851852,0.41330030941448276,21.1427,0.6579,0.1228,0.1887,19,11,0,0,2,1.0986122886681098
161,2021,信息技术,0,38,39,21,19,43,160,451,5.081404364984463,35.47671840354767,0.5028274803156972,22.1735,0.5013,0.0154,-0.1693,20,6,0,0,1,0.6931471805599453
161,2022,信息技术,0,56,39,34,22,48,199,544,5.298317366548036,36.580882352941174,0.6446642410670375,22.8838,0.3992,0.1293,0.1831,21,10,0,1,8,2.1972245773362196
162,2016,高端制造,0,11,4,7,14,17,53,327,3.9889840465642745,16.207951070336392,0.14791022843065568,21.1037,0.4065,0.0736,0.0477,12,9,0,0,1,0.6931471805599453
162,2017,高端制造,0,17,15,15,10,17,74,351,4.31748811353631,21.082621082621085,0.21071239227705313,22.6558,0.2529,0.0839,-0.6,13,7,0,0,4,1.6094379124341003
162,2018,高端制造,0,7,15,4,11,18,55,364,4.02535169073515,15.10989010989011,0.14293896179508103,22.5087,0.4602,0.0243,0.3215,14,9,0,0,1,0.6931471805599453
162,2019,高端制造,0,20,22,25,15,23,105,413,4.663439094112067,25.423728813559322,0.3237849451839741,22.3372,0.5405,0.0517,0.101,15,9,0,0,4,1.6094379124341003
162,2020,高端制造,0,29,31,21,12,27,120,440,4.795790545596741,27.27272727272727,0.3628800409540382,21.3797,0.3708,-0.0254,-0.2365,16,8,0,0,2,1.0986122886681098
162,2021,高端制造,0,24,24,21,14,22,105,446,4.663439094112067,23.54260089686099,0.31978561450855963,22.0591,0.3162,-0.0403,0.1221,17,6,0,1,4,1.6094379124341003
162,2022,高端制造,0,37,27,29,18,42,153,450,5.0369526024136295,34.0,0.4866085073393302,22.1226,0.4006,-0.0384,-0.2011,18,9,0,0,2,1.0986122886681098
163,2016,医药生物,0,14,18,11,9,16,68,374,4.23410650459726,18.181818181818183,0.18579388133376978,20.7917,0.5777,0.1373,0.3689,2,9,0,0,0,0.0
163,2017,医药生物,0,16,24,22,11,27,100,353,4.61512051684126,28.328611898016998,0.29687006052757664,21.7742,0.5417,0.1099,0.1688,3,10,1,0,3,1.3862943611198906
163,2018,医药生物,0,18,23,25,11,27,104,413,4.653960350157523,25.181598062954,0.3121951547265591,23.0643,0.5221,0.0893,0.0632,4,7,0,1,4,1.6094379124341003
163,2019,医药生物,0,29,32,31,23,31,146,437,4.990432586778736,33.40961098398169,0.47233756897888274,23.0993,0.4714,0.0994,0.0075,5,8,1,0,4,1.6094379124341003
163,2020,医药生物,0,25,48,26,15,28,142,485,4.962844630259907,29.27835051546392,0.4363956764579764,20.0578,0.3254,0.0512,-0.0211,6,9,0,0,5,1.791759469228055
163,2021,医药生物,0,29,31,25,20,35,140,473,4.948759890378168,29.59830866807611,0.4439128140495997,22.7352,0.4343,-0.0094,0.2703,7,8,1,0,2,1.0986122886681098
163,2022,医药生物,0,30,32,30,18,54,164,491,5.10594547390058,33.401221995926676,0.5189831866372455,22.7124,0.6156,0.1198,0.308,8,10,1,0,5,1.791759469228055
164,2016,批发零售,1,38,35,24,25,42,164,477,5.10594547390058,34.38155136268344,0.5298644781832877,22.3667,0.3278,0.048,0.4736,3,10,0,0,3,1.3862943611198906
164,2017,批发零售,1,28,30,24,15,49,146,510,4.990432586778736,28.627450980392155,0.4524828614689338,22.1482,0.1933,-0.0047,0.0647,4,7,0,1,1,0.6931471805599453
164,2018,批发零售,1,30,51,29,16,39,165,500,5.111987788356544,33.0,0.5133462416555844,22.2348,0.3386,0.0046,0.0849,5,10,0,1,4,1.6094379124341003
164,2019,批发零售,1,39,54,42,20,51,206,547,5.332718793265369,37.6599634369287,0.6604152666479948,23.2111,0.6294,0.1246,0.3648,6,9,0,1,17,2.8903717578961645
164,2020,批发零售,1,36,40,38,13,61,188,522,5.241747015059643,36.015325670498086,0.5899808680116114,22.0323,0.31,-0.1509,0.9057,7,8,1,1,7,2.0794415416798357
164,2021,批发零售,1,44,40,33,25,47,189,506,5.247024072160486,37.351778656126484,0.6149756729282475,23.6703,0.5432,0.0101,0.2795,8,11,1,1,10,2.3978952727983707
164,2022,批发零售,1,49,50,38,23,46,206,531,5.332718793265369,38.79472693032015,0.6670104654194274,23.709,0.4935,-0.07,0.292,9,11,1,1,10,2.3978952727983707
165,2016,金融保险,0,20,32,29,21,26,128,423,4.859812404361672,30.260047281323878,0.4081652108487953,19.7786,0.6876,-0.021,0.2358,8,7,0,1,5,1.791759469228055
165,2017,金融保险,0,26,23,32,14,26,121,448,4.804021044733257,27.00892857142857,0.3782039225605759,22.8241,0.6449,0.0445,0.2934,9,9,0,0,3,1.3862943611198906
165,2018,金融保险,0,29,28,17,18,31,123,447,4.820281565605037,27.516778523489933,0.38189931100885594,20.602,0.6232,0.1062,0.0527,10,10,0,0,1,0.6931471805599453
165,2019,金融保险,0,32,50,37,18,35,172,490,5.153291594497779,35.10204081632653,0.545285690045953,21.6844,0.2054,-0.0293,0.5216,11,8,0,1,4,1.6094379124341003
165,2020,金融保险,0,31,48,32,19,42,172,464,5.153291594497779,37.06896551724138,0.5440861151057943,20.4889,0.46,0.0108,0.0474,12,8,1,1,4,1.6094379124341003
165,2021,金融保险,0,44,57,37,26,41,205,563,5.327876168789581,36.41207815275311,0.6661137525123231,22.7965,0.6407,0.084,0.1542,13,10,0,1,7,2.0794415416798357
165,2022,金融保险,0,56,37,36,33,42,204,498,5.3230099791384085,40.963855421686745,0.6833637644599421,22.3811,0.4608,0.0891,-0.003,14,9,0,1,4,1.6094379124341003
166,2016,交通运输,1,15,24,19,10,20,88,387,4.48863636973214,22.739018087855296,0.2549113407162855,22.0181,0.3901,0.0964,0.2695,14,11,0,0,7,2.0794415416798357
166,2017,交通运输,1,33,34,18,21,31,137,443,4.927253685157205,30.9255079006772,0.43210263789222253,20.7422,0.3393,0.0295,0.1566,15,10,0,1,3,1.3862943611198906
166,2018,交通运输,1,21,30,36,14,41,142,417,4.962844630259907,34.05275779376499,0.444122069582997,19.9134,0.6148,0.0663,-0.0204,16,6,1,1,2,1.0986122886681098
166,2019,交通运输,1,39,34,32,19,37,161,472,5.087596335232384,34.11016949152542,0.5146556226328334,21.9683,0.6821,0.0326,0.1908,17,8,1,1,3,1.3862943611198906
166,2020,交通运输,1,23,44,22,19,40,148,454,5.003946305945459,32.59911894273127,0.4607207411273658,22.4823,0.6483,0.1133,0.2965,18,10,0,1,11,2.4849066497880004
166,2021,交通运输,1,45,43,37,19,40,184,542,5.220355825078324,33.94833948339483,0.5899161521474634,21.8508,0.5263,-0.0354,0.5718,19,10,0,0,2,1.0986122886681098
166,2022,交通运输,1,31,35,40,27,39,172,456,5.153291594497779,37.719298245614034,0.5677192098506052,23.6507,0.4715,0.0647,0.1325,20,10,0,1,5,1.791759469228055
167,2016,能源材料,0,18,42,21,10,25,116,448,4.762173934797756,25.892857142857146,0.341130104399146,22.7238,0.3763,0.0695,0.1105,8,9,0,1,2,1.0986122886681098
167,2017,能源材料,0,21,16,19,22,26,104,422,4.653960350157523,24.644549763033176,0.33173928848859435,22.8389,0.1936,0.038,0.3241,9,8,0,1,1,0.6931471805599453
167,2018,能源材料,0,28,26,28,18,31,131,440,4.882801922586371,29.772727272727273,0.41457991105006525,24.2651,0.7257,-0.018,-0.4335,10,8,0,0,1,0.6931471805599453
167,2019,能源材料,0,37,44,37,14,45,177,510,5.181783550292085,34.705882352941174,0.555964001818892,24.455,0.252,0.0738,0.3028,11,9,0,0,1,0.6931471805599453
167,2020,能源材料,0,28,39,29,15,49,160,437,5.081404364984463,36.61327231121281,0.49785997456568176,24.8443,0.3948,0.0822,0.3502,12,9,0,1,4,1.6094379124341003
167,2021,能源材料,0,38,49,25,27,33,172,510,5.153291594497779,33.72549019607843,0.5564216041314287,26.1108,0.7383,-0.0329,0.2283,13,9,0,1,2,1.0986122886681098
167,2022,能源材料,0,30,36,36,14,37,153,486,5.0369526024136295,31.48148148148148,0.47972625786951567,25.0788,0.2594,-0.0116,0.201,14,6,0,0,2,1.0986122886681098
168,2016,房地产,0,21,20,20,14,22,97,373,4.584967478670572,26.005361930294907,0.2940589243740576,19.124,0.2219,-0.0221,0.1862,2,9,0,0,0,0.0
168,2017,房地产,0,19,27,23,16,27,112,430,4.727387818712341,26.046511627906977,0.345043597526956,17.9519,0.6862,0.0616,-0.3129,3,11,0,0,0,0.0
168,2018,房地产,0,25,33,26,17,27,128,412,4.859812404361672,31.06796116504854,0.3995354222617168,19.1917,0.5177,0.0697,0.275,4,6,0,0,4,1.6094379124341003
168,2019,房地产,0,44,33,33,26,44,180,493,5.198497031265826,36.511156186612574,0.590135524164322,18.0808,0.3901,0.0274,0.2786,5,6,0,1,4,1.6094379124341003
168,2020,房地产,0,42,43,43,27,42,197,547,5.288267030694535,36.0146252285192,0.6494620888661402,17.7825,0.2269,0.0299,0.1147,6,8,1,1,3,1.3862943611198906
168,2021,房地产,0,35,68,33,25,62,223,514,5.4116460518550396,43.3852140077821,0.7134238523217231,20.6917,0.5008,0.0682,0.4826,7,6,0,0,11,2.4849066497880004
168,2022,房地产,0,49,64,24,31,53,221,541,5.402677381872279,40.85027726432532,0.7172097492913388,21.4417,0.5691,0.105,0.5111,8,10,1,1,10,2.3978952727983707
169,2016,信息技术,0,10,11,11,9,17,58,319,4.07753744390572,18.181818181818183,0.15485012300690398,22.8391,0.4373,0.0228,0.4586,10,5,0,0,3,1.3862943611198906
169,2017,信息技术,0,22,17,12,10,21,82,429,4.418840607796598,19.114219114219114,0.23474967219854365,22.5016,0.4508,-0.0255,0.1074,11,11,0,0,0,0.0
169,2018,信息技术,0,13,18,9,14,18,72,413,4.290459441148391,17.433414043583532,0.20643166088540194,22.1757,0.4146,-0.0226,-0.0765,12,10,1,0,0,0.0
169,2019,信息技术,0,31,33,20,15,31,130,471,4.875197323201151,27.60084925690021,0.3995458183787645,24.6732,0.4879,-0.0082,0.2427,13,11,0,1,1,0.6931471805599453
169,2020,信息技术,0,24,34,21,15,33,127,464,4.852030263919617,27.370689655172413,0.3887364984692163,23.8423,0.3668,0.1393,-0.2619,14,8,0,1,3,1.3862943611198906
169,2021,信息技术,0,26,31,27,13,33,130,463,4.875197323201151,28.077753779697623,0.3995020354727318,23.9504,0.4526,0.0671,-0.0284,15,10,0,1,3,1.3862943611198906
169,2022,信息技术,0,34,41,27,20,34,156,503,5.056245805348308,31.01391650099404,0.4946591928881531,24.3425,0.4118,-0.0232,0.4276,16,9,1,1,3,1.3862943611198906
170,2016,高端制造,0,8,19,11,8,15,61,403,4.127134385045092,15.136476426799009,0.16005789538440499,20.7604,0.4903,0.0396,-0.055,6,12,0,1,1,0.6931471805599453
170,2017,高端制造,0,9,16,10,7,19,61,382,4.127134385045092,15.968586387434556,0.15840091333034156,20.6151,0.4536,-0.0055,0.0188,7,9,0,0,5,1.791759469228055
170,2018,高端制造,0,11,13,12,10,15,61,382,4.127134385045092,15.968586387434556,0.16669306419400898,20.7018,0.3187,-0.0121,0.095,8,11,0,0,0,0.0
170,2019,高端制造,0,5,13,19,10,16,63,330,4.1588830833596715,19.090909090909093,0.1760906127730953,22.3313,0.5486,0.0108,0.1965,9,7,1,0,1,0.6931471805599453
170,2020,高端制造,0,23,19,19,21,33,115,424,4.7535901911063645,27.122641509433965,0.36429105161567643,21.4423,0.3478,0.0296,0.0789,10,10,0,0,0,0.0
170,2021,高端制造,0,32,19,22,16,26,115,390,4.7535901911063645,29.48717948717949,0.3589708243838036,22.2321,0.4586,0.0884,0.5755,11,9,0,0,1,0.6931471805599453
170,2022,高端制造,0,22,26,35,15,28,126,420,4.844187086458591,30.0,0.3961597372512864,23.4074,0.317,0.0465,0.2295,12,9,0,0,4,1.6094379124341003
171,2016,医药生物,0,13,13,16,10,9,61,427,4.127134385045092,14.285714285714285,0.16986155816633774,20.8561,0.4007,0.0238,-0.3735,14,10,0,0,0,0.0
171,2017,医药生物,0,16,12,15,10,11,64,329,4.174387269895637,19.45288753799392,0.17964143497073043,22.087,0.1571,0.0455,-0.1973,15,10,1,0,1,0.6931471805599453
171,2018,医药生物,0,17,20,13,11,17,78,403,4.3694478524670215,19.35483870967742,0.222781988142941,22.2468,0.0504,0.0631,0.1794,16,9,0,0,0,0.0
171,2019,医药生物,0,18,18,17,14,18,85,366,4.454347296253507,23.224043715846996,0.2539604843710077,23.5559,0.6505,0.1015,-0.1661,17,12,0,0,1,0.6931471805599453
171,2020,医药生物,0,16,21,23,17,36,113,391,4.736198448394496,28.9002557544757,0.3506946036183596,24.1464,0.592,0.0311,0.5384,18,6,0,1,0,0.0
171,2021,医药生物,0,18,18,17,19,18,90,388,4.51085950651685,23.195876288659793,0.2793313166599319,24.8284,0.4611,0.1131,0.4237,19,13,0,0,0,0.0
171,2022,医药生物,0,22,26,20,12,25,105,413,4.663439094112067,25.423728813559322,0.31430708778356803,24.8237,0.5206,0.0892,0.4014,20,10,0,1,4,1.6094379124341003
172,2016,批发零售,0,5,13,8,10,10,46,308,3.8501476017100584,14.935064935064934,0.11526304084961003,19.8611,0.6229,0.1668,0.0545,2,8,1,0,2,1.0986122886681098
172,2017,批发零售,0,15,14,8,7,14,58,408,4.07753744390572,14.215686274509803,0.1496214151789781,21.0749,0.4145,-0.0429,0.2492,3,12,1,1,1,0.6931471805599453
172,2018,批发零售,0,8,10,17,6,19,60,366,4.110873864173311,16.39344262295082,0.15906240979331737,20.6266,0.2109,0.0531,0.0389,4,10,1,0,1,0.6931471805599453
172,2019,批发零售,0,20,22,15,13,24,94,458,4.553876891600541,20.52401746724891,0.2786629294588781,22.6447,0.6266,0.1199,-0.0565,5,11,1,0,7,2.0794415416798357
172,2020,批发零售,0,23,20,14,18,29,104,411,4.653960350157523,25.304136253041364,0.32033607038153117,21.4293,0.391,0.0346,-0.0028,6,11,0,0,2,1.0986122886681098
172,2021,批发零售,0,33,29,21,17,36,136,426,4.919980925828125,31.92488262910798,0.42436682026468375,22.9246,0.6156,-0.0183,0.092,7,10,1,1,6,1.9459101490553132
172,2022,批发零售,0,29,26,27,23,32,137,417,4.927253685157205,32.853717026378895,0.44269346676146815,23.1233,0.3101,0.0602,0.4654,8,9,0,0,2,1.0986122886681098
173,2016,金融保险,0,18,24,23,14,34,113,474,4.736198448394496,23.839662447257385,0.3447587820697231,22.0532,0.4731,0.0541,0.229,2,10,1,1,2,1.0986122886681098
173,2017,金融保险,0,26,30,13,24,45,138,472,4.9344739331306915,29.23728813559322,0.4368080661129343,21.8986,0.5305,0.1105,0.3314,3,8,0,1,1,0.6931471805599453
173,2018,金融保险,0,41,41,42,25,41,190,553,5.25227342804663,34.35804701627486,0.6230985639678673,21.5613,0.3175,0.0609,-0.0544,4,11,1,0,1,0.6931471805599453
173,2019,金融保险,0,36,40,37,21,39,173,451,5.159055299214529,38.35920177383592,0.5574882242930164,22.2418,0.2101,0.0701,-0.1335,5,10,0,1,4,1.6094379124341003
173,2020,金融保险,0,34,41,33,23,52,183,456,5.214935757608986,40.131578947368425,0.5894336889181977,23.6532,0.19,-0.0561,0.2386,6,11,0,1,9,2.302585092994046
173,2021,金融保险,0,39,54,42,25,53,213,552,5.365976015021851,38.58695652173913,0.6920837104391743,23.8493,0.3429,-0.017,-0.3653,7,7,0,1,7,2.0794415416798357
173,2022,金融保险,0,47,48,30,18,50,193,460,5.267858159063328,41.95652173913044,0.611076561383564,23.5486,0.4058,0.0152,0.0702,8,8,0,0,9,2.302585092994046
174,2016,交通运输,0,22,18,28,9,19,96,407,4.574710978503383,23.587223587223587,0.2872978613595967,21.8073,0.3353,0.0494,0.3104,13,9,0,0,2,1.0986122886681098
174,2017,交通运输,0,25,30,17,15,22,109,434,4.700480365792417,25.115207373271893,0.33056086461378004,20.9486,0.5461,-0.0376,0.0722,14,6,0,0,1,0.6931471805599453
174,2018,交通运输,0,25,21,20,9,21,96,433,4.574710978503383,22.170900692840647,0.2820879378677187,21.1285,0.2036,-0.0103,-0.075,15,13,0,1,3,1.3862943611198906
174,2019,交通运输,0,35,33,31,24,36,159,486,5.075173815233827,32.71604938271605,0.5165167487808517,23.0579,0.3504,0.1136,0.4942,16,9,0,0,1,0.6931471805599453
174,2020,交通运输,0,30,22,23,14,28,117,390,4.770684624465665,30.0,0.36089197504386195,22.3955,0.5198,0.1137,0.1292,17,7,0,0,0,0.0
174,2021,交通运输,0,25,34,26,18,42,145,462,4.983606621708336,31.38528138528138,0.4547656604104631,21.125,0.1639,-0.0422,0.1647,18,10,0,0,1,0.6931471805599453
174,2022,交通运输,0,35,41,30,22,38,166,527,5.117993812416755,31.499051233396585,0.532245661903846,23.7094,0.6337,0.0644,0.0933,19,10,0,1,3,1.3862943611198906
175,2016,能源材料,1,11,15,13,9,17,65,373,4.189654742026425,17.426273458445042,0.1775767289426384,23.1103,0.3868,-0.0173,0.0826,19,10,0,0,0,0.0
175,2017,能源材料,1,17,12,14,10,9,62,376,4.143134726391533,16.48936170212766,0.17293774113982627,22.3658,0.5299,-0.0571,0.0449,20,8,1,0,1,0.6931471805599453
175,2018,能源材料,1,7,15,11,5,9,47,315,3.871201010907891,14.920634920634921,0.110840453280681,24.117,0.6648,0.0362,-0.0883,21,6,0,0,1,0.6931471805599453
175,2019,能源材料,1,17,19,13,14,26,89,386,4.499809670330265,23.05699481865285,0.2634197538523976,21.4577,0.4845,-0.0679,0.0601,22,10,1,0,0,0.0
175,2020,能源材料,1,20,19,23,11,29,102,381,4.634728988229636,26.77165354330709,0.3059846598753296,23.5841,0.6196,-0.0037,0.2366,23,7,0,0,1,0.6931471805599453
175,2021,能源材料,1,23,25,28,8,38,122,415,4.812184355372417,29.397590361445786,0.36592506866898106,24.5337,0.3711,-0.0148,0.4247,24,9,0,0,4,1.6094379124341003
175,2022,能源材料,1,26,23,21,20,38,128,413,4.859812404361672,30.99273607748184,0.4044998529040973,24.2175,0.396,-0.0491,0.0,25,8,0,1,1,0.6931471805599453
176,2016,房地产,0,12,10,14,7,20,63,354,4.1588830833596715,17.796610169491526,0.16947330154369972,17.2954,0.432,0.0427,0.025,11,10,0,0,0,0.0
176,2017,房地产,0,22,15,9,19,8,73,405,4.30406509320417,18.02469135802469,0.222197978137658,21.4876,0.5133,0.0944,0.1302,12,6,0,1,0,0.0
176,2018,房地产,0,17,14,11,11,11,64,364,4.174387269895637,17.582417582417584,0.1787207433797637,21.4972,0.5898,0.0438,0.1647,13,11,1,0,4,1.6094379124341003
176,2019,房地产,0,17,19,20,10,18,84,409,4.442651256490317,20.537897310513447,0.24461838400469485,21.5102,0.4307,0.1462,0.3117,14,5,0,0,4,1.6094379124341003
176,2020,房地产,0,19,25,20,19,21,104,363,4.653960350157523,28.650137741046834,0.324088544977255,19.4856,0.5659,0.0328,0.117,15,10,1,0,0,0.0
176,2021,房地产,0,19,21,22,17,26,105,408,4.663439094112067,25.735294117647058,0.3256127968332672,20.9869,0.5092,0.0397,0.5817,16,8,0,0,3,1.3862943611198906
176,2022,房地产,0,23,32,25,13,26,119,470,4.787491742782046,25.319148936170212,0.3625413833445047,20.4887,0.304,0.0493,-0.3718,17,5,1,0,3,1.3862943611198906
177,2016,信息技术,1,31,46,21,15,37,150,458,5.017279836814924,32.751091703056765,0.4602627122542038,20.8252,0.2624,0.096,-0.1918,15,7,0,0,4,1.6094379124341003
177,2017,信息技术,1,27,34,20,24,45,150,477,5.017279836814924,31.446540880503143,0.4785959163289958,20.9251,0.0852,-0.0575,0.0606,16,10,0,1,2,1.0986122886681098
177,2018,信息技术,1,32,45,26,16,27,146,507,4.990432586778736,28.79684418145957,0.45339224658440885,20.7443,0.3196,-0.0002,-0.2858,17,10,0,0,2,1.0986122886681098
177,2019,信息技术,1,46,49,21,20,42,178,505,5.187385805840755,35.24752475247524,0.5612420274821543,19.4713,0.1359,-0.0293,0.2142,18,8,0,0,2,1.0986122886681098
177,2020,信息技术,1,35,39,32,16,38,160,487,5.081404364984463,32.85420944558521,0.5035771900211744,22.0997,0.8222,0.0267,-0.1781,19,13,0,1,5,1.791759469228055
177,2021,信息技术,1,36,41,34,20,46,177,535,5.181783550292085,33.084112149532714,0.5659429369489757,20.1174,0.4902,0.1293,0.761,20,8,1,0,5,1.791759469228055
177,2022,信息技术,1,28,49,38,19,32,166,469,5.117993812416755,35.39445628997868,0.5281770365727074,21.9389,0.3532,0.0514,0.3832,21,8,1,1,7,2.0794415416798357
178,2016,高端制造,0,11,11,20,9,9,60,348,4.110873864173311,17.24137931034483,0.16737608322988792,21.3348,0.1791,0.075,0.1203,21,13,1,0,0,0.0
178,2017,高端制造,0,21,12,14,11,19,77,362,4.356708826689592,21.2707182320442,0.22312463121855364,21.4671,0.5627,0.0976,0.1818,22,10,0,0,2,1.0986122886681098
178,2018,高端制造,0,26,24,24,14,20,108,405,4.6913478822291435,26.666666666666668,0.3317370826293336,20.9927,0.3636,0.1168,0.2258,23,9,0,0,2,1.0986122886681098
178,2019,高端制造,0,28,36,22,8,35,129,406,4.867534450455582,31.773399014778324,0.3827998305808028,22.3401,0.5803,0.0551,0.0671,24,8,1,1,3,1.3862943611198906
178,2020,高端制造,0,33,31,30,9,35,138,459,4.9344739331306915,30.065359477124183,0.4207828934039596,21.4511,0.3408,0.0298,0.5925,25,9,1,0,1,0.6931471805599453
178,2021,高端制造,0,31,21,26,15,22,115,431,4.7535901911063645,26.68213457076566,0.3589922346664468,20.5835,0.3911,-0.057,0.1522,26,11,0,0,2,1.0986122886681098
178,2022,高端制造,0,22,33,21,15,24,115,400,4.7535901911063645,28.749999999999996,0.3506609282301877,21.5137,0.5311,0.0409,0.452,27,5,0,0,0,0.0
179,2016,医药生物,0,17,15,10,8,11,61,385,4.127134385045092,15.844155844155845,0.16260998057439058,23.2836,0.5599,-0.0457,-0.0048,15,11,0,0,1,0.6931471805599453
179,2017,医药生物,0,11,14,8,12,17,62,387,4.143134726391533,16.020671834625322,0.17081399861161914,22.7378,0.3409,-0.0879,0.0261,16,8,0,0,0,0.0
179,2018,医药生物,0,19,13,10,7,18,67,413,4.219507705176107,16.222760290556902,0.18054181658123877,24.9886,0.7097,-0.1217,0.0553,17,6,1,1,1,0.6931471805599453
179,2019,医药生物,0,27,22,23,15,23,110,391,4.709530201312334,28.13299232736573,0.34000361316375893,24.5704,0.2602,0.0786,0.2184,18,12,1,1,4,1.6094379124341003
179,2020,医药生物,0,25,14,31,19,30,119,422,4.787491742782046,28.199052132701425,0.3826356936541078,25.2208,0.1149,0.0578,0.0929,19,9,1,0,2,1.0986122886681098
179,2021,医药生物,0,27,25,22,10,25,109,420,4.700480365792417,25.952380952380956,0.325890099793165,25.6906,0.3141,0.0411,-0.0261,20,8,0,1,1,0.6931471805599453
179,2022,医药生物,0,26,27,38,24,36,151,460,5.0238805208462765,32.826086956521735,0.4950030794822802,25.6115,0.5669,0.1216,0.119,21,12,0,1,2,1.0986122886681098
180,2016,批发零售,0,19,18,15,7,24,83,420,4.430816798843313,19.761904761904763,0.2331158224885655,25.8081,0.5555,0.1104,-0.1209,22,9,0,0,5,1.791759469228055
180,2017,批发零售,0,17,15,13,16,15,76,404,4.343805421853684,18.81188118811881,0.22723528180937602,22.8785,0.2687,0.0986,0.2758,23,9,0,0,3,1.3862943611198906
180,2018,批发零售,0,20,19,21,8,18,86,407,4.465908118654584,21.13022113022113,0.24850079952744017,22.7569,0.3951,0.0805,0.1796,24,11,0,1,3,1.3862943611198906
180,2019,批发零售,0,18,22,17,17,31,105,421,4.663439094112067,24.94061757719715,0.3218134002052087,23.3166,0.609,0.0939,0.5041,25,5,1,0,1,0.6931471805599453
180,2020,批发零售,0,32,38,27,21,45,163,463,5.099866427824199,35.20518358531318,0.5187859332813687,24.526,0.365,0.1524,0.1991,26,5,0,0,5,1.791759469228055
180,2021,批发零售,0,21,27,29,22,25,124,480,4.8283137373023015,25.833333333333336,0.39887681096263516,23.8479,0.5681,0.0259,-0.1699,27,5,0,0,3,1.3862943611198906
180,2022,批发零售,0,39,37,42,14,33,165,443,5.111987788356544,37.24604966139955,0.523584012172193,24.8932,0.6136,0.1132,0.3741,28,9,0,0,9,2.302585092994046
181,2016,金融保险,0,20,19,20,14,16,89,420,4.499809670330265,21.19047619047619,0.26883593791582844,22.0419,0.5862,0.0612,0.0676,12,12,1,0,0,0.0
181,2017,金融保险,0,19,17,17,15,22,90,398,4.51085950651685,22.613065326633166,0.2721120549366729,21.2902,0.6892,0.067,0.4475,13,7,0,0,1,0.6931471805599453
181,2018,金融保险,0,16,18,15,16,20,85,365,4.454347296253507,23.28767123287671,0.25596959802186886,22.5443,0.644,0.0844,0.2025,14,8,1,0,2,1.0986122886681098
181,2019,金融保险,0,24,38,22,22,38,144,426,4.976733742420574,33.80281690140845,0.45550788298160083,21.7548,0.5009,-0.007,0.3388,15,11,0,0,0,0.0
181,2020,金融保险,0,27,28,29,21,37,142,429,4.962844630259907,33.1002331002331,0.454949298106928,23.2798,0.3139,0.1199,0.1138,16,8,0,0,3,1.3862943611198906
181,2021,金融保险,0,19,35,23,12,39,128,462,4.859812404361672,27.705627705627705,0.3859244841017227,22.6264,0.2776,0.0145,0.3657,17,8,0,0,3,1.3862943611198906
181,2022,金融保险,0,23,41,28,22,37,151,491,5.0238805208462765,30.75356415478615,0.48059836011158935,23.2396,0.5361,0.06,0.1844,18,10,0,0,2,1.0986122886681098
182,2016,交通运输,0,9,16,10,10,20,65,338,4.189654742026425,19.230769230769234,0.1767722184548237,18.8712,0.2577,0.0655,0.0333,23,8,1,0,1,0.6931471805599453
182,2017,交通运输,0,14,21,15,8,14,72,356,4.290459441148391,20.224719101123593,0.19844305507013157,19.1179,0.2926,0.0641,0.3115,24,7,0,0,1,0.6931471805599453
182,2018,交通运输,0,12,20,10,7,6,55,383,4.02535169073515,14.360313315926893,0.13938087984411876,20.4927,0.1764,0.103,-0.0057,25,7,0,0,2,1.0986122886681098
182,2019,交通运输,0,15,15,16,6,29,81,397,4.406719247264253,20.40302267002519,0.22520131126067794,20.1548,0.5664,0.0275,0.1002,26,9,0,0,2,1.0986122886681098
182,2020,交通运输,0,7,20,19,14,24,84,438,4.442651256490317,19.17808219178082,0.24885795563641622,19.4062,0.5434,0.0938,0.2064,27,11,0,0,1,0.6931471805599453
182,2021,交通运输,0,20,21,17,23,16,97,425,4.584967478670572,22.823529411764707,0.3089146603157893,20.2571,0.8154,0.0569,0.0472,28,7,1,0,1,0.6931471805599453
182,2022,交通运输,0,14,32,14,16,35,111,392,4.718498871295094,28.316326530612244,0.3335128983145399,19.5302,0.7076,0.0919,0.0502,29,7,0,0,1,0.6931471805599453
183,2016,能源材料,1,13,13,15,10,18,69,401,4.248495242049359,17.206982543640898,0.19438856107042116,20.3707,0.4077,0.0273,0.4709,6,8,1,0,3,1.3862943611198906
183,2017,能源材料,1,19,20,22,11,10,82,356,4.418840607796598,23.03370786516854,0.2418629206444691,19.8135,0.2839,0.0561,-0.2359,7,11,1,1,5,1.791759469228055
183,2018,能源材料,1,24,22,20,7,13,86,396,4.465908118654584,21.71717171717172,0.24626697783975807,20.4392,0.1903,0.0686,0.0816,8,10,0,0,2,1.0986122886681098
183,2019,能源材料,1,24,21,16,16,32,109,461,4.700480365792417,23.644251626898047,0.3335888043829385,20.5411,0.5334,0.0192,0.4615,9,8,0,1,2,1.0986122886681098
183,2020,能源材料,1,17,23,12,13,24,89,373,4.499809670330265,23.86058981233244,0.25993166873247914,21.4286,0.3468,0.0706,-0.1064,10,7,0,0,2,1.0986122886681098
183,2021,能源材料,1,19,19,22,11,27,98,434,4.59511985013459,22.58064516129032,0.29246863298959236,21.0111,0.3098,0.0234,0.4097,11,12,1,0,2,1.0986122886681098
183,2022,能源材料,1,33,24,27,11,28,123,459,4.820281565605037,26.797385620915033,0.3769849415251121,19.8502,0.438,0.107,-0.2114,12,8,0,1,1,0.6931471805599453
184,2016,房地产,0,9,11,8,8,15,51,411,3.9512437185814275,12.408759124087592,0.12863543195125116,22.0043,0.3382,0.0432,0.1204,5,11,0,0,0,0.0
184,2017,房地产,0,3,11,7,8,12,41,336,3.7376696182833684,12.202380952380953,0.09493976667730367,22.6148,0.2179,-0.0331,0.0683,6,8,1,0,3,1.3862943611198906
184,2018,房地产,0,22,9,11,6,9,57,417,4.060443010546419,13.66906474820144,0.149463205105433,22.8377,0.5407,0.004,0.3438,7,9,0,0,2,1.0986122886681098
184,2019,房地产,0,15,18,22,10,30,95,380,4.564348191467836,25.0,0.2802922322514776,22.8885,0.3252,0.1551,0.4586,8,11,0,1,5,1.791759469228055
184,2020,房地产,0,16,24,20,11,24,95,413,4.564348191467836,23.002421307506054,0.2797991455620629,23.3111,0.4823,0.109,-0.0343,9,8,0,0,1,0.6931471805599453
184,2021,房地产,0,22,23,20,22,22,109,367,4.700480365792417,29.70027247956403,0.3468303788358931,23.2476,0.4686,-0.0081,0.336,10,9,0,1,0,0.0
184,2022,房地产,0,15,25,20,18,22,100,422,4.61512051684126,23.696682464454977,0.30853851816093164,23.9903,0.5433,0.1046,0.4524,11,11,0,0,3,1.3862943611198906
185,2016,信息技术,1,24,25,24,13,32,118,479,4.77912349311153,24.63465553235908,0.3605602375542943,19.9013,0.4017,0.0403,0.449,9,8,1,1,1,0.6931471805599453
185,2017,信息技术,1,33,24,28,15,38,138,423,4.9344739331306915,32.62411347517731,0.43258191372359334,19.2509,0.5102,-0.026,0.0596,10,9,0,0,0,0.0
185,2018,信息技术,1,39,37,35,27,43,181,462,5.204006687076795,39.17748917748918,0.5943504916422144,21.4841,0.6283,0.1134,-0.0108,11,9,0,1,3,1.3862943611198906
185,2019,信息技术,1,38,48,43,20,46,195,466,5.278114659230517,41.84549356223176,0.6275334076767247,20.1866,0.2818,0.0368,-0.1025,12,9,0,1,8,2.1972245773362196
185,2020,信息技术,1,37,39,33,20,35,164,475,5.10594547390058,34.526315789473685,0.5250520205098291,19.6375,0.2343,-0.0395,0.2472,13,9,1,1,4,1.6094379124341003
185,2021,信息技术,1,50,48,28,24,50,200,543,5.303304908059076,36.83241252302026,0.644115562000392,21.9569,0.6379,-0.0677,0.0244,14,11,0,0,3,1.3862943611198906
185,2022,信息技术,1,42,55,27,22,57,203,459,5.318119993844216,44.226579520697165,0.6454151862356456,21.8866,0.6341,0.0179,0.8874,15,8,0,0,5,1.791759469228055
186,2016,高端制造,0,30,35,30,26,37,158,508,5.0689042022202315,31.10236220472441,0.5148187768024945,23.7457,0.549,0.1346,0.1624,22,11,0,1,6,1.9459101490553132
186,2017,高端制造,0,38,42,37,24,54,195,545,5.278114659230517,35.77981651376147,0.6326031138362123,21.8583,0.1603,0.1948,0.1861,23,9,0,0,4,1.6094379124341003
186,2018,高端制造,0,35,40,41,17,46,179,531,5.19295685089021,33.70998116760829,0.5710760276166157,21.5723,0.3846,0.0945,0.2372,24,8,1,1,3,1.3862943611198906
186,2019,高端制造,0,39,43,34,39,59,214,535,5.3706380281276624,40.0,0.71935304484189,22.8016,0.384,0.0496,-0.2281,25,8,1,1,3,1.3862943611198906
186,2020,高端制造,0,50,49,45,14,49,207,554,5.337538079701318,37.36462093862816,0.6579573076485745,23.8356,0.4058,0.081,0.3738,26,8,1,1,8,2.1972245773362196
186,2021,高端制造,0,39,55,39,25,54,212,503,5.3612921657094255,42.14711729622266,0.6867197550461523,23.9462,0.5184,0.0021,0.199,27,7,0,1,8,2.1972245773362196
186,2022,高端制造,0,38,49,43,24,49,203,492,5.318119993844216,41.260162601626014,0.6602004761852938,25.7225,0.197,0.137,0.094,28,11,1,1,8,2.1972245773362196
187,2016,医药生物,0,23,10,20,5,16,74,420,4.31748811353631,17.61904761904762,0.2070710705615936,20.7498,0.6443,0.0384,0.3688,12,9,0,0,3,1.3862943611198906
187,2017,医药生物,0,22,18,25,13,31,109,449,4.700480365792417,24.276169265033406,0.3339434496360716,17.7187,0.4679,0.0164,0.283,13,7,0,0,1,0.6931471805599453
187,2018,医药生物,0,35,32,27,13,34,141,439,4.955827057601261,32.11845102505695,0.4362303253946549,20.4654,0.367,0.0846,0.0729,14,10,1,0,2,1.0986122886681098
187,2019,医药生物,0,36,32,27,15,42,152,452,5.030437921392435,33.6283185840708,0.4749752708466622,21.1344,0.7578,0.0949,0.1225,15,6,0,0,3,1.3862943611198906
187,2020,医药生物,0,40,36,32,30,55,193,476,5.267858159063328,40.54621848739496,0.6364040945642743,20.0088,0.1634,-0.0201,0.1028,16,8,1,1,4,1.6094379124341003
187,2021,医药生物,0,33,46,26,15,42,162,487,5.093750200806762,33.26488706365503,0.5018803183450021,21.7915,0.5401,0.0852,0.3115,17,7,0,1,6,1.9459101490553132
187,2022,医药生物,0,35,38,34,18,57,182,495,5.209486152841421,36.76767676767677,0.5782533444962533,22.0891,0.2835,0.1028,0.0274,18,10,1,0,5,1.791759469228055
188,2016,批发零售,0,28,24,21,19,26,118,473,4.77912349311153,24.947145877378436,0.37137633591166047,24.1713,0.4192,0.0095,0.0719,20,11,0,0,2,1.0986122886681098
188,2017,批发零售,0,31,29,30,21,34,145,487,4.983606621708336,29.774127310061605,0.46586378124332334,25.9588,0.4055,0.0324,0.2508,21,8,0,1,1,0.6931471805599453
188,2018,批发零售,0,35,42,38,38,50,203,523,5.318119993844216,38.81453154875717,0.6846399705145052,25.3499,0.3878,0.039,0.1724,22,8,0,1,2,1.0986122886681098
188,2019,批发零售,0,43,39,38,24,52,196,552,5.2832037287379885,35.507246376811594,0.6383766275549647,26.726,0.188,0.158,-0.5726,23,10,0,1,4,1.6094379124341003
188,2020,批发零售,0,38,35,34,19,43,169,487,5.135798437050262,34.70225872689938,0.5406907737483604,25.938,0.2152,0.0504,-0.1769,24,11,0,0,3,1.3862943611198906
188,2021,批发零售,0,43,49,30,17,38,177,542,5.181783550292085,32.656826568265686,0.5575160452266282,26.3507,0.707,-0.0068,0.1547,25,10,0,0,0,0.0
188,2022,批发零售,0,34,39,36,16,41,166,458,5.117993812416755,36.24454148471616,0.5248664361714023,25.3228,0.387,0.0872,0.5021,26,11,0,0,4,1.6094379124341003
189,2016,金融保险,1,14,16,19,6,12,67,379,4.219507705176107,17.678100263852244,0.18262617895633435,23.4092,0.4879,-0.0018,-0.2515,21,7,0,0,2,1.0986122886681098
189,2017,金融保险,1,18,19,13,15,20,85,357,4.454347296253507,23.809523809523807,0.25300725233083304,23.0797,0.7191,0.107,0.2698,22,9,0,0,2,1.0986122886681098
189,2018,金融保险,1,24,27,13,14,26,104,407,4.653960350157523,25.552825552825553,0.31065480293668735,24.3076,0.6043,-0.0079,-0.0573,23,10,0,1,3,1.3862943611198906
189,2019,金融保险,1,26,35,28,20,24,133,431,4.897839799950911,30.8584686774942,0.42219013946932926,23.2887,0.344,0.072,-0.2733,24,7,0,1,3,1.3862943611198906
189,2020,金融保险,1,39,35,18,26,31,149,476,5.0106352940962555,31.30252100840336,0.4808344547696925,23.1217,0.5791,0.0585,0.288,25,10,0,0,0,0.0
189,2021,金融保险,1,36,33,32,20,41,162,445,5.093750200806762,36.40449438202247,0.5191825270888325,25.0433,0.1894,0.0756,-0.3117,26,11,0,1,6,1.9459101490553132
189,2022,金融保险,1,37,24,30,22,61,174,463,5.1647859739235145,37.580993520518355,0.5617727750258199,25.5981,0.424,0.1061,-0.0695,27,8,0,0,5,1.791759469228055
190,2016,交通运输,1,7,14,15,6,16,58,408,4.07753744390572,14.215686274509803,0.15028126999657418,22.9203,0.3035,0.0279,0.1083,15,8,0,0,1,0.6931471805599453
190,2017,交通运输,1,20,20,12,11,17,80,358,4.394449154672439,22.3463687150838,0.22918823886912518,22.9118,0.5674,-0.0361,0.6771,16,8,1,1,1,0.6931471805599453
190,2018,交通运输,1,23,30,17,14,16,100,430,4.61512051684126,23.25581395348837,0.2997815305943963,23.4459,0.67,0.1746,0.065,17,10,0,0,2,1.0986122886681098
190,2019,交通运输,1,27,25,27,25,26,130,430,4.875197323201151,30.23255813953488,0.42421264669139214,23.8798,0.4,0.0374,0.1509,18,5,0,0,2,1.0986122886681098
190,2020,交通运输,1,30,42,32,15,37,156,495,5.056245805348308,31.515151515151512,0.4870953414473196,25.5776,0.8134,-0.0398,0.6103,19,9,0,0,2,1.0986122886681098
190,2021,交通运输,1,35,41,30,19,47,172,478,5.153291594497779,35.98326359832636,0.5453624142906404,21.6798,0.2824,0.006,0.2888,20,6,1,1,3,1.3862943611198906
190,2022,交通运输,1,44,50,25,20,54,193,472,5.267858159063328,40.88983050847458,0.6103883442891614,25.3011,0.3534,0.0848,0.1838,21,10,0,1,8,2.1972245773362196
191,2016,能源材料,1,12,7,9,8,15,51,385,3.9512437185814275,13.246753246753245,0.13097023869337904,21.6087,0.1287,0.1647,0.1811,14,8,0,0,1,0.6931471805599453
191,2017,能源材料,1,10,5,6,8,9,38,342,3.6635616461296463,11.11111111111111,0.08798035371549036,23.5763,0.7527,-0.0413,0.2688,15,7,0,0,1,0.6931471805599453
191,2018,能源材料,1,4,8,7,7,17,43,333,3.784189633918261,12.912912912912914,0.1002438392304333,21.0794,0.4904,0.0876,-0.1149,16,9,0,0,0,0.0
191,2019,能源材料,1,20,13,20,12,10,75,374,4.330733340286331,20.053475935828878,0.2222508579492123,22.5855,0.7064,0.1073,0.0149,17,7,0,0,1,0.6931471805599453
191,2020,能源材料,1,15,19,14,14,19,81,362,4.406719247264253,22.375690607734807,0.23837802939573638,23.2137,0.6967,0.0445,0.3602,18,8,0,0,2,1.0986122886681098
191,2021,能源材料,1,17,20,26,18,19,100,357,4.61512051684126,28.011204481792717,0.3141579999785403,23.6888,0.68,0.0047,0.0159,19,11,0,0,1,0.6931471805599453
191,2022,能源材料,1,18,30,24,12,27,111,407,4.718498871295094,27.27272727272727,0.3339249702966059,25.2372,0.688,-0.0166,-0.3289,20,11,1,0,4,1.6094379124341003
192,2016,房地产,0,18,7,12,9,15,61,384,4.127134385045092,15.885416666666666,0.1679181508838592,22.7093,0.6835,0.0422,0.3066,14,10,1,0,0,0.0
192,2017,房地产,0,15,16,8,9,26,74,398,4.31748811353631,18.592964824120603,0.20340338795617308,22.0375,0.3066,0.0438,0.0609,15,10,0,0,3,1.3862943611198906
192,2018,房地产,0,16,29,18,9,27,99,445,4.605170185988092,22.247191011235955,0.2860926593079792,22.7173,0.7962,-0.045,0.329,16,12,0,1,2,1.0986122886681098
192,2019,房地产,0,23,33,27,17,30,130,470,4.875197323201151,27.659574468085108,0.4059817553163321,23.9753,0.5562,0.0375,-0.3113,17,9,0,0,4,1.6094379124341003
192,2020,房地产,0,33,21,21,14,34,123,420,4.820281565605037,29.28571428571429,0.37945482599669983,23.6252,0.3834,0.1461,0.5631,18,10,0,0,1,0.6931471805599453
192,2021,房地产,0,21,36,21,21,36,135,485,4.912654885736052,27.835051546391753,0.42425738573515226,25.6547,0.3974,0.0796,-0.3281,19,6,0,1,0,0.0
192,2022,房地产,0,24,32,32,18,34,140,412,4.948759890378168,33.980582524271846,0.44319457016232433,23.9615,0.2887,0.1107,-0.1442,20,8,1,0,4,1.6094379124341003
193,2016,信息技术,1,30,36,24,18,36,144,429,4.976733742420574,33.56643356643357,0.45112713167674257,20.9224,0.5359,0.0345,-0.0978,11,8,0,1,4,1.6094379124341003
193,2017,信息技术,1,43,38,26,18,35,160,520,5.081404364984463,30.76923076923077,0.5057309593422541,21.4243,0.5233,-0.0354,-0.1729,12,10,0,1,4,1.6094379124341003
193,2018,信息技术,1,33,43,38,17,39,170,457,5.14166355650266,37.199124726477024,0.5395572640078332,23.0174,0.2702,-0.0125,0.2819,13,11,1,0,9,2.302585092994046
193,2019,信息技术,1,41,48,35,21,40,185,550,5.225746673713202,33.63636363636363,0.59343524836147,21.4656,0.4803,-0.0351,0.1971,14,12,0,0,4,1.6094379124341003
193,2020,信息技术,1,61,49,28,26,59,223,497,5.4116460518550396,44.8692152917505,0.7229949639017389,22.0688,0.2451,-0.0846,0.0741,15,11,0,1,3,1.3862943611198906
193,2021,信息技术,1,48,52,30,20,54,204,556,5.3230099791384085,36.69064748201439,0.648922225527248,23.4285,0.8131,0.0018,0.129,16,11,0,0,10,2.3978952727983707
193,2022,信息技术,1,49,51,39,29,47,215,486,5.375278407684165,44.23868312757202,0.7073405041973763,24.0819,0.8727,0.1324,0.0589,17,10,0,1,20,3.044522437723423
194,2016,高端制造,0,22,26,24,15,31,118,426,4.77912349311153,27.699530516431924,0.36367141708795,22.9398,0.3235,0.0256,0.25,16,10,0,0,4,1.6094379124341003
194,2017,高端制造,0,24,21,31,19,24,119,424,4.787491742782046,28.066037735849058,0.38080459058825283,22.4672,0.4236,0.0717,0.1828,17,9,0,0,5,1.791759469228055
194,2018,高端制造,0,18,23,21,26,28,116,450,4.762173934797756,25.77777777777778,0.3762074619201976,24.6337,0.5964,-0.1039,0.3226,18,9,0,1,4,1.6094379124341003
194,2019,高端制造,0,21,26,37,13,31,128,437,4.859812404361672,29.290617848970253,0.399676152773814,24.5806,0.1678,0.0734,0.4194,19,12,1,1,6,1.9459101490553132
194,2020,高端制造,0,34,35,29,13,40,151,494,5.0238805208462765,30.5668016194332,0.46811344735827537,23.6599,0.6418,-0.0038,0.1697,20,11,1,0,3,1.3862943611198906
194,2021,高端制造,0,22,32,39,25,30,148,456,5.003946305945459,32.45614035087719,0.4859919212999323,24.5297,0.5813,0.0334,-0.3731,21,10,0,1,4,1.6094379124341003
194,2022,高端制造,0,37,33,35,24,45,174,536,5.1647859739235145,32.46268656716418,0.5669173290200952,23.9402,0.3436,-0.0377,0.0102,22,9,0,0,3,1.3862943611198906
195,2016,医药生物,1,26,29,30,19,21,125,411,4.836281906951478,30.413625304136254,0.39775014092601163,22.7416,0.3408,0.0696,-0.0318,5,10,0,1,4,1.6094379124341003
195,2017,医药生物,1,19,22,17,14,23,95,371,4.564348191467836,25.60646900269542,0.28480662135024953,23.7821,0.7485,0.0719,0.4362,6,10,0,0,2,1.0986122886681098
195,2018,医药生物,1,20,22,17,11,32,102,403,4.634728988229636,25.31017369727047,0.3013295402644604,24.9607,0.4122,0.1533,-0.0323,7,8,1,1,5,1.791759469228055
195,2019,医药生物,1,28,34,31,17,40,150,461,5.017279836814924,32.53796095444685,0.4726736263129996,24.9593,0.3737,0.171,0.1305,8,7,0,0,10,2.3978952727983707
195,2020,医药生物,1,34,29,28,16,44,151,475,5.0238805208462765,31.789473684210527,0.4745750083357944,24.8961,0.4408,0.0361,-0.1391,9,7,1,1,3,1.3862943611198906
195,2021,医药生物,1,27,25,23,21,31,127,416,4.852030263919617,30.528846153846157,0.40441101419162945,24.297,0.2124,0.0321,0.0186,10,10,0,0,3,1.3862943611198906
195,2022,医药生物,1,24,30,28,19,29,130,437,4.875197323201151,29.74828375286041,0.41142774159211576,24.5532,0.2181,0.1075,0.4616,11,7,0,0,8,2.1972245773362196
196,2016,批发零售,0,21,35,25,21,32,134,486,4.90527477843843,27.572016460905353,0.42398717273085645,23.565,0.3415,-0.0059,0.0149,18,11,0,1,5,1.791759469228055
196,2017,批发零售,0,27,23,19,20,26,115,387,4.7535901911063645,29.71576227390181,0.3624958527058512,23.2571,0.5356,0.0058,-0.0897,19,10,0,1,4,1.6094379124341003
196,2018,批发零售,0,15,22,15,15,19,86,363,4.465908118654584,23.69146005509642,0.2560364009817269,23.1875,0.3586,0.0263,0.0333,20,8,1,1,0,0.0
196,2019,批发零售,0,29,47,42,20,41,179,484,5.19295685089021,36.98347107438016,0.5743976458942256,25.4597,0.7959,0.0748,-0.0272,21,8,1,1,7,2.0794415416798357
196,2020,批发零售,0,33,43,40,23,43,182,508,5.209486152841421,35.826771653543304,0.5902219834711837,24.4029,0.3843,0.0534,0.4446,22,11,1,0,5,1.791759469228055
196,2021,批发零售,0,40,38,29,17,46,170,449,5.14166355650266,37.8619153674833,0.5365119031328199,24.6509,0.4089,0.0113,0.315,23,9,0,0,0,0.0
196,2022,批发零售,0,29,50,30,17,38,164,450,5.10594547390058,36.44444444444444,0.5127536992668437,24.6712,0.5459,0.0624,-0.0445,24,7,1,1,7,2.0794415416798357
197,2016,金融保险,0,19,19,16,9,14,77,366,4.356708826689592,21.03825136612022,0.21851233217297086,23.3487,0.6324,0.0623,0.4068,11,10,0,0,2,1.0986122886681098
197,2017,金融保险,0,31,21,17,9,26,104,423,4.653960350157523,24.58628841607565,0.3068322192196598,25.0027,0.1362,0.1146,0.0383,12,10,0,0,3,1.3862943611198906
197,2018,金融保险,0,34,40,29,14,42,159,465,5.075173815233827,34.193548387096776,0.4941051524385493,21.2293,0.526,-0.0005,0.2716,13,11,0,1,3,1.3862943611198906
197,2019,金融保险,0,35,38,33,27,35,168,485,5.1298987149230735,34.63917525773196,0.5508348672354432,23.6236,0.2037,0.0334,0.0333,14,7,0,1,6,1.9459101490553132
197,2020,金融保险,0,37,34,32,23,53,179,453,5.19295685089021,39.51434878587197,0.5785208474271821,24.8557,0.7166,0.0743,0.2064,15,9,0,1,7,2.0794415416798357
197,2021,金融保险,0,57,48,35,24,60,224,532,5.41610040220442,42.10526315789473,0.7261325271960417,24.1988,0.0721,-0.0068,-0.3293,16,9,0,1,5,1.791759469228055
197,2022,金融保险,0,28,53,41,22,45,189,460,5.247024072160486,41.08695652173913,0.6074666989751045,25.3,0.5373,0.1126,0.2595,17,8,1,1,14,2.70805020110221
198,2016,交通运输,0,14,16,17,17,23,87,374,4.477336814478207,23.262032085561497,0.26545437554224083,21.5046,0.6405,0.0743,0.058,6,9,0,0,1,0.6931471805599453
198,2017,交通运输,0,13,16,7,12,15,63,425,4.1588830833596715,14.823529411764705,0.17336444215622498,22.0732,0.5141,0.0815,0.3229,7,9,0,0,2,1.0986122886681098
198,2018,交通运输,0,24,31,22,8,12,97,448,4.584967478670572,21.651785714285715,0.28213270507496696,21.6141,0.106,-0.0081,0.5523,8,6,0,0,0,0.0
198,2019,交通运输,0,26,30,32,14,42,144,464,4.976733742420574,31.03448275862069,0.4490527125469456,21.3408,0.1722,0.0169,-0.1917,9,10,0,1,0,0.0
198,2020,交通运输,0,20,37,34,24,36,151,445,5.0238805208462765,33.93258426966292,0.4885569391339871,22.7799,0.4303,0.0021,-0.0018,10,10,1,1,1,0.6931471805599453
198,2021,交通运输,0,36,35,32,10,39,152,455,5.030437921392435,33.4065934065934,0.46799122185682246,22.2293,0.3564,0.0015,0.3557,11,11,1,0,5,1.791759469228055
198,2022,交通运输,0,35,44,40,17,39,175,459,5.170483995038151,38.12636165577342,0.5569180801988438,24.4143,0.5648,-0.0185,-0.0592,12,9,0,1,2,1.0986122886681098
199,2016,能源材料,1,22,30,28,11,23,114,388,4.74493212836325,29.381443298969074,0.34512924236823816,20.1891,0.226,0.0285,0.4169,20,9,0,0,6,1.9459101490553132
199,2017,能源材料,1,34,35,15,22,30,136,436,4.919980925828125,31.19266055045872,0.4289214039821468,21.9877,0.3074,0.1007,0.1225,21,10,0,0,3,1.3862943611198906
199,2018,能源材料,1,29,29,30,24,49,161,495,5.087596335232384,32.525252525252526,0.5215060338287595,21.901,0.5175,0.0909,0.2392,22,7,0,0,4,1.6094379124341003
199,2019,能源材料,1,48,46,41,32,46,213,532,5.365976015021851,40.037593984962406,0.7090126018840835,22.0858,0.5977,-0.0623,0.0378,23,9,0,1,3,1.3862943611198906
199,2020,能源材料,1,44,40,30,19,65,198,527,5.293304824724492,37.571157495256166,0.6297724311336399,24.1137,0.2955,0.0598,-0.2245,24,8,0,1,17,2.8903717578961645
199,2021,能源材料,1,45,47,38,27,50,207,496,5.337538079701318,41.733870967741936,0.6775057318732711,23.902,0.5041,0.1535,0.1606,25,9,0,1,19,2.995732273553991
199,2022,能源材料,1,48,55,36,27,36,202,510,5.313205979041787,39.6078431372549,0.6594083366199768,22.6493,0.3507,0.0467,0.135,26,9,0,1,10,2.3978952727983707
200,2016,房地产,0,11,7,3,6,11,38,333,3.6635616461296463,11.411411411411411,0.08194702310948986,22.3343,0.4186,0.0333,0.4158,11,8,1,0,3,1.3862943611198906
200,2017,房地产,0,11,12,12,10,15,60,420,4.110873864173311,14.285714285714285,0.16376907876996222,21.4992,0.4353,0.0079,0.1863,12,9,1,0,0,0.0
200,2018,房地产,0,14,19,6,12,13,64,394,4.174387269895637,16.243654822335024,0.17543270459746113,21.4956,0.6645,0.1192,0.1827,13,11,0,0,1,0.6931471805599453
200,2019,房地产,0,36,39,26,18,30,149,474,5.0106352940962555,31.434599156118143,0.469067750318747,22.8048,0.4056,0.1188,0.6523,14,7,0,1,5,1.791759469228055
200,2020,房地产,0,32,37,20,15,43,147,422,4.997212273764115,34.834123222748815,0.45243359561589985,22.3623,0.4548,0.0675,-0.0157,15,10,0,1,3,1.3862943611198906
200,2021,房地产,0,31,38,35,23,45,172,464,5.153291594497779,37.06896551724138,0.5560260905180451,23.7234,0.4149,0.1015,0.3289,16,10,0,1,3,1.3862943611198906
200,2022,房地产,0,31,37,28,31,45,172,507,5.153291594497779,33.92504930966469,0.5670096947638191,23.2662,0.2403,0.0073,0.2641,17,10,1,0,7,2.0794415416798357
201,2016,信息技术,1,29,18,18,15,27,107,429,4.68213122712422,24.941724941724942,0.3286539832465885,21.4445,0.6479,-0.0446,0.2254,3,8,1,1,0,0.0
201,2017,信息技术,1,26,17,20,15,28,106,440,4.672828834461906,24.09090909090909,0.3262848017035507,23.5341,0.6034,0.104,0.0636,4,13,1,0,5,1.791759469228055
201,2018,信息技术,1,14,19,19,8,20,80,354,4.394449154672439,22.598870056497177,0.22673691415306552,20.2548,0.7054,0.0554,-0.2975,5,14,0,0,2,1.0986122886681098
201,2019,信息技术,1,22,32,20,20,27,121,452,4.804021044733257,26.769911504424783,0.3787419434923826,22.1272,0.4615,0.0756,-0.2673,6,9,0,0,5,1.791759469228055
201,2020,信息技术,1,36,32,22,17,32,139,474,4.941642422609304,29.324894514767934,0.4345743019706284,21.1265,0.6877,0.0319,-0.1602,7,10,0,1,4,1.6094379124341003
201,2021,信息技术,1,35,33,26,14,38,146,409,4.990432586778736,35.69682151589242,0.45301145142493165,22.5295,0.5627,0.0818,-0.358,8,11,0,1,5,1.791759469228055
201,2022,信息技术,1,23,37,24,16,43,143,422,4.969813299576001,33.88625592417062,0.4421012587511976,22.3827,0.4843,0.1836,0.0288,9,6,0,1,1,0.6931471805599453
202,2016,高端制造,1,18,28,15,8,26,95,415,4.564348191467836,22.89156626506024,0.27032128816165685,19.6474,0.4133,-0.014,0.2988,2,10,1,0,2,1.0986122886681098
202,2017,高端制造,1,23,22,17,15,21,98,392,4.59511985013459,25.0,0.2972078424154452,22.8956,0.5049,0.0302,-0.1102,3,8,0,0,6,1.9459101490553132
202,2018,高端制造,1,29,25,22,9,22,107,467,4.68213122712422,22.91220556745182,0.31818184913683023,20.8241,0.3166,0.0144,0.3094,4,13,0,1,1,0.6931471805599453
202,2019,高端制造,1,29,34,25,15,33,136,455,4.919980925828125,29.89010989010989,0.42101632653056054,21.7733,0.3276,0.0516,0.2685,5,8,0,1,5,1.791759469228055
202,2020,高端制造,1,35,47,28,21,44,175,497,5.170483995038151,35.2112676056338,0.5559837447849769,23.7244,0.3214,0.1007,-0.0181,6,7,0,0,8,2.1972245773362196
202,2021,高端制造,1,35,31,25,33,39,163,516,5.099866427824199,31.589147286821706,0.5429092001698121,21.7125,0.95,0.0869,-0.4514,7,9,0,1,4,1.6094379124341003
202,2022,高端制造,1,32,35,28,22,38,155,460,5.049856007249537,33.69565217391305,0.4968587520651851,22.3874,0.5053,0.0984,0.3605,8,8,0,1,5,1.791759469228055
203,2016,医药生物,0,11,15,14,8,10,58,356,4.07753744390572,16.292134831460675,0.1542731710830254,21.8216,0.3477,0.0106,0.0466,6,8,0,0,1,0.6931471805599453
203,2017,医药生物,0,16,13,13,8,18,68,375,4.23410650459726,18.133333333333333,0.18683423002497027,20.2941,0.3912,-0.0269,0.1482,7,7,1,0,0,0.0
203,2018,医药生物,0,6,19,12,7,12,56,338,4.04305126783455,16.56804733727811,0.14253722747446956,21.074,0.5292,0.0287,-0.1931,8,9,1,0,1,0.6931471805599453
203,2019,医药生物,0,26,11,10,12,15,74,416,4.31748811353631,17.78846153846154,0.21446142646060212,21.3507,0.2294,0.0623,0.1035,9,9,0,0,2,1.0986122886681098
203,2020,医药生物,0,8,12,11,7,9,47,356,3.871201010907891,13.202247191011235,0.11562299645152686,22.3275,0.2949,0.0438,0.3515,10,12,0,0,1,0.6931471805599453
203,2021,医药生物,0,11,11,14,8,19,63,345,4.1588830833596715,18.26086956521739,0.17091648114698715,21.627,0.4729,0.1105,0.3,11,8,0,0,0,0.0
203,2022,医药生物,0,16,22,13,11,19,81,360,4.406719247264253,22.5,0.23152140396587334,22.7475,0.4453,-0.0436,-0.3626,12,9,0,0,0,0.0
204,2016,批发零售,0,23,45,34,16,33,151,432,5.0238805208462765,34.9537037037037,0.4721275731929493,20.5105,0.6037,0.0376,0.1541,17,10,1,1,2,1.0986122886681098
204,2017,批发零售,0,35,34,36,15,45,165,514,5.111987788356544,32.1011673151751,0.5211737321253107,21.5198,0.1542,0.068,-0.1291,18,5,1,1,7,2.0794415416798357
204,2018,批发零售,0,26,52,34,14,41,167,477,5.123963979403259,35.0104821802935,0.5178560838369777,20.8179,0.7867,0.0095,0.53,19,9,1,1,3,1.3862943611198906
204,2019,批发零售,0,35,35,35,18,51,174,510,5.1647859739235145,34.11764705882353,0.5544008025734126,21.4913,0.6145,-0.0416,-0.0871,20,8,0,1,6,1.9459101490553132
204,2020,批发零售,0,40,51,39,38,61,229,518,5.438079308923196,44.20849420849421,0.7664357840864782,23.3171,0.7297,0.0355,0.0706,21,9,1,0,12,2.5649493574615367
204,2021,批发零售,0,56,47,37,31,59,230,556,5.442417710521793,41.36690647482014,0.7597972324100755,21.9333,0.05,0.0407,-0.0666,22,9,0,0,10,2.3978952727983707
204,2022,批发零售,0,44,48,33,24,52,201,466,5.308267697401205,43.13304721030043,0.6490374186184751,22.5786,0.3418,0.0464,-0.6,23,10,0,1,16,2.833213344056216
205,2016,金融保险,1,31,38,24,11,22,126,414,4.844187086458591,30.434782608695656,0.3807788233319717,23.2235,0.4089,0.088,0.2934,2,8,0,1,6,1.9459101490553132
205,2017,金融保险,1,32,19,24,18,31,124,455,4.8283137373023015,27.252747252747252,0.3924876837671423,24.3907,0.7491,0.0825,0.1581,3,6,0,0,1,0.6931471805599453
205,2018,金融保险,1,44,24,28,16,39,151,484,5.0238805208462765,31.198347107438018,0.4782727177340876,23.6621,0.287,0.0005,-0.1885,4,11,1,1,2,1.0986122886681098
205,2019,金融保险,1,31,43,29,17,52,172,485,5.153291594497779,35.4639175257732,0.539369166013071,24.9048,0.4362,0.0417,0.3835,5,8,1,1,14,2.70805020110221
205,2020,金融保险,1,35,47,30,31,58,201,518,5.308267697401205,38.803088803088805,0.6584331875907431,24.7293,0.3509,0.0198,-0.3595,6,9,1,1,8,2.1972245773362196
205,2021,金融保险,1,36,62,30,25,42,195,510,5.278114659230517,38.23529411764706,0.6248732447141099,24.2937,0.5397,-0.0351,-0.0857,7,5,1,1,6,1.9459101490553132
205,2022,金融保险,1,48,56,37,19,40,200,536,5.303304908059076,37.3134328358209,0.638146462242321,24.8891,0.3318,0.1187,0.0501,8,10,0,1,15,2.772588722239781
206,2016,交通运输,1,21,29,27,24,36,137,451,4.927253685157205,30.376940133037696,0.4418854802765717,21.7192,0.4429,-0.0042,0.5309,17,9,0,0,2,1.0986122886681098
206,2017,交通运输,1,21,34,24,24,39,142,431,4.962844630259907,32.94663573085847,0.4545150780819924,21.6446,0.2115,0.129,0.2881,18,8,1,0,2,1.0986122886681098
206,2018,交通运输,1,41,41,31,22,41,176,525,5.176149732573829,33.523809523809526,0.5659413271777934,20.0081,0.373,0.1008,0.3515,19,9,0,1,1,0.6931471805599453
206,2019,交通运输,1,34,53,52,27,35,201,540,5.308267697401205,37.22222222222222,0.6637212103339708,21.6877,0.6319,0.0463,-0.1849,20,8,0,0,1,0.6931471805599453
206,2020,交通运输,1,40,38,35,31,53,197,497,5.288267030694535,39.63782696177062,0.6524653669360936,23.5201,0.3405,0.0351,-0.0778,21,11,0,1,3,1.3862943611198906
206,2021,交通运输,1,44,49,37,32,51,213,486,5.365976015021851,43.82716049382716,0.7046549253779344,22.1149,0.6461,0.077,0.0475,22,10,1,1,9,2.302585092994046
206,2022,交通运输,1,39,49,31,30,43,192,486,5.262690188904886,39.50617283950617,0.6294118206798687,20.7585,0.162,0.0908,-0.1189,23,9,0,1,9,2.302585092994046
207,2016,能源材料,1,5,6,10,9,12,42,342,3.7612001156935624,12.280701754385964,0.10364308563788391,20.7785,0.7241,-0.0215,-0.2823,21,6,0,0,1,0.6931471805599453
207,2017,能源材料,1,12,12,10,11,20,65,374,4.189654742026425,17.379679144385026,0.18036894279867102,18.519,0.7041,0.0377,-0.3136,22,6,0,0,0,0.0
207,2018,能源材料,1,16,18,16,8,20,78,336,4.3694478524670215,23.214285714285715,0.21918851521565558,19.3336,0.4183,-0.0108,-0.3269,23,10,1,0,1,0.6931471805599453
207,2019,能源材料,1,26,25,27,11,31,120,447,4.795790545596741,26.845637583892618,0.3655121785106262,20.7767,0.4485,0.0281,-0.2416,24,7,0,0,5,1.791759469228055
207,2020,能源材料,1,21,30,27,7,27,112,397,4.727387818712341,28.211586901763226,0.3302093841581275,20.019,0.05,0.0711,0.2548,25,10,0,0,3,1.3862943611198906
207,2021,能源材料,1,27,35,30,19,34,145,469,4.983606621708336,30.916844349680172,0.4596346947623682,21.6311,0.6575,0.0315,0.6347,26,11,0,1,2,1.0986122886681098
207,2022,能源材料,1,30,35,26,11,31,133,444,4.897839799950911,29.954954954954953,0.4045644500046946,21.7316,0.7183,0.0009,0.3929,27,6,1,1,3,1.3862943611198906
208,2016,房地产,0,11,8,15,9,14,57,392,4.060443010546419,14.540816326530612,0.15528691143305884,21.3395,0.3735,0.0018,-0.1712,12,10,0,0,4,1.6094379124341003
208,2017,房地产,0,18,23,7,8,18,74,364,4.31748811353631,20.32967032967033,0.2000129241838786,22.138,0.8279,0.1005,-0.0535,13,9,1,0,2,1.0986122886681098
208,2018,房地产,0,20,18,16,11,20,85,383,4.454347296253507,22.193211488250654,0.24803568069867615,20.7755,0.776,0.0505,-0.4973,14,8,0,0,1,0.6931471805599453
208,2019,房地产,0,18,23,20,17,27,105,441,4.663439094112067,23.809523809523807,0.3235789091929411,22.8971,0.1273,0.0688,0.1111,15,8,0,0,5,1.791759469228055
208,2020,房地产,0,24,28,26,13,24,115,430,4.7535901911063645,26.744186046511626,0.3517662455295442,20.9897,0.2562,0.0292,0.0307,16,9,0,0,3,1.3862943611198906
208,2021,房地产,0,26,39,37,14,39,155,504,5.049856007249537,30.753968253968257,0.4849834083903107,22.7131,0.3632,0.02,-0.1916,17,9,1,1,4,1.6094379124341003
208,2022,房地产,0,35,46,20,19,51,171,526,5.147494476813453,32.50950570342205,0.5344550758547308,22.1384,0.2644,-0.0648,-0.091,18,11,1,1,2,1.0986122886681098
209,2016,信息技术,1,14,10,8,6,15,53,366,3.9889840465642745,14.48087431693989,0.13259394624871731,18.6814,0.6154,0.0419,-0.2066,18,8,0,1,1,0.6931471805599453
209,2017,信息技术,1,9,6,15,10,16,56,375,4.04305126783455,14.933333333333335,0.1539983854901724,21.2164,0.7962,0.1055,0.4253,19,5,0,0,0,0.0
209,2018,信息技术,1,14,22,12,9,22,79,433,4.382026634673881,18.244803695150118,0.2201949063927882,20.3667,0.7342,0.027,0.0513,20,9,1,0,3,1.3862943611198906
209,2019,信息技术,1,15,20,25,14,27,101,377,4.624972813284271,26.790450928381965,0.3084271982455237,20.7227,0.3244,0.0433,0.427,21,7,1,0,1,0.6931471805599453
209,2020,信息技术,1,12,34,23,15,22,106,453,4.672828834461906,23.399558498896248,0.3208501345899447,21.9716,0.7846,-0.0631,-0.3142,22,9,1,0,2,1.0986122886681098
209,2021,信息技术,1,24,20,24,13,26,107,422,4.68213122712422,25.355450236966824,0.32704747592729455,20.8933,0.3607,0.0554,0.6451,23,10,0,0,3,1.3862943611198906
209,2022,信息技术,1,14,20,20,12,19,85,452,4.454347296253507,18.805309734513273,0.25062100851318936,21.0237,0.1073,0.0618,-0.2447,24,9,0,0,1,0.6931471805599453
210,2016,高端制造,0,23,26,19,14,24,106,414,4.672828834461906,25.60386473429952,0.3209005326193612,23.4517,0.1631,0.0559,0.3075,16,8,0,0,1,0.6931471805599453
210,2017,高端制造,0,16,30,41,17,33,137,472,4.927253685157205,29.02542372881356,0.4361845345905747,21.8534,0.1929,0.0855,0.1229,17,9,0,0,1,0.6931471805599453
210,2018,高端制造,0,39,51,35,19,37,181,504,5.204006687076795,35.91269841269841,0.5758001214098246,23.604,0.5454,-0.0214,0.0454,18,8,0,1,4,1.6094379124341003
210,2019,高端制造,0,38,53,33,17,50,191,547,5.2574953720277815,34.91773308957952,0.6014035698674607,24.4203,0.4169,0.0638,-0.1725,19,6,0,1,9,2.302585092994046
210,2020,高端制造,0,45,54,38,26,44,207,485,5.337538079701318,42.68041237113402,0.6740066288770478,22.669,0.5106,0.0716,-0.0034,20,10,1,1,3,1.3862943611198906
210,2021,高端制造,0,48,52,34,28,46,208,509,5.342334251964811,40.86444007858546,0.679574106604767,24.2866,0.7196,0.0102,0.2625,21,9,0,0,2,1.0986122886681098
210,2022,高端制造,0,37,50,43,29,46,205,493,5.327876168789581,41.58215010141988,0.6756427101174652,24.2233,0.4859,-0.0317,0.103,22,11,1,1,3,1.3862943611198906
211,2016,医药生物,0,10,7,8,5,14,44,359,3.8066624897703196,12.256267409470752,0.10197435165799844,24.483,0.6149,0.0058,0.1553,13,7,1,0,0,0.0
211,2017,医药生物,0,14,13,7,6,5,45,329,3.828641396489095,13.677811550151976,0.10606559615351574,23.1993,0.6164,-0.0038,0.4745,14,6,0,0,0,0.0
211,2018,医药生物,0,9,9,7,19,15,59,372,4.0943445622221,15.86021505376344,0.17479104328272538,23.1353,0.7014,0.0108,0.0837,15,10,0,0,0,0.0
211,2019,医药生物,0,15,10,15,8,29,77,356,4.356708826689592,21.629213483146067,0.21691746819994834,23.2373,0.4566,0.0289,-0.0579,16,8,0,0,0,0.0
211,2020,医药生物,0,18,18,8,10,21,75,383,4.330733340286331,19.5822454308094,0.20879999608866273,22.202,0.3152,-0.0611,-0.0472,17,9,0,0,0,0.0
211,2021,医药生物,0,21,22,17,9,23,92,453,4.532599493153256,20.309050772626932,0.26624812211615845,24.4703,0.3019,0.0128,0.1979,18,10,0,0,5,1.791759469228055
211,2022,医药生物,0,23,21,17,15,19,95,396,4.564348191467836,23.98989898989899,0.28798624548914314,25.9782,0.3307,0.0925,1.1494,19,7,0,0,2,1.0986122886681098
212,2016,批发零售,1,22,20,29,29,26,126,458,4.844187086458591,27.510917030567683,0.4204830504773458,21.85,0.3507,0.0495,-0.0835,22,8,1,0,1,0.6931471805599453
212,2017,批发零售,1,24,24,16,14,31,109,472,4.700480365792417,23.093220338983052,0.32906362198838146,23.7106,0.5917,0.1527,0.2442,23,12,0,0,5,1.791759469228055
212,2018,批发零售,1,18,21,16,16,28,99,426,4.605170185988092,23.239436619718308,0.3005565822139288,23.0923,0.2872,0.0629,-0.1039,24,8,0,1,5,1.791759469228055
212,2019,批发零售,1,40,38,31,11,42,162,484,5.093750200806762,33.47107438016529,0.5010961790937312,22.1476,0.3886,0.0368,0.109,25,12,1,1,6,1.9459101490553132
212,2020,批发零售,1,29,31,36,20,29,145,500,4.983606621708336,28.999999999999996,0.46695471695955315,22.8792,0.2783,0.1213,0.0297,26,8,0,1,1,0.6931471805599453
212,2021,批发零售,1,26,24,19,14,34,117,416,4.770684624465665,28.125,0.35675911886479367,26.1772,0.3322,0.0524,0.3606,27,11,1,1,12,2.5649493574615367
212,2022,批发零售,1,30,32,16,14,38,130,415,4.875197323201151,31.32530120481928,0.39493414480314826,22.9743,0.6349,0.1083,-0.1822,28,11,0,0,3,1.3862943611198906
213,2016,金融保险,0,22,27,19,12,27,107,456,4.68213122712422,23.464912280701753,0.31971643585380466,22.4021,0.671,0.0799,0.1224,22,12,1,0,2,1.0986122886681098
213,2017,金融保险,0,22,32,37,17,35,143,504,4.969813299576001,28.373015873015873,0.45351812068116104,23.6499,0.7243,0.0362,0.3039,23,13,1,0,3,1.3862943611198906
213,2018,金融保险,0,25,26,18,14,37,120,440,4.795790545596741,27.27272727272727,0.36483509158278826,24.799,0.3278,0.093,0.3525,24,7,0,0,1,0.6931471805599453
213,2019,金融保险,0,27,41,34,15,29,146,492,4.990432586778736,29.67479674796748,0.45638690814413285,24.367,0.4386,0.0321,0.0647,25,11,0,1,3,1.3862943611198906
213,2020,金融保险,0,29,39,31,19,49,167,443,5.123963979403259,37.69751693002257,0.5291873046363684,25.601,0.6253,0.0327,0.4254,26,7,0,1,6,1.9459101490553132
213,2021,金融保险,0,40,45,35,19,41,180,537,5.198497031265826,33.5195530726257,0.5742575983974711,25.2798,0.6334,0.023,-0.0377,27,11,0,1,4,1.6094379124341003
213,2022,金融保险,0,42,57,44,18,67,228,552,5.43372200355424,41.30434782608695,0.7272627793169881,25.3417,0.2628,0.0843,0.0735,28,11,0,1,15,2.772588722239781
214,2016,交通运输,1,13,3,8,6,15,45,378,3.828641396489095,11.904761904761903,0.10871988175297341,22.7878,0.3912,0.0836,-0.2924,23,9,0,1,1,0.6931471805599453
214,2017,交通运输,1,8,8,13,7,6,42,385,3.7612001156935624,10.909090909090908,0.10210513521408765,25.0723,0.6012,0.0163,0.6522,24,9,0,0,1,0.6931471805599453
214,2018,交通运输,1,10,14,16,13,25,78,346,4.3694478524670215,22.54335260115607,0.2281704353995318,23.7752,0.5916,-0.0102,0.2009,25,7,0,0,3,1.3862943611198906
214,2019,交通运输,1,26,35,18,18,22,119,436,4.787491742782046,27.293577981651374,0.3676217064908503,24.0453,0.2219,0.0132,0.4616,26,10,0,1,1,0.6931471805599453
214,2020,交通运输,1,21,30,25,9,28,113,414,4.736198448394496,27.294685990338163,0.33588202511269405,25.02,0.6243,0.0207,0.1562,27,8,1,1,3,1.3862943611198906
214,2021,交通运输,1,23,25,27,13,41,129,466,4.867534450455582,27.682403433476395,0.39693006935522274,25.6507,0.3013,0.0179,-0.2709,28,9,0,0,1,0.6931471805599453
214,2022,交通运输,1,23,26,23,24,40,136,463,4.919980925828125,29.373650107991363,0.43727208463951345,25.5795,0.3782,0.0309,-0.0475,29,11,1,0,6,1.9459101490553132
215,2016,能源材料,0,5,19,4,5,9,42,346,3.7612001156935624,12.138728323699421,0.08903831992957724,22.6924,0.6601,0.0221,0.6781,18,12,0,1,0,0.0
215,2017,能源材料,0,8,11,15,7,10,51,337,3.9512437185814275,15.133531157270031,0.13109681220286934,22.0918,0.4601,0.1096,-0.0269,19,9,0,0,1,0.6931471805599453
215,2018,能源材料,0,8,9,9,15,7,48,363,3.8918202981106265,13.223140495867769,0.13352226262727915,23.6453,0.4571,-0.0131,-0.4831,20,10,0,0,2,1.0986122886681098
215,2019,能源材料,0,11,14,12,5,16,58,398,4.07753744390572,14.572864321608039,0.14739502308025923,23.0772,0.3603,0.0322,0.7101,21,11,1,0,4,1.6094379124341003
215,2020,能源材料,0,17,11,14,6,19,67,394,4.219507705176107,17.00507614213198,0.18120514739591664,23.6209,0.4436,0.1461,0.2346,22,11,0,0,0,0.0
215,2021,能源材料,0,21,14,15,9,22,81,407,4.406719247264253,19.901719901719904,0.23208293526052587,24.6015,0.4197,0.0031,-0.4721,23,8,0,0,2,1.0986122886681098
215,2022,能源材料,0,19,28,21,15,17,100,452,4.61512051684126,22.123893805309734,0.30378086126981074,23.9111,0.5676,-0.0279,-0.308,24,12,0,0,2,1.0986122886681098
216,2016,房地产,0,33,18,18,19,27,115,475,4.7535901911063645,24.210526315789473,0.3625753151873939,23.7404,0.712,0.0726,0.5741,11,10,0,0,3,1.3862943611198906
216,2017,房地产,0,28,29,24,11,49,141,485,4.955827057601261,29.07216494845361,0.4292622102137478,23.4157,0.4724,0.0202,0.4525,12,10,0,0,1,0.6931471805599453
216,2018,房地产,0,23,26,33,23,44,149,482,5.0106352940962555,30.91286307053942,0.48291562974689317,24.7526,0.5242,0.1255,-0.0203,13,11,0,0,3,1.3862943611198906
216,2019,房地产,0,37,42,31,20,52,182,494,5.209486152841421,36.84210526315789,0.5797291768390087,23.0113,0.4246,0.0978,0.2964,14,8,0,1,7,2.0794415416798357
216,2020,房地产,0,45,46,35,24,65,215,535,5.375278407684165,40.18691588785047,0.6951545867745883,23.9796,0.3274,-0.0397,-0.1705,15,8,0,1,12,2.5649493574615367
216,2021,房地产,0,40,50,45,18,50,203,495,5.318119993844216,41.01010101010101,0.6502650993807231,24.0083,0.471,0.0944,0.0595,16,5,1,1,10,2.3978952727983707
216,2022,房地产,0,46,45,44,38,56,229,528,5.438079308923196,43.371212121212125,0.7726460862313855,24.2172,0.3788,0.0727,-0.1662,17,5,0,1,15,2.772588722239781
217,2016,信息技术,0,26,28,21,16,25,116,410,4.762173934797756,28.292682926829265,0.35788863942853244,20.2666,0.7155,0.0327,0.0347,2,7,0,0,2,1.0986122886681098
217,2017,信息技术,0,25,17,18,11,28,99,425,4.605170185988092,23.294117647058822,0.294957471632864,22.8836,0.2522,0.0211,-0.016,3,11,0,0,3,1.3862943611198906
217,2018,信息技术,0,31,38,17,14,37,137,461,4.927253685157205,29.718004338394792,0.4165476669797832,23.6469,0.5342,0.0638,-0.4008,4,10,1,1,5,1.791759469228055
217,2019,信息技术,0,30,37,29,24,34,154,417,5.043425116919247,36.930455635491604,0.4972597486255701,22.6481,0.2377,0.0636,-0.1376,5,7,1,0,4,1.6094379124341003
217,2020,信息技术,0,39,32,34,30,42,177,488,5.181783550292085,36.27049180327869,0.5879920092881421,22.9428,0.5548,0.0573,0.495,6,10,1,1,3,1.3862943611198906
217,2021,信息技术,0,40,48,25,31,48,192,538,5.262690188904886,35.687732342007436,0.627838703860269,25.0272,0.3649,0.1593,0.2125,7,6,0,1,9,2.302585092994046
217,2022,信息技术,0,36,49,31,25,45,186,502,5.231108616854587,37.05179282868526,0.6001201003109502,23.872,0.5833,0.0251,0.1783,8,10,0,1,6,1.9459101490553132
218,2016,高端制造,0,39,33,31,23,34,160,485,5.081404364984463,32.98969072164948,0.5187696369304776,24.6591,0.3293,0.1558,0.2492,5,6,0,1,4,1.6094379124341003
218,2017,高端制造,0,43,35,28,21,39,166,514,5.117993812416755,32.295719844357976,0.5324012231601096,24.9965,0.6726,-0.0265,0.0643,6,5,0,1,1,0.6931471805599453
218,2018,高端制造,0,35,40,32,19,51,177,515,5.181783550292085,34.368932038834956,0.562658149583235,25.017,0.7025,-0.0225,0.3434,7,9,0,0,0,0.0
218,2019,高端制造,0,29,37,36,28,47,177,503,5.181783550292085,35.188866799204774,0.58177046468641,25.469,0.5503,0.0263,-0.0031,8,8,0,1,6,1.9459101490553132
218,2020,高端制造,0,29,37,36,19,48,169,498,5.135798437050262,33.93574297188755,0.5392517723174742,26.8409,0.4751,0.0945,-0.2071,9,7,0,1,9,2.302585092994046
218,2021,高端制造,0,47,54,36,20,62,219,555,5.393627546352362,39.45945945945946,0.6994279689933385,26.5917,0.3221,0.0306,-0.067,10,9,0,1,14,2.70805020110221
218,2022,高端制造,0,39,54,48,35,66,242,562,5.493061443340548,43.06049822064057,0.8066333429180743,27.8858,0.4184,-0.005,0.2881,11,10,0,1,17,2.8903717578961645
219,2016,医药生物,0,21,17,14,8,17,77,419,4.356708826689592,18.377088305489263,0.21622444746317768,23.2388,0.2749,0.0979,-0.1718,7,11,0,0,0,0.0
219,2017,医药生物,0,22,37,17,20,25,121,433,4.804021044733257,27.9445727482679,0.375627512542165,24.8833,0.5565,0.0178,-0.0576,8,7,0,0,5,1.791759469228055
219,2018,医药生物,0,16,17,15,15,16,79,374,4.382026634673881,21.12299465240642,0.23537622313552664,23.4164,0.4847,0.0448,0.1666,9,8,1,1,1,0.6931471805599453
219,2019,医药生物,0,33,45,34,14,37,163,496,5.099866427824199,32.86290322580645,0.5086361285560554,23.7852,0.2906,0.0522,0.4669,10,9,0,0,3,1.3862943611198906
219,2020,医药生物,0,21,38,27,21,34,141,441,4.955827057601261,31.97278911564626,0.4466812382173829,24.6107,0.3273,0.0817,-0.0568,11,10,0,0,1,0.6931471805599453
219,2021,医药生物,0,27,39,22,25,34,147,426,4.997212273764115,34.50704225352113,0.47127764435674113,24.7255,0.3172,0.1053,-0.3695,12,8,0,0,5,1.791759469228055
219,2022,医药生物,0,33,37,38,9,45,162,515,5.093750200806762,31.456310679611647,0.5003128543080398,24.9275,0.4564,0.0126,-0.0747,13,8,0,1,1,0.6931471805599453
220,2016,批发零售,0,23,34,32,15,46,150,488,5.017279836814924,30.737704918032787,0.4681995441231786,21.8374,0.1519,0.0879,0.151,6,6,0,1,2,1.0986122886681098
220,2017,批发零售,0,41,29,20,17,35,142,429,4.962844630259907,33.1002331002331,0.4446550978768229,22.565,0.465,0.0474,-0.2076,7,10,0,0,2,1.0986122886681098
220,2018,批发零售,0,23,40,30,13,23,129,442,4.867534450455582,29.185520361990953,0.3955480937638228,23.8168,0.451,0.0698,0.7088,8,10,0,0,5,1.791759469228055
220,2019,批发零售,0,37,43,38,17,40,175,496,5.170483995038151,35.28225806451613,0.5563307358686269,24.1758,0.5589,0.1345,0.4207,9,9,0,0,1,0.6931471805599453
220,2020,批发零售,0,38,34,31,17,41,161,424,5.087596335232384,37.971698113207545,0.5098840973382924,24.6192,0.489,-0.041,0.6263,10,10,0,0,3,1.3862943611198906
220,2021,批发零售,0,35,49,35,23,30,172,506,5.153291594497779,33.99209486166008,0.5545825100253109,25.3034,0.3509,0.1176,0.0359,11,7,0,1,4,1.6094379124341003
220,2022,批发零售,0,45,41,38,20,50,194,477,5.272999558563747,40.670859538784065,0.6244426541244965,24.9689,0.5937,0.0049,-0.1307,12,11,1,0,9,2.302585092994046
221,2016,金融保险,1,19,16,21,11,22,89,429,4.499809670330265,20.745920745920746,0.2641403991057484,20.7021,0.4008,0.1171,-0.139,5,7,0,0,8,2.1972245773362196
221,2017,金融保险,1,19,15,23,12,27,96,377,4.574710978503383,25.46419098143236,0.28965910660725547,19.6417,0.7561,0.0645,0.1005,6,11,0,1,0,0.0
221,2018,金融保险,1,32,19,20,10,29,110,456,4.709530201312334,24.12280701754386,0.3303477451783468,19.605,0.5691,0.0304,0.0511,7,6,0,0,2,1.0986122886681098
221,2019,金融保险,1,28,32,31,21,52,164,440,5.10594547390058,37.27272727272727,0.5249079903095771,19.2614,0.1205,0.0233,-0.2024,8,11,1,1,7,2.0794415416798357
221,2020,金融保险,1,22,51,36,21,47,177,444,5.181783550292085,39.86486486486486,0.5633439297266554,19.9988,0.3289,0.1247,-0.1047,9,9,0,1,4,1.6094379124341003
221,2021,金融保险,1,45,38,30,26,46,185,477,5.225746673713202,38.78406708595388,0.6030224827460314,21.2399,0.6084,0.0933,0.0383,10,5,0,1,8,2.1972245773362196
221,2022,金融保险,1,27,50,42,19,37,175,522,5.170483995038151,33.524904214559385,0.5586878796492375,21.6092,0.1656,0.0211,0.5283,11,9,0,0,5,1.791759469228055
222,2016,交通运输,1,21,21,15,6,17,80,343,4.394449154672439,23.323615160349853,0.22158430509986052,19.7032,0.0688,-0.015,-0.0526,22,11,1,0,3,1.3862943611198906
222,2017,交通运输,1,17,14,19,18,19,87,383,4.477336814478207,22.715404699738905,0.2699283454418019,21.3758,0.6492,0.0718,0.3069,23,12,0,1,2,1.0986122886681098
222,2018,交通运输,1,27,28,25,15,35,130,394,4.875197323201151,32.99492385786802,0.40295769243370216,19.6729,0.05,0.0125,0.2884,24,11,0,0,4,1.6094379124341003
222,2019,交通运输,1,31,39,32,19,44,165,511,5.111987788356544,32.28962818003914,0.5240678577916287,20.0749,0.1754,0.0435,0.1143,25,13,0,0,6,1.9459101490553132
222,2020,交通运输,1,35,35,29,24,56,179,481,5.19295685089021,37.21413721413722,0.5777163369393674,20.427,0.409,0.105,0.0827,26,7,0,0,4,1.6094379124341003
222,2021,交通运输,1,56,42,36,26,53,213,522,5.365976015021851,40.804597701149426,0.6971013896380862,22.7649,0.7592,0.0857,-0.4031,27,8,0,1,9,2.302585092994046
222,2022,交通运输,1,50,37,40,22,45,194,512,5.272999558563747,37.890625,0.6318063469374543,23.1412,0.3508,0.091,0.5001,28,9,0,0,13,2.6390573296152584
223,2016,能源材料,0,22,20,19,12,20,93,363,4.543294782270004,25.6198347107438,0.27720689762758377,22.4511,0.5184,0.0468,0.1034,17,7,1,0,0,0.0
223,2017,能源材料,0,25,38,32,20,40,155,512,5.049856007249537,30.2734375,0.493185816656357,22.3563,0.5462,0.0499,0.1076,18,10,1,1,2,1.0986122886681098
223,2018,能源材料,0,20,25,33,16,22,116,395,4.762173934797756,29.367088607594937,0.36498025301129483,23.5659,0.6263,0.0779,0.5315,19,9,1,1,2,1.0986122886681098
223,2019,能源材料,0,30,31,26,18,41,146,467,4.990432586778736,31.263383297644538,0.4598757310242778,22.7127,0.462,0.0536,0.6973,20,10,0,1,2,1.0986122886681098
223,2020,能源材料,0,30,40,15,13,31,129,416,4.867534450455582,31.009615384615387,0.3873979726237787,24.4191,0.4337,0.0282,0.5827,21,11,0,0,3,1.3862943611198906
223,2021,能源材料,0,25,42,28,13,34,142,513,4.962844630259907,27.680311890838205,0.43522076321702274,24.4974,0.95,0.0326,-0.1386,22,6,0,1,5,1.791759469228055
223,2022,能源材料,0,37,32,16,18,27,130,444,4.875197323201151,29.27927927927928,0.40443711306379915,23.0727,0.25,0.019,-0.1763,23,9,0,0,1,0.6931471805599453
224,2016,房地产,0,8,13,12,14,9,56,376,4.04305126783455,14.893617021276595,0.15787839593613287,23.3695,0.6319,0.0764,0.5368,7,10,0,0,2,1.0986122886681098
224,2017,房地产,0,13,17,17,8,18,73,374,4.30406509320417,19.518716577540108,0.20356066756316937,23.5064,0.3371,0.0694,0.1339,8,8,1,0,4,1.6094379124341003
224,2018,房地产,0,11,21,15,10,19,76,379,4.343805421853684,20.052770448548813,0.21411691715908993,24.5406,0.6098,0.0941,0.3482,9,7,0,0,1,0.6931471805599453
224,2019,房地产,0,21,25,15,12,20,93,401,4.543294782270004,23.19201995012469,0.2731716627961395,23.1863,0.05,-0.0252,0.3468,10,8,1,0,1,0.6931471805599453
224,2020,房地产,0,33,30,31,19,30,143,469,4.969813299576001,30.49040511727079,0.45666879265818827,23.1567,0.6097,0.1681,-0.1239,11,7,0,0,1,0.6931471805599453
224,2021,房地产,0,24,39,22,13,30,128,469,4.859812404361672,27.292110874200425,0.38757392427656295,24.6402,0.7775,0.1434,-0.3905,12,10,0,0,3,1.3862943611198906
224,2022,房地产,0,47,34,42,22,38,183,494,5.214935757608986,37.044534412955464,0.5983987485373017,24.4498,0.4475,-0.0127,0.1042,13,8,1,1,6,1.9459101490553132
225,2016,信息技术,0,22,22,31,21,32,128,472,4.859812404361672,27.11864406779661,0.41225502188205737,19.7853,0.2973,0.0525,0.1077,22,9,0,0,3,1.3862943611198906
225,2017,信息技术,0,44,37,30,16,42,169,461,5.135798437050262,36.659436008676785,0.5333554432122093,20.1889,0.4821,0.0367,0.0526,23,9,0,1,2,1.0986122886681098
225,2018,信息技术,0,29,35,28,29,37,158,446,5.0689042022202315,35.42600896860987,0.5190106119363017,21.3258,0.0879,0.0747,0.0577,24,9,0,0,8,2.1972245773362196
225,2019,信息技术,0,48,54,32,23,59,216,549,5.37989735354046,39.34426229508197,0.693361222216465,20.4887,0.2048,0.1025,0.6022,25,10,0,1,7,2.0794415416798357
225,2020,信息技术,0,38,53,36,26,59,212,541,5.3612921657094255,39.186691312384475,0.6868470663158691,21.2511,0.4933,0.0918,-0.1305,26,7,0,0,11,2.4849066497880004
225,2021,信息技术,0,34,64,49,33,68,248,523,5.517452896464707,47.41873804971319,0.8188038919642103,19.4862,0.5148,0.0377,0.1907,27,10,1,1,8,2.1972245773362196
225,2022,信息技术,0,44,43,40,26,55,208,537,5.342334251964811,38.733705772811916,0.6806979836596516,22.3733,0.4765,0.0865,0.2449,28,12,0,1,17,2.8903717578961645
226,2016,高端制造,1,24,25,16,22,23,110,418,4.709530201312334,26.31578947368421,0.3473904930656857,24.2846,0.518,0.1434,0.3311,20,13,1,1,3,1.3862943611198906
226,2017,高端制造,1,42,25,17,19,29,132,430,4.890349128221754,30.697674418604652,0.41618407454865997,25.5388,0.6096,0.0509,-0.0735,21,9,0,0,2,1.0986122886681098
226,2018,高端制造,1,27,43,32,20,25,147,443,4.997212273764115,33.182844243792324,0.46738599056450914,25.2307,0.4278,0.0661,0.0215,22,11,0,0,0,0.0
226,2019,高端制造,1,43,25,18,21,41,148,490,5.003946305945459,30.20408163265306,0.47133649186124327,24.6191,0.682,-0.0636,-0.105,23,10,0,1,1,0.6931471805599453
226,2020,高端制造,1,30,29,30,14,26,129,415,4.867534450455582,31.08433734939759,0.40174800350239176,25.1859,0.3337,0.0358,-0.0379,24,9,0,1,1,0.6931471805599453
226,2021,高端制造,1,33,37,34,16,28,148,467,5.003946305945459,31.69164882226981,0.4670533263191021,26.381,0.3683,0.0038,0.246,25,6,0,0,1,0.6931471805599453
226,2022,高端制造,1,31,27,31,20,31,140,406,4.948759890378168,34.48275862068966,0.44930747554012745,27.0605,0.0665,-0.0478,0.2512,26,9,0,0,7,2.0794415416798357
227,2016,医药生物,0,16,16,8,9,16,65,350,4.189654742026425,18.571428571428573,0.1753214969723131,21.3472,0.1969,0.0144,-0.0824,15,10,0,0,1,0.6931471805599453
227,2017,医药生物,0,16,13,6,11,18,64,359,4.174387269895637,17.827298050139277,0.17537098740586696,21.8118,0.4935,0.029,-0.2413,16,12,1,0,0,0.0
227,2018,医药生物,0,19,27,21,15,25,107,372,4.68213122712422,28.763440860215056,0.32604732185478513,21.8742,0.7663,0.1657,0.3171,17,8,0,0,0,0.0
227,2019,医药生物,0,36,56,35,19,29,175,469,5.170483995038151,37.3134328358209,0.5550111029387877,21.9951,0.2414,0.0631,0.0835,18,11,0,1,2,1.0986122886681098
227,2020,医药生物,0,28,30,32,22,41,153,435,5.0369526024136295,35.172413793103445,0.4933095715129297,24.3483,0.4197,0.0781,0.1713,19,8,1,1,4,1.6094379124341003
227,2021,医药生物,0,23,39,22,17,26,127,465,4.852030263919617,27.311827956989248,0.3918692005757752,25.1896,0.4615,0.1315,0.1718,20,11,1,1,5,1.791759469228055
227,2022,医药生物,0,37,27,20,17,39,140,456,4.948759890378168,30.701754385964914,0.43777768392357386,23.575,0.2685,0.0743,-0.0296,21,11,0,0,4,1.6094379124341003
228,2016,批发零售,0,14,23,21,9,14,81,421,4.406719247264253,19.239904988123516,0.23223868551240232,22.4269,0.2874,0.1252,0.1753,21,11,1,0,2,1.0986122886681098
228,2017,批发零售,0,24,17,15,10,25,91,386,4.5217885770490405,23.57512953367876,0.2655939748260835,23.4591,0.5255,0.0504,0.0996,22,8,1,0,0,0.0
228,2018,批发零售,0,29,25,19,17,25,115,431,4.7535901911063645,26.68213457076566,0.3567848514842957,22.9984,0.6741,0.0091,0.275,23,9,0,0,1,0.6931471805599453
228,2019,批发零售,0,39,30,30,23,37,159,430,5.075173815233827,36.97674418604651,0.5156318490556548,22.137,0.526,-0.0335,0.0426,24,11,0,1,5,1.791759469228055
228,2020,批发零售,0,42,35,36,20,48,181,478,5.204006687076795,37.86610878661088,0.5827581327835804,22.5621,0.683,0.0848,0.5326,25,10,0,1,7,2.0794415416798357
228,2021,批发零售,0,49,35,39,22,44,189,480,5.247024072160486,39.375,0.6155911549547513,23.8498,0.5449,0.1169,-0.023,26,10,0,1,2,1.0986122886681098
228,2022,批发零售,0,45,34,39,29,49,196,558,5.2832037287379885,35.12544802867383,0.6503056973811704,24.1376,0.6638,-0.0558,0.4184,27,11,0,1,5,1.791759469228055
229,2016,金融保险,1,23,41,23,16,39,142,463,4.962844630259907,30.669546436285096,0.43738972858680875,22.1468,0.2922,0.0386,-0.1443,14,8,1,1,4,1.6094379124341003
229,2017,金融保险,1,31,35,26,22,41,155,486,5.049856007249537,31.893004115226336,0.49527450507902077,23.8445,0.4594,0.0998,-0.3945,15,11,1,0,4,1.6094379124341003
229,2018,金融保险,1,36,37,24,21,48,166,508,5.117993812416755,32.677165354330704,0.5274962846521748,23.346,0.408,0.0304,0.2027,16,5,0,1,6,1.9459101490553132
229,2019,金融保险,1,37,33,30,25,49,174,514,5.1647859739235145,33.85214007782101,0.5655254742020636,23.1995,0.3535,-0.0378,-0.0027,17,9,1,0,4,1.6094379124341003
229,2020,金融保险,1,35,46,33,25,51,190,516,5.25227342804663,36.82170542635659,0.61445930973029,22.3207,0.576,-0.0392,-0.2114,18,10,1,1,3,1.3862943611198906
229,2021,金融保险,1,47,39,41,21,52,200,518,5.303304908059076,38.61003861003861,0.6482155408594723,25.1671,0.2403,0.04,-0.3058,19,11,0,1,15,2.772588722239781
229,2022,金融保险,1,37,43,31,20,56,187,517,5.236441962829949,36.17021276595745,0.5952483852675661,24.4127,0.2677,0.1045,-0.1921,20,9,1,1,4,1.6094379124341003
230,2016,交通运输,0,21,19,22,12,25,99,415,4.605170185988092,23.85542168674699,0.298057520999955,24.168,0.2773,-0.0333,0.0819,10,12,0,0,2,1.0986122886681098
230,2017,交通运输,0,19,18,12,12,19,80,419,4.394449154672439,19.09307875894988,0.23130587945365527,24.2546,0.7183,0.0403,-0.1546,11,7,0,0,2,1.0986122886681098
230,2018,交通运输,0,15,16,15,9,21,76,379,4.343805421853684,20.052770448548813,0.2143451011929926,22.0876,0.7028,-0.011,0.1147,12,10,1,0,0,0.0
230,2019,交通运输,0,21,19,18,10,20,88,402,4.48863636973214,21.890547263681594,0.2569161639044854,26.1527,0.1229,0.1153,0.3959,13,10,0,1,6,1.9459101490553132
230,2020,交通运输,0,22,20,18,13,23,96,414,4.574710978503383,23.18840579710145,0.28791523248268613,24.8772,0.2838,-0.0468,-0.0456,14,9,0,0,0,0.0
230,2021,交通运输,0,19,17,17,8,19,80,386,4.394449154672439,20.72538860103627,0.22714647247879616,25.3295,0.3318,0.0884,-0.0294,15,7,0,0,3,1.3862943611198906
230,2022,交通运输,0,24,22,15,15,23,99,443,4.605170185988092,22.34762979683973,0.2992871227329862,24.4663,0.3871,-0.0054,0.481,16,8,1,0,1,0.6931471805599453
231,2016,能源材料,1,13,7,9,13,13,55,319,4.02535169073515,17.24137931034483,0.1534496260074644,19.7883,0.4673,0.0463,0.4073,5,7,0,1,2,1.0986122886681098
231,2017,能源材料,1,13,20,15,8,22,78,437,4.3694478524670215,17.84897025171625,0.21730334912768948,21.421,0.5422,0.0922,0.5255,6,9,0,0,2,1.0986122886681098
231,2018,能源材料,1,14,17,14,10,27,82,423,4.418840607796598,19.38534278959811,0.2340176721981082,20.8063,0.5548,0.093,-0.5144,7,10,0,1,3,1.3862943611198906
231,2019,能源材料,1,26,23,22,13,33,117,380,4.770684624465665,30.789473684210527,0.3570489078000306,21.5788,0.3169,0.0548,0.189,8,11,0,0,2,1.0986122886681098
231,2020,能源材料,1,30,26,36,10,42,144,487,4.976733742420574,29.568788501026695,0.4459337665535469,22.3521,0.5162,0.0836,0.0342,9,10,0,0,2,1.0986122886681098
231,2021,能源材料,1,38,30,33,18,32,151,448,5.0238805208462765,33.705357142857146,0.4825475680518721,24.4366,0.5408,0.1165,-0.4089,10,10,0,1,10,2.3978952727983707
231,2022,能源材料,1,34,42,39,14,42,171,484,5.147494476813453,35.33057851239669,0.5380756118472969,23.9102,0.5339,0.1409,-0.2677,11,9,0,0,7,2.0794415416798357
232,2016,房地产,0,11,10,9,8,11,49,314,3.912023005428146,15.605095541401273,0.12374080543359221,23.8215,0.05,0.0606,-0.0349,4,8,0,0,1,0.6931471805599453
232,2017,房地产,0,21,19,8,15,14,77,419,4.356708826689592,18.377088305489263,0.2252716731259897,23.0918,0.5021,0.058,-0.2782,5,8,0,0,4,1.6094379124341003
232,2018,房地产,0,9,21,9,10,10,59,383,4.0943445622221,15.404699738903393,0.15609183920771566,23.5872,0.3338,0.011,-0.205,6,10,0,0,0,0.0
232,2019,房地产,0,34,37,26,17,25,139,475,4.941642422609304,29.263157894736842,0.43558925120239733,21.6538,0.6058,-0.0229,0.169,7,8,1,1,0,0.0
232,2020,房地产,0,28,25,22,18,34,127,449,4.852030263919617,28.28507795100223,0.39822884974300904,24.2668,0.4845,-0.0116,0.5528,8,8,0,1,1,0.6931471805599453
232,2021,房地产,0,31,26,18,22,23,120,418,4.795790545596741,28.708133971291865,0.38178214189377896,24.9794,0.4298,0.138,0.0729,9,10,0,0,5,1.791759469228055
232,2022,房地产,0,29,24,15,14,34,116,401,4.762173934797756,28.92768079800499,0.35172862302278163,24.2883,0.4865,0.078,-0.0768,10,8,0,1,1,0.6931471805599453
233,2016,信息技术,0,28,19,10,11,24,92,377,4.532599493153256,24.40318302387268,0.26793072821017333,19.4615,0.3418,0.002,0.1223,7,8,1,1,1,0.6931471805599453
233,2017,信息技术,0,13,19,17,13,23,85,374,4.454347296253507,22.727272727272727,0.2505234994558253,20.9625,0.6324,0.0166,-0.274,8,9,0,1,2,1.0986122886681098
233,2018,信息技术,0,25,28,24,18,36,131,421,4.882801922586371,31.116389548693586,0.4107044156472859,22.3669,0.296,0.0788,-0.2281,9,9,0,0,2,1.0986122886681098
233,2019,信息技术,0,28,31,37,13,31,140,464,4.948759890378168,30.17241379310345,0.43813924558596345,21.2864,0.3935,-0.0185,-0.1603,10,11,0,1,6,1.9459101490553132
233,2020,信息技术,0,25,41,39,24,52,181,518,5.204006687076795,34.942084942084946,0.5867258497656263,20.9126,0.3197,0.091,0.1973,11,9,1,1,6,1.9459101490553132
233,2021,信息技术,0,43,50,45,16,42,196,497,5.2832037287379885,39.436619718309856,0.6251448200383818,21.2283,0.3559,0.0637,0.2947,12,7,0,1,4,1.6094379124341003
233,2022,信息技术,0,45,45,31,27,61,209,559,5.3471075307174685,37.38819320214669,0.6796088822951238,22.7301,0.4726,0.0331,-0.1946,13,8,1,1,13,2.6390573296152584
234,2016,高端制造,0,23,26,20,17,28,114,421,4.74493212836325,27.078384798099762,0.35253050385329165,21.3698,0.3436,0.0387,0.1477,11,8,1,1,2,1.0986122886681098
234,2017,高端制造,0,38,25,37,9,33,142,449,4.962844630259907,31.625835189309576,0.4406579439869641,23.3421,0.1171,0.059,-0.0022,12,10,0,0,5,1.791759469228055
234,2018,高端制造,0,26,34,21,15,30,126,436,4.844187086458591,28.899082568807337,0.38610241427066644,23.2476,0.3796,0.1559,0.2616,13,7,0,1,4,1.6094379124341003
234,2019,高端制造,0,26,49,27,16,36,154,416,5.043425116919247,37.019230769230774,0.4768026897323111,23.0914,0.7052,0.0238,0.2457,14,7,0,0,5,1.791759469228055
234,2020,高端制造,0,34,40,25,30,45,174,525,5.1647859739235145,33.14285714285714,0.569489237592228,23.189,0.335,-0.054,-0.1319,15,6,1,1,4,1.6094379124341003
234,2021,高端制造,0,25,51,32,32,37,177,458,5.181783550292085,38.646288209606986,0.582641207409,24.8275,0.5592,0.0047,-0.2693,16,9,1,0,6,1.9459101490553132
234,2022,高端制造,0,47,42,41,24,59,213,573,5.365976015021851,37.17277486910995,0.6942516367628607,24.7867,0.2755,-0.0694,0.4735,17,7,0,1,6,1.9459101490553132
235,2016,医药生物,0,7,13,14,8,20,62,351,4.143134726391533,17.663817663817664,0.16628859163654228,22.9048,0.7037,0.0233,-0.3852,16,11,1,0,3,1.3862943611198906
235,2017,医药生物,0,3,9,10,7,9,38,349,3.6635616461296463,10.888252148997136,0.08600795868623856,21.6681,0.38,-0.0342,0.0566,17,10,0,0,1,0.6931471805599453
235,2018,医药生物,0,10,13,7,10,16,56,338,4.04305126783455,16.56804733727811,0.1473744591373931,21.6448,0.4674,0.0414,0.2155,18,10,1,1,2,1.0986122886681098
235,2019,医药生物,0,19,21,19,15,28,102,435,4.634728988229636,23.448275862068964,0.3103253288517567,23.1878,0.3793,0.0819,0.3836,19,8,0,0,1,0.6931471805599453
235,2020,医药生物,0,14,28,13,11,19,85,425,4.454347296253507,20.0,0.24225298345532092,22.0716,0.6561,0.1213,0.4478,20,7,0,0,3,1.3862943611198906
235,2021,医药生物,0,21,21,25,9,27,103,404,4.6443908991413725,25.495049504950494,0.30641735054514546,22.3803,0.5077,0.0561,-0.0783,21,10,0,0,1,0.6931471805599453
235,2022,医药生物,0,21,29,17,12,21,100,395,4.61512051684126,25.31645569620253,0.295640907955585,24.156,0.464,0.0643,-0.1803,22,9,0,1,1,0.6931471805599453
236,2016,批发零售,0,17,22,25,14,24,102,386,4.634728988229636,26.42487046632124,0.31164108489506737,22.9517,0.4735,-0.0472,-0.0396,12,9,0,0,1,0.6931471805599453
236,2017,批发零售,0,28,22,26,19,29,124,466,4.8283137373023015,26.609442060085836,0.39403602659727693,20.8132,0.2244,0.0523,-0.0883,13,8,0,1,1,0.6931471805599453
236,2018,批发零售,0,19,32,24,15,29,119,404,4.787491742782046,29.455445544554454,0.3646992185477258,24.5601,0.4503,0.132,-0.0558,14,9,1,0,2,1.0986122886681098
236,2019,批发零售,0,23,28,26,20,36,133,480,4.897839799950911,27.708333333333336,0.4216649132201533,24.0257,0.4369,0.0126,0.0133,15,11,0,1,6,1.9459101490553132
236,2020,批发零售,0,34,27,16,17,31,125,422,4.836281906951478,29.620853080568722,0.38711974290804146,23.835,0.3603,0.0887,-0.0408,16,8,0,1,2,1.0986122886681098
236,2021,批发零售,0,29,35,32,18,37,151,505,5.0238805208462765,29.9009900990099,0.4784437763249302,24.063,0.1636,0.0511,0.2405,17,6,1,1,5,1.791759469228055
236,2022,批发零售,0,38,40,33,24,45,180,497,5.198497031265826,36.21730382293762,0.5831668958037083,24.244,0.4727,0.0064,-0.1034,18,11,0,0,3,1.3862943611198906
237,2016,金融保险,1,14,24,18,15,29,100,428,4.61512051684126,23.364485981308412,0.30140300938187664,25.2533,0.2945,-0.0114,0.1602,16,11,1,0,1,0.6931471805599453
237,2017,金融保险,1,27,32,20,18,33,130,409,4.875197323201151,31.784841075794624,0.4045172777206615,23.9671,0.5907,0.0685,-0.1798,17,8,1,1,2,1.0986122886681098
237,2018,金融保险,1,18,32,20,14,24,108,431,4.6913478822291435,25.05800464037123,0.3252258613826246,24.8062,0.05,0.0255,0.3769,18,9,0,0,1,0.6931471805599453
237,2019,金融保险,1,29,50,20,26,46,171,513,5.147494476813453,33.33333333333333,0.5454891548352745,26.542,0.641,0.104,0.1334,19,8,0,0,8,2.1972245773362196
237,2020,金融保险,1,33,25,28,21,39,146,435,4.990432586778736,33.5632183908046,0.46909970364547676,26.8677,0.6484,0.0615,-0.1399,20,12,0,1,2,1.0986122886681098
237,2021,金融保险,1,36,44,27,16,55,178,458,5.187385805840755,38.864628820960704,0.5560717371576678,26.4692,0.2627,0.0657,0.2837,21,10,0,1,9,2.302585092994046
237,2022,金融保险,1,47,40,41,21,43,192,467,5.262690188904886,41.113490364025694,0.6228002745233703,25.3805,0.4229,0.0945,0.1422,22,5,0,1,3,1.3862943611198906
238,2016,交通运输,0,16,15,19,13,19,82,430,4.418840607796598,19.069767441860467,0.244075332049508,19.4556,0.119,0.0272,-0.1141,2,7,0,0,3,1.3862943611198906
238,2017,交通运输,0,21,15,15,16,19,86,446,4.465908118654584,19.282511210762333,0.2610796686356835,22.0473,0.4095,0.0857,0.045,3,8,0,0,2,1.0986122886681098
238,2018,交通运输,0,18,21,15,8,19,81,393,4.406719247264253,20.610687022900763,0.2278117499354359,22.4544,0.462,0.0619,-0.0115,4,9,0,0,7,2.0794415416798357
238,2019,交通运输,0,19,23,17,16,37,112,419,4.727387818712341,26.730310262529834,0.3419622202056531,20.5859,0.3453,-0.0427,-0.296,5,10,0,0,1,0.6931471805599453
238,2020,交通运输,0,31,29,24,23,45,152,477,5.030437921392435,31.865828092243188,0.48777548428490475,22.6006,0.3901,0.147,0.1288,6,13,1,0,8,2.1972245773362196
238,2021,交通运输,0,42,29,27,13,38,149,470,5.0106352940962555,31.70212765957447,0.4638967578189408,21.3444,0.0876,0.0871,0.2286,7,9,0,0,5,1.791759469228055
238,2022,交通运输,0,32,27,23,14,44,140,401,4.948759890378168,34.91271820448878,0.43270512723697113,21.9427,0.3872,0.0541,-0.3653,8,11,1,1,4,1.6094379124341003
239,2016,能源材料,0,10,9,4,9,15,47,351,3.871201010907891,13.390313390313391,0.11601879866409737,21.6911,0.6107,0.068,0.2152,4,10,0,0,0,0.0
239,2017,能源材料,0,12,7,13,6,10,48,334,3.8918202981106265,14.37125748502994,0.12032687244643271,22.9137,0.6908,0.087,0.2295,5,10,0,0,0,0.0
239,2018,能源材料,0,13,14,8,5,12,52,388,3.970291913552122,13.402061855670103,0.1263631377063201,22.4692,0.2152,-0.0445,0.334,6,12,0,0,0,0.0
239,2019,能源材料,0,21,40,19,17,41,138,405,4.9344739331306915,34.074074074074076,0.4237761926437074,23.1985,0.4929,0.0845,-0.0402,7,11,0,0,3,1.3862943611198906
239,2020,能源材料,0,29,34,28,17,28,136,459,4.919980925828125,29.629629629629626,0.4268573772586881,22.8199,0.6734,0.0247,0.0079,8,9,1,0,4,1.6094379124341003
239,2021,能源材料,0,41,35,36,23,44,179,451,5.19295685089021,39.689578713968956,0.5819792426250077,24.8118,0.4877,0.0116,0.1978,9,12,1,0,7,2.0794415416798357
239,2022,能源材料,0,46,36,38,26,51,197,513,5.288267030694535,38.40155945419103,0.6468226980295158,24.9095,0.6263,0.0184,-0.2211,10,9,0,0,1,0.6931471805599453
240,2016,房地产,0,26,21,19,11,14,91,446,4.5217885770490405,20.40358744394619,0.2697885481967459,19.5836,0.4941,0.1073,0.3674,7,10,1,1,3,1.3862943611198906
240,2017,房地产,0,12,16,16,7,11,62,362,4.143134726391533,17.12707182320442,0.1663024600399623,20.0184,0.6274,-0.0508,0.0931,8,9,0,0,2,1.0986122886681098
240,2018,房地产,0,16,14,9,10,16,65,425,4.189654742026425,15.294117647058824,0.1783599414380698,18.7132,0.3574,0.0918,0.1791,9,7,0,0,2,1.0986122886681098
240,2019,房地产,0,31,23,26,17,40,137,429,4.927253685157205,31.934731934731936,0.43166704195040767,20.3041,0.4922,0.0764,0.2692,10,10,1,1,4,1.6094379124341003
240,2020,房地产,0,18,26,19,18,34,115,464,4.7535901911063645,24.78448275862069,0.3556544233246944,19.1253,0.6499,0.0927,-0.205,11,9,0,0,4,1.6094379124341003
240,2021,房地产,0,24,33,22,20,32,131,474,4.882801922586371,27.637130801687764,0.41184678843903144,20.1958,0.4213,0.1657,0.2433,12,11,1,0,2,1.0986122886681098
240,2022,房地产,0,28,35,20,15,26,124,448,4.8283137373023015,27.67857142857143,0.3794312608889702,19.7915,0.6909,0.0456,0.1013,13,9,0,0,2,1.0986122886681098
241,2016,信息技术,0,12,10,10,6,15,53,339,3.9889840465642745,15.634218289085547,0.13340611090601506,21.4543,0.5561,0.0595,0.3518,3,9,1,0,0,0.0
241,2017,信息技术,0,17,23,15,12,9,76,424,4.343805421853684,17.92452830188679,0.21906216257597577,22.8684,0.9133,0.049,-0.5066,4,7,1,0,1,0.6931471805599453
241,2018,信息技术,0,17,15,16,7,17,72,408,4.290459441148391,17.647058823529413,0.19930214175976402,22.3163,0.4262,0.0146,0.3609,5,6,1,0,1,0.6931471805599453
241,2019,信息技术,0,24,22,22,21,23,112,436,4.727387818712341,25.688073394495415,0.35641786347215293,22.6358,0.2969,0.0553,0.059,6,9,0,0,1,0.6931471805599453
241,2020,信息技术,0,27,25,19,14,29,114,402,4.74493212836325,28.35820895522388,0.34734524206061873,22.937,0.4802,0.0079,0.2369,7,9,0,0,3,1.3862943611198906
241,2021,信息技术,0,31,24,21,15,32,123,409,4.820281565605037,30.073349633251834,0.3801910041695366,23.342,0.2981,-0.0263,-0.271,8,8,0,1,2,1.0986122886681098
241,2022,信息技术,0,26,35,24,9,41,135,479,4.912654885736052,28.18371607515658,0.4046550107786045,23.0309,0.3042,0.0788,0.2683,9,11,1,0,4,1.6094379124341003
242,2016,高端制造,0,14,25,16,9,16,80,385,4.394449154672439,20.77922077922078,0.22532302358242418,20.4957,0.5596,0.0233,-0.3115,11,9,0,0,0,0.0
242,2017,高端制造,0,18,23,25,9,18,93,461,4.543294782270004,20.17353579175705,0.2737075700508406,21.4881,0.4155,0.137,0.327,12,8,0,1,3,1.3862943611198906
242,2018,高端制造,0,11,16,20,10,22,79,381,4.382026634673881,20.73490813648294,0.22800465157256602,22.9246,0.7401,0.0901,0.1365,13,7,1,1,0,0.0
242,2019,高端制造,0,17,22,18,14,27,98,357,4.59511985013459,27.450980392156865,0.2944017601559925,21.0498,0.451,0.0274,-0.2148,14,8,0,1,4,1.6094379124341003
242,2020,高端制造,0,26,32,29,15,36,138,495,4.9344739331306915,27.878787878787882,0.4296452687778619,22.8435,0.2945,-0.0154,-0.1218,15,9,1,0,0,0.0
242,2021,高端制造,0,23,25,29,17,28,122,428,4.812184355372417,28.504672897196258,0.3839167581338335,22.6856,0.2852,-0.0709,0.2193,16,8,0,0,3,1.3862943611198906
242,2022,高端制造,0,32,27,25,14,32,130,474,4.875197323201151,27.42616033755274,0.4025439559355702,25.45,0.5451,0.0671,-0.2284,17,11,0,1,3,1.3862943611198906
243,2016,医药生物,1,19,14,13,15,33,94,398,4.553876891600541,23.618090452261306,0.2827279665026752,24.1645,0.7298,0.1093,0.3126,14,9,0,0,2,1.0986122886681098
243,2017,医药生物,1,25,26,12,15,25,103,425,4.6443908991413725,24.235294117647058,0.3092500958906489,25.5327,0.6238,0.0621,-0.0457,15,8,0,1,0,0.0
243,2018,医药生物,1,31,24,25,12,30,122,402,4.812184355372417,30.34825870646766,0.37391988871818843,25.5091,0.2252,0.1015,0.1545,16,10,1,1,4,1.6094379124341003
243,2019,医药生物,1,34,38,28,22,33,155,453,5.049856007249537,34.216335540838855,0.49669901263652017,26.94,0.2934,0.0011,0.134,17,5,0,1,4,1.6094379124341003
243,2020,医药生物,1,33,39,21,26,45,164,486,5.10594547390058,33.744855967078195,0.5276134243853638,25.6465,0.5013,0.0397,-0.4705,18,11,0,1,3,1.3862943611198906
243,2021,医药生物,1,44,48,26,24,43,185,459,5.225746673713202,40.305010893246184,0.5940124248658685,24.6834,0.1316,0.0265,-0.1305,19,11,0,0,7,2.0794415416798357
243,2022,医药生物,1,45,50,48,19,37,199,530,5.298317366548036,37.54716981132076,0.6428723702791272,26.3236,0.4693,0.0596,-0.056,20,8,0,1,6,1.9459101490553132
244,2016,批发零售,0,19,28,28,18,32,125,426,4.836281906951478,29.342723004694836,0.39292118890253774,22.8526,0.5792,0.1095,-0.0621,7,12,1,0,1,0.6931471805599453
244,2017,批发零售,0,29,32,30,28,43,162,522,5.093750200806762,31.03448275862069,0.5316818214252733,22.9645,0.1318,0.0184,0.3401,8,9,1,0,7,2.0794415416798357
244,2018,批发零售,0,32,38,29,16,48,163,438,5.099866427824199,37.21461187214612,0.5104860159579583,23.0757,0.5668,0.0222,0.02,9,8,1,0,1,0.6931471805599453
244,2019,批发零售,0,49,50,46,28,46,219,517,5.393627546352362,42.359767891682786,0.7228792885568748,24.2151,0.6914,0.1064,0.149,10,11,0,1,8,2.1972245773362196
244,2020,批发零售,0,53,62,37,23,44,219,576,5.393627546352362,38.02083333333333,0.7056130962593341,22.1402,0.4313,0.0709,-0.1827,11,9,1,1,10,2.3978952727983707
244,2021,批发零售,0,48,44,43,30,53,218,485,5.389071729816501,44.948453608247426,0.7226824360904448,24.1775,0.2966,0.0138,-0.1106,12,5,1,1,7,2.0794415416798357
244,2022,批发零售,0,39,47,41,25,36,188,522,5.241747015059643,36.015325670498086,0.6142738658456114,23.2196,0.5088,0.056,-0.1556,13,11,0,1,2,1.0986122886681098
245,2016,金融保险,0,53,47,49,19,39,207,488,5.337538079701318,42.41803278688525,0.6714596065846398,23.4714,0.4819,-0.0097,0.067,10,9,0,1,6,1.9459101490553132
245,2017,金融保险,0,34,52,45,22,52,205,537,5.327876168789581,38.17504655493482,0.6622703483977119,22.4159,0.6813,0.0564,0.1984,11,9,0,1,2,1.0986122886681098
245,2018,金融保险,0,36,50,37,31,35,189,520,5.247024072160486,36.34615384615385,0.6248745201068219,25.7152,0.5163,0.0649,-0.1278,12,12,0,1,11,2.4849066497880004
245,2019,金融保险,0,49,51,27,21,62,210,559,5.351858133476067,37.567084078711986,0.6682322725292276,24.5727,0.5973,-0.0122,-0.0935,13,8,0,1,9,2.302585092994046
245,2020,金融保险,0,47,47,31,31,54,210,558,5.351858133476067,37.634408602150536,0.6905242117712962,25.3265,0.6643,0.1466,0.1135,14,8,0,1,14,2.70805020110221
245,2021,金融保险,0,55,58,44,24,45,226,577,5.424950017481403,39.168110918544194,0.7356382018193504,24.4605,0.36,-0.0656,-0.1998,15,10,1,1,7,2.0794415416798357
245,2022,金融保险,0,53,54,43,29,57,236,562,5.4680601411351315,41.99288256227758,0.7764741795147206,24.7467,0.223,0.0371,0.271,16,7,1,1,17,2.8903717578961645
246,2016,交通运输,0,15,18,21,7,29,90,386,4.51085950651685,23.316062176165804,0.2581086782709301,21.3619,0.1818,0.0246,-0.2718,16,6,0,0,4,1.6094379124341003
246,2017,交通运输,0,24,24,23,16,29,116,450,4.762173934797756,25.77777777777778,0.35960008539415367,22.898,0.5229,0.0079,0.0555,17,11,0,0,4,1.6094379124341003
246,2018,交通运输,0,28,35,29,15,39,146,451,4.990432586778736,32.37250554323725,0.45467597535821824,23.7115,0.3744,0.0726,-0.1521,18,10,0,0,2,1.0986122886681098
246,2019,交通运输,0,26,29,34,19,42,150,486,5.017279836814924,30.864197530864196,0.47912405712395384,21.5752,0.5101,0.0641,0.4238,19,10,0,0,2,1.0986122886681098
246,2020,交通运输,0,40,49,26,26,42,183,507,5.214935757608986,36.09467455621302,0.5903112713446912,23.4274,0.6078,0.0528,-0.3905,20,9,1,1,4,1.6094379124341003
246,2021,交通运输,0,32,38,28,20,59,177,509,5.181783550292085,34.77406679764244,0.5616072961954364,24.2267,0.3884,0.0229,0.1957,21,12,1,1,12,2.5649493574615367
246,2022,交通运输,0,51,45,31,29,49,205,491,5.327876168789581,41.75152749490835,0.6724085453616608,22.805,0.5591,0.0507,0.5051,22,6,0,1,7,2.0794415416798357
247,2016,能源材料,0,20,13,15,6,21,75,362,4.330733340286331,20.718232044198896,0.20738147818458041,23.1177,0.337,-0.0257,0.0369,22,8,0,1,1,0.6931471805599453
247,2017,能源材料,0,22,29,19,12,29,111,409,4.718498871295094,27.139364303178482,0.33186201820415356,24.0848,0.3694,0.0501,0.2517,23,7,0,1,2,1.0986122886681098
247,2018,能源材料,0,21,37,29,12,36,135,481,4.912654885736052,28.06652806652807,0.41201186388765865,22.9571,0.3556,0.0426,-0.1172,24,10,0,1,2,1.0986122886681098
247,2019,能源材料,0,25,32,26,25,43,151,486,5.0238805208462765,31.069958847736622,0.48758566051799107,21.9631,0.3642,0.0625,-0.0224,25,8,0,1,3,1.3862943611198906
247,2020,能源材料,0,30,30,24,16,30,130,403,4.875197323201151,32.25806451612903,0.4045420517101264,23.2624,0.6486,-0.0131,-0.0897,26,9,0,1,1,0.6931471805599453
247,2021,能源材料,0,29,40,30,20,31,150,415,5.017279836814924,36.144578313253014,0.47669470414183696,22.5833,0.341,-0.0146,-0.0129,27,7,1,0,1,0.6931471805599453
247,2022,能源材料,0,39,42,36,22,25,164,510,5.10594547390058,32.15686274509804,0.5307333318092919,23.8627,0.4553,-0.0276,0.0225,28,9,0,0,3,1.3862943611198906
248,2016,房地产,1,20,21,14,10,20,85,453,4.454347296253507,18.76379690949227,0.24410897280090088,22.8095,0.452,0.0073,-0.0766,19,7,1,0,1,0.6931471805599453
248,2017,房地产,1,18,15,18,19,17,87,418,4.477336814478207,20.813397129186605,0.2712228034927293,23.204,0.6844,0.0523,0.1761,20,8,0,0,0,0.0
248,2018,房地产,1,25,13,16,9,18,81,372,4.406719247264253,21.774193548387096,0.23400064179769994,21.9293,0.5674,0.0731,0.1912,21,11,1,0,0,0.0
248,2019,房地产,1,19,33,15,16,30,113,412,4.736198448394496,27.427184466019416,0.3415359364760964,23.6789,0.7121,0.0947,0.0913,22,9,0,0,1,0.6931471805599453
248,2020,房地产,1,35,34,35,13,36,153,399,5.0369526024136295,38.34586466165413,0.4788738985935269,23.7207,0.6745,0.0627,-0.5935,23,8,1,0,2,1.0986122886681098
248,2021,房地产,1,37,34,18,20,48,157,434,5.062595033026967,36.175115207373274,0.4941828353132738,22.9253,0.3989,0.0133,-0.0661,24,8,1,0,5,1.791759469228055
248,2022,房地产,1,19,33,33,18,48,151,464,5.0238805208462765,32.543103448275865,0.4769832523211409,24.3525,0.6351,0.0369,0.6243,25,11,0,1,2,1.0986122886681098
249,2016,信息技术,1,15,13,19,7,13,67,437,4.219507705176107,15.331807780320366,0.18548336142052305,19.4833,0.3923,0.0471,0.3457,23,8,0,0,2,1.0986122886681098
249,2017,信息技术,1,13,22,17,8,31,91,403,4.5217885770490405,22.58064516129032,0.2591150694480626,19.9548,0.4334,0.093,0.0826,24,10,0,0,0,0.0
249,2018,信息技术,1,31,27,18,18,40,134,416,4.90527477843843,32.21153846153847,0.4179391592558564,19.7579,0.6477,0.0485,-0.019,25,9,0,1,2,1.0986122886681098
249,2019,信息技术,1,39,34,36,15,38,162,477,5.093750200806762,33.9622641509434,0.5127567579770833,20.4931,0.2989,0.1591,-0.1183,26,10,0,1,3,1.3862943611198906
249,2020,信息技术,1,34,38,32,13,38,155,459,5.049856007249537,33.769063180827885,0.48202453869635653,21.3207,0.4416,0.1328,0.132,27,7,0,0,5,1.791759469228055
249,2021,信息技术,1,28,23,27,16,42,136,437,4.919980925828125,31.12128146453089,0.426484236268694,21.9487,0.498,0.0655,0.0278,28,11,0,1,6,1.9459101490553132
249,2022,信息技术,1,29,30,40,15,46,160,443,5.081404364984463,36.11738148984199,0.5074385924400138,21.3018,0.3026,0.0806,-0.1948,29,6,0,0,4,1.6094379124341003
250,2016,高端制造,0,15,19,24,12,28,98,465,4.59511985013459,21.0752688172043,0.29469143680096954,19.9165,0.1572,-0.0077,0.3101,2,5,0,0,2,1.0986122886681098
250,2017,高端制造,0,24,23,18,15,26,106,382,4.672828834461906,27.748691099476442,0.3230942719786121,22.7244,0.6193,0.1584,0.0652,3,10,0,0,4,1.6094379124341003
250,2018,高端制造,0,19,29,20,17,18,103,406,4.6443908991413725,25.36945812807882,0.31618973650448945,22.1197,0.6273,-0.0462,0.4448,4,11,0,0,1,0.6931471805599453
250,2019,高端制造,0,34,28,29,24,41,156,437,5.056245805348308,35.6979405034325,0.5066101861767087,22.792,0.4866,0.0285,-0.1004,5,8,1,1,2,1.0986122886681098
250,2020,高端制造,0,37,52,30,26,40,185,494,5.225746673713202,37.449392712550605,0.5978161119565881,22.4641,0.3983,0.0968,-0.2117,6,11,0,1,3,1.3862943611198906
250,2021,高端制造,0,46,45,39,20,51,201,482,5.308267697401205,41.70124481327801,0.6465058169552933,22.3504,0.7816,-0.0171,-0.086,7,8,1,1,5,1.791759469228055
250,2022,高端制造,0,41,46,34,19,48,188,478,5.241747015059643,39.33054393305439,0.5988171417507626,23.4457,0.05,0.0349,0.0367,8,10,1,0,10,2.3978952727983707
251,2016,医药生物,1,11,7,18,10,15,61,414,4.127134385045092,14.734299516908212,0.17202264478612075,20.8151,0.4619,0.047,0.0542,2,7,0,0,0,0.0
251,2017,医药生物,1,19,31,15,6,22,93,425,4.543294782270004,21.88235294117647,0.25975585504113335,21.1891,0.2226,0.0226,-0.0433,3,8,0,0,1,0.6931471805599453
251,2018,医药生物,1,17,17,14,7,26,81,350,4.406719247264253,23.142857142857142,0.22586486665587563,21.6096,0.1864,-0.0326,-0.0665,4,8,0,0,1,0.6931471805599453
251,2019,医药生物,1,19,23,23,13,29,107,406,4.68213122712422,26.354679802955665,0.3244227679596698,22.5569,0.7156,0.0747,-0.0242,5,10,0,1,4,1.6094379124341003
251,2020,医药生物,1,25,38,27,10,36,136,437,4.919980925828125,31.12128146453089,0.41078768479367106,23.8935,0.2466,0.065,0.2153,6,9,0,1,8,2.1972245773362196
251,2021,医药生物,1,27,34,27,20,40,148,444,5.003946305945459,33.33333333333333,0.469240963734676,22.5392,0.3808,0.0914,0.1152,7,10,0,0,9,2.302585092994046
251,2022,医药生物,1,43,41,28,24,44,180,448,5.198497031265826,40.17857142857143,0.580911663833383,25.1391,0.6843,0.1471,0.1507,8,5,1,1,4,1.6094379124341003
252,2016,批发零售,1,35,35,21,10,31,132,405,4.890349128221754,32.592592592592595,0.39745987190366533,20.8319,0.4933,0.0474,0.3113,19,8,0,0,3,1.3862943611198906
252,2017,批发零售,1,27,28,25,17,26,123,429,4.820281565605037,28.671328671328673,0.384766773589123,18.9866,0.5755,-0.008,0.2363,20,9,0,1,1,0.6931471805599453
252,2018,批发零售,1,26,39,31,20,34,150,485,5.017279836814924,30.927835051546392,0.47681088524498905,20.7543,0.4024,-0.0173,-0.2014,21,10,0,0,2,1.0986122886681098
252,2019,批发零售,1,38,25,36,19,39,157,470,5.062595033026967,33.40425531914894,0.5064801942155128,22.6043,0.2673,0.0614,0.1275,22,10,1,1,15,2.772588722239781
252,2020,批发零售,1,41,44,27,23,45,180,486,5.198497031265826,37.03703703703704,0.5771336774879676,20.8625,0.5226,0.1082,0.1401,23,7,1,0,6,1.9459101490553132
252,2021,批发零售,1,46,39,42,21,68,216,589,5.37989735354046,36.6723259762309,0.6990025152061636,22.9899,0.3343,0.0461,0.0016,24,10,1,1,8,2.1972245773362196
252,2022,批发零售,1,37,44,44,21,44,190,543,5.25227342804663,34.99079189686925,0.615020103264716,22.1549,0.084,0.0761,0.1905,25,10,0,0,6,1.9459101490553132
253,2016,金融保险,0,14,5,11,5,16,51,352,3.9512437185814275,14.488636363636365,0.12748540499002248,18.4738,0.1088,0.1647,-0.0226,18,9,0,0,1,0.6931471805599453
253,2017,金融保险,0,14,14,14,11,23,76,352,4.343805421853684,21.59090909090909,0.21772465937924212,18.1315,0.1223,0.0206,-0.0748,19,8,0,1,1,0.6931471805599453
253,2018,金融保险,0,15,14,13,11,14,67,353,4.219507705176107,18.980169971671387,0.1889793252904444,19.1889,0.4426,-0.0071,0.5811,20,10,0,0,1,0.6931471805599453
253,2019,金融保险,0,29,21,15,16,20,101,468,4.624972813284271,21.581196581196583,0.3090217191504239,20.9381,0.577,-0.0059,0.25,21,9,1,0,4,1.6094379124341003
253,2020,金融保险,0,23,23,19,11,20,96,409,4.574710978503383,23.4718826405868,0.28431085396935574,22.6382,0.2119,0.0559,-0.0037,22,9,0,0,2,1.0986122886681098
253,2021,金融保险,0,22,24,24,18,30,118,419,4.77912349311153,28.162291169451077,0.36989713986208334,20.7615,0.5094,0.0325,0.3712,23,8,0,1,0,0.0
253,2022,金融保险,0,21,42,20,17,28,128,464,4.859812404361672,27.586206896551722,0.39250193758320695,20.1249,0.2994,-0.0572,0.4036,24,13,0,0,4,1.6094379124341003
254,2016,交通运输,1,28,25,28,18,26,125,449,4.836281906951478,27.839643652561247,0.3959118968703802,22.1338,0.3946,0.1507,0.1973,9,10,0,0,2,1.0986122886681098
254,2017,交通运输,1,24,23,26,14,27,114,385,4.74493212836325,29.61038961038961,0.35166690212047813,21.7485,0.8678,0.0546,0.1297,10,9,1,0,2,1.0986122886681098
254,2018,交通运输,1,26,29,24,10,35,124,425,4.8283137373023015,29.176470588235293,0.3732924301853428,23.0202,0.362,0.1132,0.3392,11,9,0,1,2,1.0986122886681098
254,2019,交通运输,1,29,42,19,17,38,145,407,4.983606621708336,35.62653562653563,0.4474270784577501,23.0263,0.3257,-0.0146,0.1634,12,6,0,1,3,1.3862943611198906
254,2020,交通运输,1,45,32,33,26,53,189,523,5.247024072160486,36.137667304015295,0.6189569570278406,24.9336,0.2275,0.0511,0.0183,13,10,0,0,11,2.4849066497880004
254,2021,交通运输,1,35,50,37,19,50,191,462,5.2574953720277815,41.34199134199134,0.607810442352902,24.488,0.5812,-0.0482,0.2547,14,9,1,1,5,1.791759469228055
254,2022,交通运输,1,40,52,41,32,54,219,562,5.393627546352362,38.967971530249116,0.7244976282180532,24.3687,0.304,-0.0367,0.2564,15,10,0,1,4,1.6094379124341003
255,2016,能源材料,0,15,16,21,15,22,89,352,4.499809670330265,25.28409090909091,0.27081239882722163,19.4414,0.3562,0.0331,0.4836,7,12,0,0,1,0.6931471805599453
255,2017,能源材料,0,12,15,10,9,11,57,350,4.060443010546419,16.28571428571429,0.1506533143950928,20.9824,0.4121,0.0889,0.0007,8,8,0,0,3,1.3862943611198906
255,2018,能源材料,0,20,23,17,13,21,94,432,4.553876891600541,21.75925925925926,0.27976499534167276,19.6868,0.4605,0.0791,0.323,9,11,0,0,1,0.6931471805599453
255,2019,能源材料,0,39,34,24,22,48,167,481,5.123963979403259,34.71933471933472,0.5340169944200688,21.3091,0.7959,0.0028,0.0954,10,10,0,1,5,1.791759469228055
255,2020,能源材料,0,29,40,41,13,56,179,477,5.19295685089021,37.526205450733755,0.5618304201322537,20.5479,0.1649,0.0323,-0.3139,11,11,0,1,3,1.3862943611198906
255,2021,能源材料,0,39,53,33,23,52,200,515,5.303304908059076,38.83495145631068,0.6415523466438415,22.2001,0.4928,0.0657,0.282,12,10,1,0,5,1.791759469228055
255,2022,能源材料,0,35,41,31,24,54,185,516,5.225746673713202,35.85271317829458,0.5965871356935235,21.5674,0.8294,0.1862,0.2775,13,9,1,1,2,1.0986122886681098
256,2016,房地产,0,8,9,6,7,18,48,370,3.8918202981106265,12.972972972972974,0.1161290476592084,21.5231,0.5368,0.0648,-0.0502,4,7,0,0,0,0.0
256,2017,房地产,0,13,13,14,15,11,66,418,4.204692619390966,15.789473684210526,0.19390550424538638,23.8929,0.5558,0.0328,0.1764,5,10,0,0,0,0.0
256,2018,房地产,0,14,14,9,13,20,70,408,4.2626798770413155,17.15686274509804,0.19936533076110186,23.31,0.6289,0.0892,-0.1717,6,10,0,1,2,1.0986122886681098
256,2019,房地产,0,15,20,27,10,32,104,424,4.653960350157523,24.528301886792452,0.31149905888215346,21.8883,0.5343,0.0064,0.0875,7,8,1,0,3,1.3862943611198906
256,2020,房地产,0,23,24,20,15,16,98,407,4.59511985013459,24.078624078624077,0.29874853107609667,23.8771,0.4225,0.1479,-0.3342,8,7,0,0,5,1.791759469228055
256,2021,房地产,0,23,26,13,7,28,97,420,4.584967478670572,23.095238095238095,0.27510309728298554,22.9084,0.3673,0.0391,0.0546,9,8,0,0,0,0.0
256,2022,房地产,0,28,28,18,14,24,112,461,4.727387818712341,24.295010845986983,0.3399670872484719,25.8709,0.6361,0.1119,0.444,10,13,0,0,1,0.6931471805599453
257,2016,信息技术,1,10,7,10,6,5,38,377,3.6635616461296463,10.079575596816976,0.08633376406776525,20.925,0.4403,0.1084,-0.1337,19,5,0,0,1,0.6931471805599453
257,2017,信息技术,1,9,7,9,15,12,52,398,3.970291913552122,13.06532663316583,0.14682448706224036,19.7369,0.3661,0.0298,0.0693,20,6,0,0,0,0.0
257,2018,信息技术,1,14,20,11,5,11,61,415,4.127134385045092,14.698795180722893,0.15560115759508575,20.4763,0.231,0.0053,0.0252,21,9,1,0,5,1.791759469228055
257,2019,信息技术,1,12,18,20,6,21,77,376,4.356708826689592,20.47872340425532,0.21381331736580908,20.5243,0.05,0.04,0.2789,22,5,1,0,1,0.6931471805599453
257,2020,信息技术,1,25,29,19,18,25,116,439,4.762173934797756,26.42369020501139,0.3599302935286015,20.9172,0.635,0.0188,-0.1039,23,8,0,1,4,1.6094379124341003
257,2021,信息技术,1,36,34,40,22,46,178,533,5.187385805840755,33.39587242026266,0.5784968650326103,21.744,0.2603,0.0519,0.2599,24,12,0,0,2,1.0986122886681098
257,2022,信息技术,1,22,20,18,13,26,99,393,4.605170185988092,25.190839694656486,0.2973616497360691,23.3945,0.6181,0.1404,-0.2461,25,5,0,1,6,1.9459101490553132
258,2016,高端制造,0,14,23,10,14,12,73,389,4.30406509320417,18.76606683804627,0.20937716888235183,22.7125,0.384,-0.0499,-0.3651,11,9,0,0,2,1.0986122886681098
258,2017,高端制造,0,29,32,23,13,22,119,463,4.787491742782046,25.70194384449244,0.3627586617923624,19.6427,0.3217,-0.0379,0.3739,12,10,1,0,2,1.0986122886681098
258,2018,高端制造,0,17,28,12,16,23,96,375,4.574710978503383,25.6,0.2866252894749398,23.0002,0.3844,0.0484,-0.3834,13,8,0,0,7,2.0794415416798357
258,2019,高端制造,0,35,29,29,11,38,142,451,4.962844630259907,31.48558758314856,0.43752975692358625,22.1018,0.2258,0.0844,0.2558,14,9,0,0,3,1.3862943611198906
258,2020,高端制造,0,33,34,43,24,46,180,463,5.198497031265826,38.8768898488121,0.5898634449341267,23.8384,0.6349,0.0224,0.0644,15,9,1,1,3,1.3862943611198906
258,2021,高端制造,0,35,45,46,22,56,204,551,5.3230099791384085,37.02359346642468,0.6616160888173772,23.0781,0.2764,0.0935,0.3724,16,9,0,1,3,1.3862943611198906
258,2022,高端制造,0,31,31,27,23,36,148,421,5.003946305945459,35.15439429928741,0.47672094994104564,21.8209,0.2739,0.0633,0.3396,17,9,0,1,2,1.0986122886681098
259,2016,医药生物,1,16,18,22,11,27,94,407,4.553876891600541,23.095823095823096,0.279326147983296,20.8562,0.252,0.0967,0.6009,14,9,0,1,2,1.0986122886681098
259,2017,医药生物,1,26,39,22,16,29,132,457,4.890349128221754,28.88402625820569,0.4064599509536229,20.4271,0.6655,0.0167,0.0418,15,5,1,1,1,0.6931471805599453
259,2018,医药生物,1,22,28,28,12,28,118,457,4.77912349311153,25.82056892778993,0.36009946673356774,21.2283,0.6702,0.0834,-0.1072,16,7,0,0,3,1.3862943611198906
259,2019,医药生物,1,35,42,33,17,38,165,455,5.111987788356544,36.26373626373626,0.5212355616071649,21.6257,0.0907,0.0757,-0.0064,17,10,1,1,4,1.6094379124341003
259,2020,医药生物,1,34,47,32,15,54,182,502,5.209486152841421,36.254980079681275,0.5688696324463896,21.6145,0.4358,0.104,0.0099,18,9,0,1,4,1.6094379124341003
259,2021,医药生物,1,36,55,45,24,51,211,525,5.356586274672012,40.19047619047619,0.6848541648891273,23.2631,0.4033,0.0975,0.2739,19,9,0,0,9,2.302585092994046
259,2022,医药生物,1,54,55,43,25,43,220,488,5.3981627015177525,45.08196721311475,0.7184243851192577,23.1099,0.363,-0.0058,-0.0008,20,8,1,0,9,2.302585092994046
260,2016,批发零售,0,22,21,10,15,14,82,385,4.418840607796598,21.298701298701296,0.24215030821363057,19.6846,0.4417,-0.0145,0.4408,20,12,1,1,0,0.0
260,2017,批发零售,0,21,19,13,4,31,88,365,4.48863636973214,24.10958904109589,0.24204678413985356,20.213,0.5354,0.0292,0.3766,21,9,0,0,0,0.0
260,2018,批发零售,0,22,32,22,13,25,114,417,4.74493212836325,27.33812949640288,0.3445496644977643,18.8189,0.6398,0.03,0.5544,22,9,0,0,1,0.6931471805599453
260,2019,批发零售,0,35,30,26,14,32,137,421,4.927253685157205,32.541567695961994,0.4253466606460255,20.8867,0.3207,0.0951,-0.0242,23,9,0,1,3,1.3862943611198906
260,2020,批发零售,0,32,32,20,14,36,134,495,4.90527477843843,27.070707070707073,0.4106978617799877,20.1043,0.3957,0.1244,-0.02,24,8,0,1,2,1.0986122886681098
260,2021,批发零售,0,32,32,29,22,37,152,427,5.030437921392435,35.597189695550355,0.4887502388979825,22.1089,0.6641,0.1813,0.2199,25,6,0,0,8,2.1972245773362196
260,2022,批发零售,0,23,32,27,22,40,144,418,4.976733742420574,34.44976076555024,0.459916659692486,22.4887,0.6008,0.0666,-0.2986,26,8,0,0,2,1.0986122886681098
261,2016,金融保险,0,13,14,14,14,25,80,366,4.394449154672439,21.85792349726776,0.23583860372743543,24.6557,0.6482,0.0228,0.3012,21,8,1,0,0,0.0
261,2017,金融保险,0,15,25,17,5,32,94,400,4.553876891600541,23.5,0.2626256651528091,24.421,0.4742,0.0309,0.1013,22,10,0,0,1,0.6931471805599453
261,2018,金融保险,0,22,16,18,15,20,91,421,4.5217885770490405,21.61520190023753,0.2769212064486858,25.0709,0.2141,0.0058,-0.2591,23,9,0,0,0,0.0
261,2019,金融保险,0,23,18,27,7,31,106,381,4.672828834461906,27.821522309711288,0.3145291151289099,25.9745,0.3091,0.0568,0.2318,24,7,0,1,1,0.6931471805599453
261,2020,金融保险,0,31,23,14,14,33,115,413,4.7535901911063645,27.845036319612593,0.3486559160463749,26.5853,0.4505,0.0864,0.1664,25,9,1,0,2,1.0986122886681098
261,2021,金融保险,0,33,36,24,21,37,151,436,5.0238805208462765,34.63302752293578,0.4797169363834743,26.2952,0.4963,0.0835,0.4714,26,9,0,0,1,0.6931471805599453
261,2022,金融保险,0,35,32,22,18,38,145,508,4.983606621708336,28.543307086614174,0.4551351364077626,26.8322,0.3592,0.0528,0.1551,27,8,1,0,2,1.0986122886681098
262,2016,交通运输,0,26,32,28,20,38,144,507,4.976733742420574,28.402366863905325,0.457501463712976,22.6456,0.7426,0.0019,-0.3405,7,9,1,0,3,1.3862943611198906
262,2017,交通运输,0,33,44,32,20,50,179,518,5.19295685089021,34.55598455598455,0.5694671189312462,21.88,0.5489,0.0149,-0.229,8,5,0,1,4,1.6094379124341003
262,2018,交通运输,0,34,42,43,25,44,188,531,5.241747015059643,35.40489642184557,0.6154380498094468,21.4946,0.5522,0.0455,-0.1737,9,11,0,1,4,1.6094379124341003
262,2019,交通运输,0,47,40,45,35,50,217,561,5.384495062789089,38.68092691622103,0.7311292406145131,22.8285,0.5483,-0.0123,0.2563,10,10,0,1,7,2.0794415416798357
262,2020,交通运输,0,54,56,44,32,55,241,578,5.488937726156687,41.69550173010381,0.7984654536173955,23.4017,0.5383,-0.0638,0.2316,11,9,0,1,11,2.4849066497880004
262,2021,交通运输,0,36,59,37,30,59,221,510,5.402677381872279,43.333333333333336,0.7216875604925215,23.6673,0.4224,-0.0617,0.3813,12,7,1,1,12,2.5649493574615367
262,2022,交通运输,0,58,63,42,25,52,240,608,5.484796933490655,39.473684210526315,0.7799679375253814,25.4133,0.5731,0.074,-0.0642,13,8,1,1,20,3.044522437723423
263,2016,能源材料,1,7,12,6,13,13,51,403,3.9512437185814275,12.655086848635236,0.13619580739500295,19.983,0.1705,0.0108,0.3172,15,11,0,0,1,0.6931471805599453
263,2017,能源材料,1,8,11,14,6,13,52,389,3.970291913552122,13.367609254498714,0.13165681414240205,21.0598,0.4945,0.0958,-0.1373,16,8,1,0,0,0.0
263,2018,能源材料,1,14,19,9,15,15,72,371,4.290459441148391,19.40700808625337,0.20838956204126713,22.6226,0.3405,0.1273,0.2577,17,8,0,0,2,1.0986122886681098
263,2019,能源材料,1,24,27,13,20,25,109,446,4.700480365792417,24.43946188340807,0.33795099593226874,19.8924,0.1768,0.0081,-0.0834,18,8,0,0,0,0.0
263,2020,能源材料,1,21,27,20,22,31,121,451,4.804021044733257,26.82926829268293,0.38345940576481247,21.3929,0.1964,0.0594,0.0651,19,10,1,1,3,1.3862943611198906
263,2021,能源材料,1,21,28,21,14,24,108,458,4.6913478822291435,23.580786026200872,0.3275606681247525,21.9817,0.3232,0.0297,-0.2023,20,11,0,0,3,1.3862943611198906
263,2022,能源材料,1,35,32,19,20,38,144,438,4.976733742420574,32.87671232876712,0.45384672275513605,22.9364,0.5771,0.0935,-0.2944,21,8,1,1,0,0.0
264,2016,房地产,0,23,19,18,10,23,93,358,4.543294782270004,25.977653631284912,0.2731749142127014,22.0182,0.2933,0.1332,0.3335,18,9,0,1,2,1.0986122886681098
264,2017,房地产,0,17,28,11,9,21,86,422,4.465908118654584,20.379146919431278,0.2409962639121253,20.9923,0.5283,0.1154,0.2444,19,11,0,0,0,0.0
264,2018,房地产,0,24,26,20,10,20,100,439,4.61512051684126,22.779043280182233,0.29522705916719316,23.7327,0.7636,0.0997,0.2807,20,8,0,0,3,1.3862943611198906
264,2019,房地产,0,19,27,24,20,36,126,472,4.844187086458591,26.69491525423729,0.39749176397430963,21.8445,0.3827,0.0638,-0.0037,21,11,0,1,0,0.0
264,2020,房地产,0,43,46,35,20,47,191,497,5.2574953720277815,38.43058350100604,0.6113670843683183,22.763,0.3445,0.0996,0.2204,22,9,0,0,6,1.9459101490553132
264,2021,房地产,0,40,39,39,19,35,172,507,5.153291594497779,33.92504930966469,0.5530698467706863,22.0017,0.5442,0.0709,0.5263,23,11,1,1,4,1.6094379124341003
264,2022,房地产,0,36,28,26,23,32,145,453,4.983606621708336,32.00883002207506,0.46857235444541195,24.5426,0.5311,0.0778,-0.1057,24,8,0,0,3,1.3862943611198906
265,2016,信息技术,0,18,37,22,14,29,120,436,4.795790545596741,27.522935779816514,0.36321431497062745,23.3233,0.6768,0.0806,0.4375,21,8,0,0,0,0.0
265,2017,信息技术,0,19,32,24,15,28,118,434,4.77912349311153,27.188940092165897,0.36155041279659816,21.2377,0.5107,0.0185,-0.5951,22,10,0,0,4,1.6094379124341003
265,2018,信息技术,0,35,34,26,11,36,142,422,4.962844630259907,33.649289099526065,0.4344153259733686,23.3372,0.1696,0.0984,0.1768,23,6,1,1,1,0.6931471805599453
265,2019,信息技术,0,34,42,30,24,47,177,503,5.181783550292085,35.188866799204774,0.5702510654761948,23.2236,0.436,-0.0348,0.0549,24,8,0,1,2,1.0986122886681098
265,2020,信息技术,0,37,39,23,11,50,160,454,5.081404364984463,35.24229074889868,0.4884941200960264,23.8602,0.4674,-0.0353,0.3186,25,7,0,0,2,1.0986122886681098
265,2021,信息技术,0,28,45,53,10,49,185,454,5.225746673713202,40.7488986784141,0.5815270273666078,26.0372,0.5973,0.1317,-0.0626,26,6,0,1,11,2.4849066497880004
265,2022,信息技术,0,40,44,34,20,35,173,494,5.159055299214529,35.020242914979754,0.553702696068378,23.7808,0.6582,-0.0197,0.0544,27,10,0,1,1,0.6931471805599453
266,2016,高端制造,1,18,19,8,12,17,74,348,4.31748811353631,21.26436781609195,0.20927709142376863,22.1728,0.05,0.0494,-0.2022,5,10,0,0,1,0.6931471805599453
266,2017,高端制造,1,15,19,19,13,30,96,450,4.574710978503383,21.333333333333336,0.28700197048068266,21.9044,0.2646,0.0796,0.4722,6,8,0,0,3,1.3862943611198906
266,2018,高端制造,1,32,33,17,18,23,123,414,4.820281565605037,29.71014492753623,0.3815472917023181,22.7607,0.1628,0.1124,-0.1887,7,11,0,1,6,1.9459101490553132
266,2019,高端制造,1,34,35,27,16,32,144,460,4.976733742420574,31.30434782608696,0.45052100301047787,21.0367,0.3103,0.1255,0.076,8,7,1,1,2,1.0986122886681098
266,2020,高端制造,1,39,46,26,20,40,171,475,5.147494476813453,36.0,0.54139053829617,22.7031,0.4635,0.0445,0.1959,9,8,1,1,5,1.791759469228055
266,2021,高端制造,1,28,44,27,18,27,144,467,4.976733742420574,30.83511777301927,0.4508041768223311,23.862,0.5904,0.0317,-0.1747,10,6,0,1,7,2.0794415416798357
266,2022,高端制造,1,33,32,23,26,31,145,429,4.983606621708336,33.7995337995338,0.4706867436133801,24.2146,0.937,0.1121,0.5765,11,8,0,1,5,1.791759469228055
267,2016,医药生物,0,16,13,13,5,15,62,424,4.143134726391533,14.622641509433961,0.1621653133982328,21.663,0.4726,-0.0266,0.3919,22,10,0,1,2,1.0986122886681098
267,2017,医药生物,0,12,19,9,7,12,59,359,4.0943445622221,16.434540389972145,0.15153748007077247,23.9656,0.3836,0.0957,0.1599,23,9,0,0,2,1.0986122886681098
267,2018,医药生物,0,15,10,12,11,16,64,376,4.174387269895637,17.02127659574468,0.17976874624044722,23.3469,0.2135,0.004,-0.1943,24,8,1,0,2,1.0986122886681098
267,2019,医药生物,0,16,23,11,11,16,77,414,4.356708826689592,18.59903381642512,0.21737447442440636,23.2256,0.7476,-0.0098,-0.2492,25,8,0,0,5,1.791759469228055
267,2020,医药生物,0,23,21,14,9,17,84,395,4.442651256490317,21.265822784810126,0.23980688867198266,23.8771,0.664,0.0581,-0.0068,26,7,0,0,1,0.6931471805599453
267,2021,医药生物,0,26,23,24,15,31,119,436,4.787491742782046,27.293577981651374,0.36852412692547576,22.7737,0.2965,0.0784,0.2761,27,9,0,0,3,1.3862943611198906
267,2022,医药生物,0,21,24,23,10,29,107,397,4.68213122712422,26.952141057934508,0.3189365870651951,23.9651,0.3574,0.078,0.28,28,10,0,0,4,1.6094379124341003
268,2016,批发零售,0,18,28,27,10,27,110,407,4.709530201312334,27.027027027027028,0.32936541310113887,23.9869,0.8925,0.0505,0.0169,4,12,0,0,2,1.0986122886681098
268,2017,批发零售,0,24,19,27,13,26,109,408,4.700480365792417,26.715686274509803,0.33556023707144395,22.8317,0.1337,0.0555,0.4302,5,6,0,1,1,0.6931471805599453
268,2018,批发零售,0,27,16,29,12,28,112,415,4.727387818712341,26.987951807228917,0.34585472313815446,25.1347,0.5555,-0.0064,0.2586,6,10,0,1,3,1.3862943611198906
268,2019,批发零售,0,25,28,17,23,44,137,412,4.927253685157205,33.25242718446602,0.4345799519527734,23.3244,0.3116,-0.0307,-0.4644,7,8,1,0,5,1.791759469228055
268,2020,批发零售,0,32,29,33,19,42,155,464,5.049856007249537,33.4051724137931,0.49574880743238753,23.6914,0.4476,-0.0826,-0.2761,8,12,1,1,0,0.0
268,2021,批发零售,0,25,26,31,23,40,145,482,4.983606621708336,30.08298755186722,0.46950824208508485,23.6993,0.5722,0.1327,0.7387,9,10,0,1,2,1.0986122886681098
268,2022,批发零售,0,35,36,28,24,29,152,504,5.030437921392435,30.158730158730158,0.4918103182269023,25.974,0.3739,0.0634,0.3052,10,8,0,0,9,2.302585092994046
269,2016,金融保险,0,18,13,25,14,32,102,419,4.634728988229636,24.3436754176611,0.31392182861508416,23.1814,0.2922,0.1283,0.6414,16,9,0,0,2,1.0986122886681098
269,2017,金融保险,0,25,24,19,12,14,94,388,4.553876891600541,24.22680412371134,0.2802285043992545,24.0685,0.6493,0.0499,0.6682,17,9,1,1,0,0.0
269,2018,金融保险,0,14,20,18,12,10,74,392,4.31748811353631,18.877551020408163,0.21465725904090974,22.984,0.7062,0.0317,0.5939,18,7,1,0,1,0.6931471805599453
269,2019,金融保险,0,17,31,20,16,30,114,429,4.74493212836325,26.573426573426573,0.3479368768534969,22.5284,0.428,0.0334,0.1901,19,8,0,1,2,1.0986122886681098
269,2020,金融保险,0,30,34,19,18,29,130,472,4.875197323201151,27.54237288135593,0.40417627629042857,23.8457,0.6147,0.0314,0.084,20,11,0,0,0,0.0
269,2021,金融保险,0,23,28,27,12,24,114,468,4.74493212836325,24.358974358974358,0.3470981614004083,25.6808,0.5988,0.043,0.8977,21,8,0,0,3,1.3862943611198906
269,2022,金融保险,0,27,25,27,14,38,131,399,4.882801922586371,32.83208020050125,0.40618248466929074,24.8018,0.4117,0.0099,-0.1149,22,13,0,1,2,1.0986122886681098
270,2016,交通运输,0,28,25,33,25,39,150,440,5.017279836814924,34.090909090909086,0.4914267811198605,23.2648,0.6164,0.0227,0.0908,21,11,0,1,3,1.3862943611198906
270,2017,交通运输,0,29,31,30,13,34,137,417,4.927253685157205,32.853717026378895,0.4243060873743052,22.6017,0.717,-0.0012,0.5472,22,9,0,1,1,0.6931471805599453
270,2018,交通运输,0,34,32,19,24,40,149,433,5.0106352940962555,34.41108545034642,0.4770348335611142,23.532,0.3553,0.0022,0.0606,23,13,0,1,1,0.6931471805599453
270,2019,交通运输,0,37,43,36,23,42,181,513,5.204006687076795,35.28265107212476,0.5854488484054605,23.1601,0.3956,0.0404,0.0753,24,9,0,0,4,1.6094379124341003
270,2020,交通运输,0,49,61,42,24,52,228,495,5.43372200355424,46.06060606060606,0.7383903014727544,23.0434,0.1196,0.0713,0.18,25,11,1,1,8,2.1972245773362196
270,2021,交通运输,0,43,54,39,25,48,209,497,5.3471075307174685,42.052313883299796,0.6785276012250058,24.0902,0.2877,0.176,0.2053,26,10,0,1,10,2.3978952727983707
270,2022,交通运输,0,41,47,49,20,58,215,512,5.375278407684165,41.9921875,0.6954870839848517,25.6198,0.4223,0.0211,0.3355,27,10,1,1,15,2.772588722239781
271,2016,能源材料,0,16,26,16,18,25,101,443,4.624972813284271,22.799097065462753,0.3090660919415163,22.0526,0.3686,-0.0385,0.1255,2,7,0,0,2,1.0986122886681098
271,2017,能源材料,0,18,18,14,15,24,89,445,4.499809670330265,20.0,0.2664907387673623,23.2707,0.4324,0.0279,0.1966,3,6,0,0,0,0.0
271,2018,能源材料,0,20,21,21,12,23,97,445,4.584967478670572,21.79775280898876,0.2903894649623112,22.8443,0.2582,0.029,-0.2229,4,8,0,1,0,0.0
271,2019,能源材料,0,20,30,23,15,35,123,402,4.820281565605037,30.597014925373134,0.37733799987774924,23.8493,0.645,0.0291,0.3225,5,10,1,0,2,1.0986122886681098
271,2020,能源材料,0,34,29,28,13,33,137,432,4.927253685157205,31.712962962962965,0.42471564570003584,23.7525,0.4203,0.0391,0.0979,6,8,0,0,1,0.6931471805599453
271,2021,能源材料,0,18,23,21,18,17,97,376,4.584967478670572,25.79787234042553,0.30097726699551486,25.3519,0.577,-0.0571,-0.0494,7,12,1,1,1,0.6931471805599453
271,2022,能源材料,0,28,39,41,16,48,172,476,5.153291594497779,36.134453781512605,0.5455323215451238,22.6577,0.4838,0.001,-0.1586,8,11,0,0,1,0.6931471805599453
272,2016,房地产,1,14,16,21,15,31,97,382,4.584967478670572,25.392670157068064,0.29574548405995393,23.315,0.7467,0.0815,0.3713,19,14,0,0,2,1.0986122886681098
272,2017,房地产,1,25,27,21,17,28,118,398,4.77912349311153,29.64824120603015,0.3660790711882368,23.5289,0.8546,0.0632,0.1559,20,7,1,0,6,1.9459101490553132
272,2018,房地产,1,27,34,22,18,31,132,431,4.890349128221754,30.62645011600928,0.4116921347786305,24.0254,0.8719,0.0189,0.0915,21,5,0,1,3,1.3862943611198906
272,2019,房地产,1,42,35,25,23,43,168,527,5.1298987149230735,31.87855787476281,0.5403018659845772,24.2135,0.6256,-0.021,0.4331,22,6,1,1,3,1.3862943611198906
272,2020,房地产,1,49,53,46,24,41,213,529,5.365976015021851,40.26465028355388,0.6956105502422375,24.4732,0.3637,0.0105,0.4287,23,7,0,1,5,1.791759469228055
272,2021,房地产,1,35,39,28,21,52,175,522,5.170483995038151,33.524904214559385,0.5577823074016239,25.0986,0.6373,0.2045,0.1719,24,7,0,1,8,2.1972245773362196
272,2022,房地产,1,31,28,27,20,41,147,520,4.997212273764115,28.26923076923077,0.468470523051189,25.7705,0.3107,0.0685,0.5693,25,6,0,1,4,1.6094379124341003
273,2016,信息技术,0,18,14,20,12,19,83,403,4.430816798843313,20.595533498759306,0.24670176207857486,22.1845,0.2848,-0.0347,0.5814,22,11,0,0,1,0.6931471805599453
273,2017,信息技术,0,34,37,26,14,23,134,468,4.90527477843843,28.63247863247863,0.4140691403267875,23.0597,0.4749,0.1182,-0.2109,23,8,1,1,5,1.791759469228055
273,2018,信息技术,0,19,19,21,15,14,88,335,4.48863636973214,26.268656716417908,0.2680185752000069,22.1279,0.3215,-0.0527,0.1191,24,5,0,0,5,1.791759469228055
273,2019,信息技术,0,38,40,37,28,37,180,476,5.198497031265826,37.81512605042017,0.593522111050088,22.9306,0.2393,0.0359,0.2815,25,12,0,1,2,1.0986122886681098
273,2020,信息技术,0,36,43,25,31,47,182,485,5.209486152841421,37.52577319587629,0.5964453048792414,22.126,0.6072,0.0368,0.3467,26,8,1,1,2,1.0986122886681098
273,2021,信息技术,0,29,38,36,21,48,172,508,5.153291594497779,33.85826771653544,0.5523240906570906,21.7936,0.3865,-0.0318,-0.3213,27,7,0,1,4,1.6094379124341003
273,2022,信息技术,0,40,43,37,25,34,179,521,5.19295685089021,34.357005758157385,0.5844374837503239,23.0947,0.5601,-0.0195,0.5118,28,11,0,1,3,1.3862943611198906
274,2016,高端制造,1,11,10,11,7,8,47,329,3.871201010907891,14.285714285714285,0.11684471943455524,21.0977,0.3993,-0.1236,0.2336,13,9,0,0,0,0.0
274,2017,高端制造,1,8,11,11,6,12,48,396,3.8918202981106265,12.121212121212121,0.11707126182307823,22.2062,0.6149,0.0563,0.111,14,10,0,0,0,0.0
274,2018,高端制造,1,13,12,13,9,12,59,409,4.0943445622221,14.425427872860636,0.15987307696969288,23.2291,0.379,0.1357,-0.3689,15,8,1,0,1,0.6931471805599453
274,2019,高端制造,1,15,19,22,13,25,94,388,4.553876891600541,24.22680412371134,0.2826946882932406,23.679,0.6244,0.0387,0.0319,16,9,0,1,2,1.0986122886681098
274,2020,高端制造,1,23,18,14,9,15,79,381,4.382026634673881,20.73490813648294,0.22473732089758702,24.8265,0.2965,0.0403,0.2875,17,7,0,0,5,1.791759469228055
274,2021,高端制造,1,20,27,20,10,24,101,436,4.624972813284271,23.165137614678898,0.29712160148608446,24.0185,0.4783,0.1138,0.7872,18,8,0,1,1,0.6931471805599453
274,2022,高端制造,1,30,27,22,12,37,128,414,4.859812404361672,30.917874396135264,0.3898905721526095,25.0477,0.2838,0.103,-0.2259,19,8,0,1,1,0.6931471805599453
275,2016,医药生物,0,15,17,15,9,20,76,403,4.343805421853684,18.858560794044664,0.21412028086591176,23.9158,0.6337,0.0521,0.409,15,7,0,0,3,1.3862943611198906
275,2017,医药生物,0,25,20,21,12,23,101,379,4.624972813284271,26.649076517150394,0.30449631217534706,23.6799,0.3959,0.0903,0.4489,16,7,0,0,1,0.6931471805599453
275,2018,医药生物,0,25,23,24,12,22,106,391,4.672828834461906,27.10997442455243,0.3215562092645559,22.296,0.662,0.0036,-0.0419,17,6,0,0,0,0.0
275,2019,医药生物,0,28,19,22,12,28,109,386,4.700480365792417,28.238341968911918,0.33134710394525346,23.4436,0.2903,0.0991,-0.44,18,9,0,0,1,0.6931471805599453
275,2020,医药生物,0,38,37,24,13,43,155,447,5.049856007249537,34.675615212527966,0.4779712572890909,23.7025,0.4738,0.0864,0.2527,19,8,0,1,0,0.0
275,2021,医药生物,0,23,34,36,16,34,143,494,4.969813299576001,28.947368421052634,0.45073703699169326,22.7516,0.4163,0.0362,0.038,20,9,1,1,1,0.6931471805599453
275,2022,医药生物,0,35,43,24,22,26,150,458,5.017279836814924,32.751091703056765,0.47743447060201544,24.5842,0.4475,-0.0154,0.1727,21,13,1,1,3,1.3862943611198906
276,2016,批发零售,1,21,24,17,10,20,92,380,4.532599493153256,24.210526315789473,0.26772384216865386,24.1218,0.1938,0.0203,-0.0468,13,8,0,0,2,1.0986122886681098
276,2017,批发零售,1,22,18,29,8,38,115,441,4.7535901911063645,26.077097505668934,0.34586325302930254,24.9807,0.6665,-0.0555,-0.0822,14,8,1,0,0,0.0
276,2018,批发零售,1,25,31,32,25,38,151,502,5.0238805208462765,30.0796812749004,0.49179113947469844,23.9751,0.5377,0.043,0.0673,15,9,0,1,0,0.0
276,2019,批发零售,1,46,42,24,14,41,167,521,5.123963979403259,32.05374280230326,0.5186170715841864,25.3566,0.4657,0.0268,0.3672,16,11,1,0,7,2.0794415416798357
276,2020,批发零售,1,27,54,38,24,40,183,526,5.214935757608986,34.79087452471482,0.5899520754634701,24.22,0.21,-0.0587,-0.4098,17,8,0,0,6,1.9459101490553132
276,2021,批发零售,1,38,36,28,31,43,176,534,5.176149732573829,32.958801498127336,0.5816312635294327,27.2879,0.3256,0.0729,0.4452,18,9,0,1,10,2.3978952727983707
276,2022,批发零售,1,33,50,44,33,37,197,491,5.288267030694535,40.122199592668025,0.6577877069348551,26.6019,0.2704,0.0082,0.3021,19,8,0,1,10,2.3978952727983707
277,2016,金融保险,0,29,25,20,20,14,108,398,4.6913478822291435,27.1356783919598,0.3411827364513115,22.656,0.5977,0.0854,0.2064,9,8,1,0,3,1.3862943611198906
277,2017,金融保险,0,25,21,29,11,33,119,437,4.787491742782046,27.23112128146453,0.3643321795014087,25.0665,0.7497,0.0475,-0.0931,10,10,0,0,2,1.0986122886681098
277,2018,金融保险,0,16,19,14,12,24,85,403,4.454347296253507,21.09181141439206,0.24737989176322148,21.4528,0.29,0.0063,-0.1253,11,10,0,0,1,0.6931471805599453
277,2019,金融保险,0,21,24,35,16,34,130,466,4.875197323201151,27.896995708154503,0.4108726008403271,24.2482,0.627,-0.0153,0.0141,12,7,0,1,6,1.9459101490553132
277,2020,金融保险,0,21,37,28,15,38,139,479,4.941642422609304,29.018789144050107,0.4297197259072031,24.2048,0.5411,0.0079,-0.5198,13,8,0,0,2,1.0986122886681098
277,2021,金融保险,0,30,35,33,21,37,156,486,5.056245805348308,32.098765432098766,0.5008846910817666,25.1634,0.7546,-0.0303,-0.0347,14,9,0,1,7,2.0794415416798357
277,2022,金融保险,0,40,37,29,14,49,169,505,5.135798437050262,33.46534653465347,0.5278118355888016,24.0765,0.4635,-0.0061,-0.1404,15,9,0,0,5,1.791759469228055
278,2016,交通运输,1,18,27,22,19,23,109,427,4.700480365792417,25.526932084309134,0.34045245851231803,20.2631,0.4812,0.0682,0.1093,10,10,0,0,0,0.0
278,2017,交通运输,1,18,24,28,15,24,109,444,4.700480365792417,24.54954954954955,0.3374061352965585,20.619,0.7949,0.2166,0.1717,11,5,0,0,0,0.0
278,2018,交通运输,1,23,25,21,9,21,99,418,4.605170185988092,23.684210526315788,0.2907837953651381,21.2033,0.7097,0.0067,-0.1533,12,11,0,1,0,0.0
278,2019,交通运输,1,28,22,21,11,26,108,430,4.6913478822291435,25.116279069767444,0.32493503340128826,21.889,0.2785,0.0426,0.4834,13,5,0,0,3,1.3862943611198906
278,2020,交通运输,1,20,37,13,16,21,107,460,4.68213122712422,23.26086956521739,0.3206742952274204,21.3015,0.05,0.0598,0.0954,14,10,1,0,3,1.3862943611198906
278,2021,交通运输,1,23,23,35,16,15,112,414,4.727387818712341,27.053140096618357,0.3549336391996881,22.1567,0.4465,0.0865,0.0533,15,11,0,0,4,1.6094379124341003
278,2022,交通运输,1,30,31,28,26,38,153,434,5.0369526024136295,35.25345622119816,0.4986471431453043,22.4677,0.4328,0.0713,-0.6,16,8,0,1,2,1.0986122886681098
279,2016,能源材料,0,10,5,7,5,13,40,332,3.713572066704308,12.048192771084338,0.08916532620271185,22.4197,0.7249,0.0669,0.5654,7,9,1,0,1,0.6931471805599453
279,2017,能源材料,0,15,7,16,5,6,49,333,3.912023005428146,14.714714714714713,0.12431272913458304,20.6767,0.2565,0.0184,-0.074,8,7,0,0,1,0.6931471805599453
279,2018,能源材料,0,4,8,14,7,6,39,377,3.6888794541139363,10.344827586206897,0.09229271796048698,23.4773,0.5113,0.054,-0.0151,9,11,0,0,1,0.6931471805599453
279,2019,能源材料,0,12,13,15,11,14,65,351,4.189654742026425,18.51851851851852,0.18346133799627887,21.6323,0.2284,0.0355,-0.1637,10,6,0,0,0,0.0
279,2020,能源材料,0,13,16,24,12,15,80,386,4.394449154672439,20.72538860103627,0.23817267270933679,22.2367,0.385,0.0646,-0.2944,11,10,0,0,0,0.0
279,2021,能源材料,0,19,23,24,21,18,105,427,4.663439094112067,24.59016393442623,0.3341914852156097,23.2843,0.4497,0.0572,0.325,12,9,0,0,1,0.6931471805599453
279,2022,能源材料,0,28,28,22,18,32,128,466,4.859812404361672,27.467811158798284,0.400703194512894,24.5093,0.3458,0.0167,0.2675,13,11,0,0,3,1.3862943611198906
280,2016,房地产,1,22,26,23,20,32,123,405,4.820281565605037,30.37037037037037,0.38837880627193644,22.1088,0.4508,0.1075,-0.0956,23,10,0,0,2,1.0986122886681098
280,2017,房地产,1,26,26,19,20,23,114,453,4.74493212836325,25.165562913907287,0.3584152251971921,21.3045,0.297,-0.0462,0.1845,24,12,0,0,1,0.6931471805599453
280,2018,房地产,1,23,31,24,11,35,124,422,4.8283137373023015,29.383886255924168,0.37399606790897166,23.421,0.5716,0.0729,0.1845,25,6,0,1,9,2.302585092994046
280,2019,房地产,1,44,50,35,16,48,193,472,5.267858159063328,40.88983050847458,0.6093213325119101,21.2434,0.3526,0.0068,-0.0884,26,6,0,1,2,1.0986122886681098
280,2020,房地产,1,25,41,30,18,40,154,491,5.043425116919247,31.364562118126273,0.48418494230079684,23.6955,0.5045,0.0586,0.6734,27,10,0,1,3,1.3862943611198906
280,2021,房地产,1,41,39,36,12,45,173,443,5.159055299214529,39.05191873589165,0.5410081590366893,24.5107,0.6757,0.037,0.1091,28,9,0,1,5,1.791759469228055
280,2022,房地产,1,40,46,35,18,46,185,463,5.225746673713202,39.956803455723545,0.5878514461193713,23.7472,0.4539,-0.041,-0.1679,29,9,0,1,4,1.6094379124341003
281,2016,信息技术,1,31,40,29,23,40,163,501,5.099866427824199,32.53493013972056,0.5232565394741079,23.3556,0.4739,0.1196,-0.2784,6,8,1,1,5,1.791759469228055
281,2017,信息技术,1,34,30,31,13,32,140,487,4.948759890378168,28.74743326488706,0.4359275719411511,23.2264,0.4065,0.0396,0.1526,7,9,0,0,3,1.3862943611198906
281,2018,信息技术,1,32,37,24,17,46,156,510,5.056245805348308,30.58823529411765,0.48727734120911403,21.422,0.0969,0.0647,0.361,8,12,0,0,2,1.0986122886681098
281,2019,信息技术,1,35,36,34,24,36,165,455,5.111987788356544,36.26373626373626,0.5367254516211881,24.074,0.2919,0.0031,0.4046,9,9,1,1,2,1.0986122886681098
281,2020,信息技术,1,35,38,28,23,38,162,428,5.093750200806762,37.850467289719624,0.5209233743773598,24.5226,0.7665,0.0995,0.0348,10,8,0,1,4,1.6094379124341003
281,2021,信息技术,1,40,39,27,22,35,163,503,5.099866427824199,32.40556660039761,0.5225453598712559,24.4398,0.61,0.0059,0.2493,11,6,0,0,2,1.0986122886681098
281,2022,信息技术,1,52,51,30,24,52,209,525,5.3471075307174685,39.80952380952381,0.6736219605417513,24.6889,0.3233,0.0539,0.4897,12,8,0,1,8,2.1972245773362196
282,2016,高端制造,1,14,20,14,16,30,94,435,4.553876891600541,21.60919540229885,0.2826810444703405,24.486,0.4093,0.1127,0.3716,10,9,0,1,3,1.3862943611198906
282,2017,高端制造,1,19,25,12,14,20,90,411,4.51085950651685,21.897810218978105,0.26507091608867994,23.6027,0.3779,0.0647,0.0157,11,9,0,0,2,1.0986122886681098
282,2018,高端制造,1,23,30,24,15,24,116,396,4.762173934797756,29.292929292929294,0.3567318850536601,24.6607,0.2241,0.0712,0.1138,12,9,1,0,4,1.6094379124341003
282,2019,高端制造,1,47,39,29,23,36,174,475,5.1647859739235145,36.63157894736842,0.5622359954842149,25.1506,0.2934,-0.0345,0.2504,13,9,1,1,2,1.0986122886681098
282,2020,高端制造,1,29,31,22,16,36,134,500,4.90527477843843,26.8,0.41532820740139176,24.3443,0.3818,0.0954,0.7956,14,11,1,1,4,1.6094379124341003
282,2021,高端制造,1,28,26,23,11,27,115,436,4.7535901911063645,26.376146788990823,0.3474042785607338,25.2466,0.6346,0.0739,-0.2084,15,9,0,1,1,0.6931471805599453
282,2022,高端制造,1,28,37,19,11,33,128,484,4.859812404361672,26.446280991735538,0.3832119573077526,25.1082,0.5148,0.0406,0.5616,16,5,0,0,3,1.3862943611198906
283,2016,医药生物,0,15,21,12,10,20,78,363,4.3694478524670215,21.487603305785125,0.21945364245168747,21.9228,0.3837,0.0375,0.3329,9,10,0,1,0,0.0
283,2017,医药生物,0,22,27,19,15,19,102,455,4.634728988229636,22.41758241758242,0.309748489218138,24.1017,0.8787,0.086,0.3118,10,10,0,1,7,2.0794415416798357
283,2018,医药生物,0,17,25,24,16,33,115,446,4.7535901911063645,25.784753363228702,0.3550883769868608,23.4279,0.187,0.087,-0.1216,11,8,0,0,4,1.6094379124341003
283,2019,医药生物,0,27,35,21,17,35,135,485,4.912654885736052,27.835051546391753,0.41832492789333764,24.4635,0.1796,0.0296,0.534,12,9,0,1,5,1.791759469228055
283,2020,医药生物,0,36,35,44,13,53,181,487,5.204006687076795,37.16632443531827,0.5730439880187488,23.6695,0.3752,-0.0302,0.0916,13,11,1,0,7,2.0794415416798357
283,2021,医药生物,0,49,38,25,18,45,175,539,5.170483995038151,32.467532467532465,0.5538437671619643,25.3511,0.5858,0.0851,0.3022,14,9,1,0,5,1.791759469228055
283,2022,医药生物,0,45,45,33,22,59,204,507,5.3230099791384085,40.23668639053255,0.6555649362160751,23.602,0.2972,0.0317,-0.088,15,10,0,1,2,1.0986122886681098
284,2016,批发零售,1,17,19,31,19,35,121,435,4.804021044733257,27.816091954022987,0.3857503173106478,23.8353,0.5817,0.0355,-0.1335,10,11,1,0,2,1.0986122886681098
284,2017,批发零售,1,29,28,23,20,26,126,444,4.844187086458591,28.37837837837838,0.3991771083051797,23.4382,0.2684,0.0586,-0.1129,11,9,1,1,3,1.3862943611198906
284,2018,批发零售,1,32,27,25,22,28,134,465,4.90527477843843,28.817204301075268,0.4305420645933382,24.7644,0.4895,-0.044,-0.3215,12,11,1,1,3,1.3862943611198906
284,2019,批发零售,1,34,35,32,26,58,185,495,5.225746673713202,37.37373737373738,0.602192861397972,25.2674,0.4481,0.0718,0.0729,13,10,1,1,3,1.3862943611198906
284,2020,批发零售,1,33,46,43,21,42,185,492,5.225746673713202,37.60162601626016,0.5971335476448228,22.5164,0.2236,-0.069,-0.0811,14,8,1,1,2,1.0986122886681098
284,2021,批发零售,1,41,52,38,30,49,210,545,5.351858133476067,38.53211009174312,0.6905746865060656,25.6135,0.5157,0.1124,-0.4613,15,9,0,1,6,1.9459101490553132
284,2022,批发零售,1,50,53,35,35,53,226,569,5.424950017481403,39.71880492091388,0.7506834794020997,24.4824,0.4371,0.0205,0.0104,16,11,0,1,8,2.1972245773362196
285,2016,金融保险,0,13,9,12,16,20,70,412,4.2626798770413155,16.990291262135923,0.20799848305500218,21.8361,0.6959,0.0842,-0.5047,11,10,1,0,0,0.0
285,2017,金融保险,0,12,8,12,14,17,63,380,4.1588830833596715,16.57894736842105,0.18207358093458628,20.9006,0.2346,0.0034,-0.0242,12,11,1,0,1,0.6931471805599453
285,2018,金融保险,0,14,21,18,6,21,80,377,4.394449154672439,21.220159151193634,0.22177310898065164,22.2247,0.2124,0.0003,0.3186,13,11,0,0,0,0.0
285,2019,金融保险,0,27,23,26,8,27,111,405,4.718498871295094,27.40740740740741,0.3314404029560187,22.7437,0.2617,0.0379,-0.1079,14,8,1,0,6,1.9459101490553132
285,2020,金融保险,0,32,42,24,26,29,153,488,5.0369526024136295,31.352459016393443,0.4940350686802414,22.9936,0.1727,0.0819,0.0582,15,8,0,1,2,1.0986122886681098
285,2021,金融保险,0,25,28,30,23,42,148,476,5.003946305945459,31.092436974789916,0.4778415755793683,24.4114,0.367,-0.0244,0.6901,16,5,0,0,2,1.0986122886681098
285,2022,金融保险,0,24,36,28,21,21,130,445,4.875197323201151,29.213483146067414,0.4139295410429448,23.7599,0.3547,0.0461,0.0582,17,12,0,0,1,0.6931471805599453
286,2016,交通运输,0,13,18,10,18,25,84,369,4.442651256490317,22.76422764227642,0.2525822158305002,21.2222,0.5743,0.1,0.3596,23,6,1,1,2,1.0986122886681098
286,2017,交通运输,0,28,36,26,18,29,137,510,4.927253685157205,26.862745098039216,0.42989765607614683,20.8763,0.1811,0.077,0.1133,24,9,0,0,3,1.3862943611198906
286,2018,交通运输,0,32,33,25,18,41,149,460,5.0106352940962555,32.391304347826086,0.46872378607113896,23.5554,0.5947,0.1043,-0.0807,25,10,1,1,4,1.6094379124341003
286,2019,交通运输,0,22,33,28,25,38,146,502,4.990432586778736,29.08366533864542,0.4721716153162808,23.6867,0.2872,-0.0266,-0.0165,26,12,0,1,10,2.3978952727983707
286,2020,交通运输,0,34,44,33,23,35,169,492,5.135798437050262,34.34959349593496,0.544675947421168,22.5953,0.2554,0.0465,0.2291,27,10,0,0,2,1.0986122886681098
286,2021,交通运输,0,32,36,37,20,29,154,413,5.043425116919247,37.28813559322034,0.495605392518102,23.2191,0.5891,-0.0619,-0.2012,28,10,1,1,1,0.6931471805599453
286,2022,交通运输,0,35,37,29,22,32,155,480,5.049856007249537,32.29166666666667,0.49784463684482766,23.9993,0.4704,0.0152,0.274,29,13,1,1,3,1.3862943611198906
287,2016,能源材料,0,24,21,30,14,29,118,387,4.77912349311153,30.490956072351423,0.36736553819890144,25.9759,0.4916,0.0778,-0.2571,20,11,1,0,2,1.0986122886681098
287,2017,能源材料,0,23,30,27,14,32,126,469,4.844187086458591,26.865671641791046,0.3882849111730926,27.2954,0.5128,0.1121,0.6304,21,11,0,1,5,1.791759469228055
287,2018,能源材料,0,22,28,24,13,26,113,443,4.736198448394496,25.5079006772009,0.34362702626483566,24.146,0.5058,0.079,0.2627,22,7,0,0,1,0.6931471805599453
287,2019,能源材料,0,44,41,20,21,50,176,445,5.176149732573829,39.550561797752806,0.5574901746456877,25.2827,0.141,0.0888,-0.0964,23,7,0,0,4,1.6094379124341003
287,2020,能源材料,0,34,32,27,25,45,163,524,5.099866427824199,31.106870229007633,0.5283510196230605,27.6398,0.2946,0.1111,0.4493,24,10,1,0,6,1.9459101490553132
287,2021,能源材料,0,34,50,28,24,49,185,497,5.225746673713202,37.223340040241446,0.5923160626586934,26.5605,0.6133,0.0288,0.0981,25,11,1,0,8,2.1972245773362196
287,2022,能源材料,0,38,44,37,20,43,182,497,5.209486152841421,36.61971830985916,0.5835175555907623,26.513,0.1351,-0.0222,0.1544,26,11,1,1,8,2.1972245773362196
288,2016,房地产,0,20,14,22,9,15,80,402,4.394449154672439,19.900497512437813,0.23332087046767358,22.8041,0.3296,0.1243,0.5456,17,9,0,0,3,1.3862943611198906
288,2017,房地产,0,16,21,14,12,14,77,438,4.356708826689592,17.579908675799086,0.22173980510003855,22.2157,0.418,-0.0012,0.3407,18,9,0,0,0,0.0
288,2018,房地产,0,19,24,17,10,20,90,447,4.51085950651685,20.13422818791946,0.2609115091138208,22.1341,0.4963,0.038,0.503,19,6,0,0,1,0.6931471805599453
288,2019,房地产,0,27,35,29,24,35,150,510,5.017279836814924,29.411764705882355,0.4843420839463546,24.0436,0.4453,0.0867,0.2967,20,12,0,0,5,1.791759469228055
288,2020,房地产,0,19,30,24,16,33,122,432,4.812184355372417,28.240740740740737,0.37652063716192763,25.3635,0.7553,0.0154,0.0109,21,9,0,1,2,1.0986122886681098
288,2021,房地产,0,25,42,25,15,43,150,492,5.017279836814924,30.48780487804878,0.46227160132454503,23.5655,0.5272,0.0796,0.2707,22,9,0,1,2,1.0986122886681098
288,2022,房地产,0,31,34,27,28,32,152,513,5.030437921392435,29.629629629629626,0.4982685154975995,25.503,0.3117,0.0431,0.1548,23,7,0,1,8,2.1972245773362196
289,2016,信息技术,0,24,36,23,13,25,121,454,4.804021044733257,26.651982378854626,0.36687018810484984,24.4544,0.5421,0.1068,0.3476,11,9,0,1,5,1.791759469228055
289,2017,信息技术,0,31,31,24,13,30,129,441,4.867534450455582,29.25170068027211,0.39564970428823526,25.8426,0.4942,0.1349,-0.319,12,7,1,1,2,1.0986122886681098
289,2018,信息技术,0,25,37,42,22,30,156,454,5.056245805348308,34.36123348017621,0.5070445951972573,23.9974,0.5124,0.0797,0.3244,13,6,0,0,3,1.3862943611198906
289,2019,信息技术,0,35,29,29,27,34,154,455,5.043425116919247,33.84615384615385,0.506121197243633,24.9143,0.3676,0.069,-0.0569,14,8,1,1,6,1.9459101490553132
289,2020,信息技术,0,33,37,33,28,38,169,436,5.135798437050262,38.76146788990826,0.5556191324677311,23.9539,0.289,-0.0088,0.1983,15,7,0,1,0,0.0
289,2021,信息技术,0,37,41,23,20,38,159,426,5.075173815233827,37.32394366197183,0.5022239200506516,24.6745,0.3799,-0.0153,0.6895,16,10,0,0,5,1.791759469228055
289,2022,信息技术,0,41,53,28,28,50,200,473,5.303304908059076,42.28329809725159,0.6483766562050164,26.2473,0.4037,0.1511,0.0569,17,9,1,1,13,2.6390573296152584
290,2016,高端制造,0,3,6,7,7,14,37,308,3.6375861597263857,12.012987012987013,0.0815432846015403,19.7426,0.304,0.1002,-0.1938,12,7,1,1,0,0.0
290,2017,高端制造,0,12,14,12,11,18,67,415,4.219507705176107,16.14457831325301,0.18754379985664005,21.2532,0.3078,-0.0011,-0.0671,13,10,1,0,3,1.3862943611198906
290,2018,高端制造,0,17,15,8,12,12,64,401,4.174387269895637,15.96009975062344,0.17843095444452678,21.5413,0.5445,0.0578,0.123,14,10,0,0,2,1.0986122886681098
290,2019,高端制造,0,18,27,24,13,25,107,375,4.68213122712422,28.53333333333333,0.32392956897999514,23.5019,0.544,0.0454,-0.0122,15,10,1,0,6,1.9459101490553132
290,2020,高端制造,0,14,23,16,13,19,85,383,4.454347296253507,22.193211488250654,0.24921813581885294,22.3461,0.3917,0.1037,-0.0161,16,11,0,0,1,0.6931471805599453
290,2021,高端制造,0,31,33,22,15,35,136,453,4.919980925828125,30.022075055187635,0.41976553909540587,23.367,0.6068,0.0161,0.0889,17,10,1,1,3,1.3862943611198906
290,2022,高端制造,0,23,30,14,15,29,111,403,4.718498871295094,27.543424317617866,0.33435342524864436,24.6918,0.5871,0.1228,-0.0438,18,10,0,1,1,0.6931471805599453
291,2016,医药生物,0,19,20,17,13,21,90,452,4.51085950651685,19.911504424778762,0.26758687254211594,21.8381,0.2367,-0.0144,-0.2766,18,9,0,0,0,0.0
291,2017,医药生物,0,17,17,11,9,25,79,369,4.382026634673881,21.40921409214092,0.22142764725212144,21.3547,0.8914,0.0607,0.1181,19,7,1,0,1,0.6931471805599453
291,2018,医药生物,0,21,13,15,6,20,75,376,4.330733340286331,19.9468085106383,0.2076388389608693,24.047,0.8554,0.0747,0.1396,20,12,0,0,3,1.3862943611198906
291,2019,医药生物,0,28,35,21,9,22,115,431,4.7535901911063645,26.68213457076566,0.340203287993816,23.5939,0.3961,0.0925,-0.095,21,11,1,0,2,1.0986122886681098
291,2020,医药生物,0,12,19,16,13,21,81,397,4.406719247264253,20.40302267002519,0.23700747257008808,23.9918,0.5265,-0.0064,0.3789,22,7,0,0,1,0.6931471805599453
291,2021,医药生物,0,18,19,23,13,27,100,394,4.61512051684126,25.380710659898476,0.3030230482338109,24.768,0.4018,0.1241,0.5351,23,10,1,0,6,1.9459101490553132
291,2022,医药生物,0,37,32,29,10,31,139,418,4.941642422609304,33.25358851674641,0.42599823953488125,25.9624,0.153,0.0273,-0.2236,24,10,1,0,2,1.0986122886681098
292,2016,批发零售,0,23,27,20,18,37,125,474,4.836281906951478,26.371308016877638,0.3888679074952721,22.8538,0.6897,0.0004,0.465,21,10,1,0,2,1.0986122886681098
292,2017,批发零售,0,37,42,33,21,33,166,446,5.117993812416755,37.219730941704036,0.532600531737499,22.634,0.2715,0.0242,0.5163,22,11,1,0,3,1.3862943611198906
292,2018,批发零售,0,37,50,35,15,49,186,509,5.231108616854587,36.54223968565815,0.5835528061133373,22.7961,0.2587,0.0465,0.3656,23,7,1,0,7,2.0794415416798357
292,2019,批发零售,0,46,39,46,28,54,213,557,5.365976015021851,38.240574506283664,0.705687395319132,22.8909,0.5288,0.1067,0.2417,24,8,0,1,3,1.3862943611198906
292,2020,批发零售,0,47,51,46,29,54,227,549,5.429345628954441,41.34790528233151,0.7492555533928946,23.3035,0.0669,-0.0007,0.2502,25,13,0,1,15,2.772588722239781
292,2021,批发零售,0,42,56,35,19,59,211,513,5.356586274672012,41.13060428849902,0.6699122746371163,24.7833,0.2628,0.1118,0.2584,26,10,0,1,19,2.995732273553991
292,2022,批发零售,0,47,46,38,23,52,206,514,5.332718793265369,40.07782101167315,0.6673950251751732,23.6157,0.4327,-0.0229,-0.1022,27,11,0,1,9,2.302585092994046
293,2016,金融保险,1,14,9,16,8,27,74,355,4.31748811353631,20.845070422535212,0.20810195360229516,19.6472,0.4908,-0.0265,0.3138,6,10,0,0,3,1.3862943611198906
293,2017,金融保险,1,20,20,23,15,21,99,371,4.605170185988092,26.68463611859838,0.30401486512149445,20.8069,0.5552,-0.019,-0.0612,7,11,1,0,1,0.6931471805599453
293,2018,金融保险,1,15,15,19,18,30,97,412,4.584967478670572,23.54368932038835,0.3006768610734198,19.32,0.2184,0.0075,0.023,8,9,0,1,0,0.0
293,2019,金融保险,1,33,41,29,19,37,159,458,5.075173815233827,34.71615720524017,0.5032497748684654,22.47,0.6008,0.1268,0.014,9,11,0,0,3,1.3862943611198906
293,2020,金融保险,1,41,34,17,20,31,143,442,4.969813299576001,32.35294117647059,0.4504655547977044,22.6088,0.1938,0.0658,-0.0608,10,9,0,0,9,2.302585092994046
293,2021,金融保险,1,35,30,31,20,39,155,446,5.049856007249537,34.753363228699556,0.49689454393095506,23.1425,0.4794,0.1272,0.2643,11,7,1,1,9,2.302585092994046
293,2022,金融保险,1,33,41,37,28,48,187,511,5.236441962829949,36.59491193737769,0.6140521270994562,23.6682,0.4568,0.0925,0.1384,12,9,0,1,12,2.5649493574615367
294,2016,交通运输,1,14,18,7,11,8,58,342,4.07753744390572,16.95906432748538,0.1555027728160567,21.5077,0.228,0.1062,-0.1797,19,10,1,0,3,1.3862943611198906
294,2017,交通运输,1,13,13,12,11,8,57,392,4.060443010546419,14.540816326530612,0.15653792344873332,22.5067,0.4052,0.0856,0.055,20,10,0,0,1,0.6931471805599453
294,2018,交通运输,1,17,9,13,17,16,72,410,4.290459441148391,17.560975609756095,0.2179143414740079,21.9166,0.3477,-0.0085,0.4132,21,8,0,0,2,1.0986122886681098
294,2019,交通运输,1,21,28,26,12,21,108,374,4.6913478822291435,28.87700534759358,0.3270271622361269,23.2063,0.5573,-0.0145,0.2016,22,11,0,0,1,0.6931471805599453
294,2020,交通运输,1,25,23,17,13,21,99,444,4.605170185988092,22.2972972972973,0.2967958279787553,23.0107,0.7342,0.0805,0.3595,23,11,0,1,2,1.0986122886681098
294,2021,交通运输,1,25,30,15,15,31,116,434,4.762173934797756,26.72811059907834,0.3512756186617981,24.0472,0.4179,0.0578,0.1848,24,8,0,0,3,1.3862943611198906
294,2022,交通运输,1,32,33,20,23,28,136,416,4.919980925828125,32.69230769230769,0.4340988993150767,24.9583,0.5103,0.0634,-0.104,25,7,1,0,5,1.791759469228055
295,2016,能源材料,1,18,28,13,11,26,96,446,4.574710978503383,21.524663677130047,0.2779192898228805,22.4536,0.6642,0.0151,0.1055,7,11,0,0,4,1.6094379124341003
295,2017,能源材料,1,25,26,23,18,26,118,461,4.77912349311153,25.59652928416486,0.3695561384318504,22.5854,0.6276,-0.01,0.2237,8,9,0,0,1,0.6931471805599453
295,2018,能源材料,1,21,36,24,15,34,130,426,4.875197323201151,30.51643192488263,0.3989515220543841,23.2948,0.3837,0.0295,0.1769,9,6,0,0,3,1.3862943611198906
295,2019,能源材料,1,27,38,26,15,38,144,493,4.976733742420574,29.20892494929006,0.44545621278361813,22.7971,0.1486,-0.0574,0.1189,10,9,0,1,4,1.6094379124341003
295,2020,能源材料,1,41,38,29,19,39,166,474,5.117993812416755,35.0210970464135,0.5280247623179126,25.3063,0.5232,0.1516,-0.0729,11,8,0,0,5,1.791759469228055
295,2021,能源材料,1,26,38,37,16,34,151,471,5.0238805208462765,32.05944798301486,0.47646372712619534,24.3959,0.1865,-0.0372,0.0508,12,6,0,1,5,1.791759469228055
295,2022,能源材料,1,41,37,37,24,35,174,447,5.1647859739235145,38.92617449664429,0.5683743770268026,22.8334,0.424,0.1016,-0.0502,13,6,0,0,3,1.3862943611198906
296,2016,房地产,0,20,21,15,17,16,89,361,4.499809670330265,24.653739612188367,0.27084516385694946,22.9112,0.5052,0.0353,0.1864,20,8,0,0,3,1.3862943611198906
296,2017,房地产,0,18,23,16,10,22,89,385,4.499809670330265,23.116883116883116,0.25706671980854745,23.6541,0.4834,0.0778,-0.1107,21,10,0,0,1,0.6931471805599453
296,2018,房地产,0,23,23,21,16,29,112,445,4.727387818712341,25.168539325842698,0.34564543573055956,24.3868,0.2064,0.0849,0.0013,22,10,1,0,3,1.3862943611198906
296,2019,房地产,0,32,56,35,18,45,186,475,5.231108616854587,39.1578947368421,0.5866931623893792,22.9672,0.5494,0.0496,0.1037,23,7,1,0,3,1.3862943611198906
296,2020,房地产,0,34,36,36,27,38,171,520,5.147494476813453,32.88461538461539,0.5624638936815123,24.3041,0.4339,0.0358,0.1855,24,8,0,1,1,0.6931471805599453
296,2021,房地产,0,32,35,33,20,57,177,471,5.181783550292085,37.57961783439491,0.5655989727013677,23.9781,0.6274,0.111,0.179,25,12,1,1,5,1.791759469228055
296,2022,房地产,0,41,60,32,21,52,206,560,5.332718793265369,36.78571428571429,0.6548719958953668,24.8367,0.4384,0.0664,0.181,26,8,0,1,3,1.3862943611198906
297,2016,信息技术,0,8,11,6,11,8,44,374,3.8066624897703196,11.76470588235294,0.11078562682716478,21.4307,0.5245,0.0417,-0.0307,7,7,0,0,2,1.0986122886681098
297,2017,信息技术,0,13,20,19,3,20,75,394,4.330733340286331,19.035532994923855,0.20088390076077162,21.8569,0.3772,0.0236,0.2048,8,10,1,0,0,0.0
297,2018,信息技术,0,12,25,23,11,20,91,410,4.5217885770490405,22.195121951219512,0.2679399884401292,21.8113,0.6305,0.0094,0.5586,9,11,0,0,0,0.0
297,2019,信息技术,0,16,28,31,19,36,130,487,4.875197323201151,26.69404517453799,0.4118088253507798,20.8584,0.3402,0.0876,0.1064,10,6,1,0,2,1.0986122886681098
297,2020,信息技术,0,26,40,34,23,35,158,444,5.0689042022202315,35.585585585585584,0.5095429223617141,22.9712,0.3041,-0.016,-0.0096,11,8,0,1,3,1.3862943611198906
297,2021,信息技术,0,42,39,27,23,33,164,499,5.10594547390058,32.86573146292585,0.5281342478816187,22.8236,0.05,-0.0062,0.4475,12,9,1,0,3,1.3862943611198906
297,2022,信息技术,0,36,34,33,20,24,147,448,4.997212273764115,32.8125,0.4723890635997747,25.1551,0.6761,0.0742,0.1013,13,11,1,0,3,1.3862943611198906
298,2016,高端制造,0,27,30,27,22,39,145,476,4.983606621708336,30.462184873949578,0.4645445492029309,23.3469,0.3911,0.1301,0.1095,3,7,0,0,1,0.6931471805599453
298,2017,高端制造,0,41,39,41,14,44,179,489,5.19295685089021,36.60531697341513,0.5670689304814582,23.1611,0.3248,-0.0126,0.017,4,10,0,1,2,1.0986122886681098
298,2018,高端制造,0,39,30,33,15,31,148,492,5.003946305945459,30.081300813008134,0.4675824294548065,22.7283,0.4245,-0.0403,0.1941,5,8,0,1,3,1.3862943611198906
298,2019,高端制造,0,38,43,28,12,61,182,486,5.209486152841421,37.4485596707819,0.5623685023201459,25.3042,0.2612,-0.0425,0.0632,6,9,0,1,3,1.3862943611198906
298,2020,高端制造,0,35,42,28,17,48,170,458,5.14166355650266,37.117903930131,0.5336623748381143,26.2049,0.6188,-0.0223,0.3332,7,6,0,1,3,1.3862943611198906
298,2021,高端制造,0,25,44,33,27,45,174,472,5.1647859739235145,36.86440677966102,0.5658051720168351,25.6097,0.6683,0.0839,0.2837,8,11,1,1,3,1.3862943611198906
298,2022,高端制造,0,35,28,41,20,32,156,448,5.056245805348308,34.82142857142857,0.507127421385622,26.3205,0.3579,0.0378,0.4972,9,8,1,1,3,1.3862943611198906
299,2016,医药生物,0,18,15,18,10,12,73,404,4.30406509320417,18.06930693069307,0.20981127661702761,21.5308,0.5255,0.0316,0.1944,14,5,0,0,0,0.0
299,2017,医药生物,0,22,14,18,10,33,97,465,4.584967478670572,20.86021505376344,0.28663687807632754,21.808,0.2641,0.1333,-0.0801,15,8,0,0,2,1.0986122886681098
299,2018,医药生物,0,23,28,20,12,19,102,397,4.634728988229636,25.692695214105793,0.30466839065231227,21.1828,0.183,0.1187,-0.0173,16,9,0,0,4,1.6094379124341003
299,2019,医药生物,0,32,35,37,25,34,163,491,5.099866427824199,33.19755600814664,0.5337962681386176,22.6511,0.3247,0.1103,-0.2533,17,9,0,0,3,1.3862943611198906
299,2020,医药生物,0,20,17,23,17,33,110,401,4.709530201312334,27.431421446384043,0.3431769107784556,21.6598,0.3735,0.0482,-0.269,18,11,0,0,2,1.0986122886681098
299,2021,医药生物,0,39,40,30,19,40,168,464,5.1298987149230735,36.206896551724135,0.5340214547183662,23.3585,0.6749,0.0896,0.6081,19,7,0,0,4,1.6094379124341003
299,2022,医药生物,0,37,39,33,27,37,173,502,5.159055299214529,34.462151394422314,0.5668687972165782,23.0106,0.5927,0.0128,0.1912,20,10,0,0,6,1.9459101490553132
300,2016,批发零售,0,38,44,18,19,40,159,515,5.075173815233827,30.87378640776699,0.496564243614352,22.0792,0.2559,0.0465,0.1526,8,10,1,0,3,1.3862943611198906
300,2017,批发零售,0,21,23,23,18,37,122,427,4.812184355372417,28.57142857142857,0.38179637931244814,21.1074,0.2687,0.0297,0.0722,9,6,0,1,3,1.3862943611198906
300,2018,批发零售,0,25,32,31,14,30,132,438,4.890349128221754,30.136986301369863,0.4098965989980255,20.4972,0.5593,0.0559,-0.2307,10,10,1,1,0,0.0
300,2019,批发零售,0,48,42,34,19,45,188,480,5.241747015059643,39.166666666666664,0.6015179484931082,21.5796,0.7008,0.1806,-0.3577,11,8,0,1,3,1.3862943611198906
300,2020,批发零售,0,58,44,42,22,53,219,534,5.393627546352362,41.01123595505618,0.7123385208462659,22.6449,0.5549,0.0356,0.0487,12,8,0,1,8,2.1972245773362196
300,2021,批发零售,0,48,41,40,33,48,210,536,5.351858133476067,39.17910447761194,0.7019522038678244,23.4609,0.5473,0.0216,0.511,13,7,0,1,5,1.791759469228055
300,2022,批发零售,0,51,41,41,26,50,209,510,5.3471075307174685,40.98039215686274,0.686761398603901,23.5638,0.5396,0.0924,0.3813,14,11,0,1,9,2.302585092994046
