firm_id,year,size,lev,roa,growth,age,board,dual,cdo,patent
1,2016,21.318,0.4129,0.1264,0.0021,9,9,1,0,1
1,2017,24.0122,0.6948,0.0509,0.249,10,10,1,0,2
1,2018,24.2916,0.3788,0.0737,0.2559,11,11,0,1,2
1,2019,24.3701,0.6866,0.0566,0.2844,12,10,0,1,5
1,2020,24.2556,0.599,0.0684,0.1169,13,8,0,0,4
1,2021,25.8383,0.4824,-0.0049,0.1477,14,10,0,1,5
1,2022,25.4502,0.7814,0.1115,-0.0875,15,9,1,0,5
2,2016,22.2498,0.555,0.0327,0.0022,14,9,0,0,4
2,2017,21.7261,0.3097,0.0068,-0.1587,15,11,0,0,2
2,2018,24.7542,0.8841,0.0812,0.2637,16,11,0,0,2
2,2019,21.7447,0.5717,0.0235,0.3253,17,10,1,0,2
2,2020,23.4044,0.4993,0.0384,-0.2835,18,12,0,0,0
2,2021,22.8519,0.5181,0.0193,0.3599,19,5,1,1,0
2,2022,24.1642,0.4063,-0.024,-0.3051,20,9,0,1,4
3,2016,24.3338,0.4786,0.0257,-0.0146,12,8,0,0,1
3,2017,25.0171,0.3307,0.0877,0.3895,13,10,0,0,1
3,2018,23.066,0.398,0.0245,0.2488,14,11,1,0,0
3,2019,24.032,0.5037,0.0428,0.457,15,6,0,0,2
3,2020,25.1464,0.5178,-0.008,0.3148,16,7,0,1,2
3,2021,24.9702,0.5971,0.0475,-0.1785,17,10,1,0,1
3,2022,26.3226,0.5369,0.0075,-0.0102,18,8,1,0,5
4,2016,23.8959,0.4498,0.0513,0.224,21,10,1,0,1
4,2017,25.6164,0.1072,0.2165,0.173,22,10,1,1,8
4,2018,23.5236,0.7848,0.0435,0.1824,23,6,0,1,1
4,2019,23.4469,0.4178,0.06,0.1117,24,8,0,1,3
4,2020,25.7078,0.2732,0.1274,-0.192,25,7,0,0,7
4,2021,23.5853,0.2825,-0.0039,0.4091,26,8,0,0,1
4,2022,23.3809,0.2865,0.1153,-0.0952,27,9,0,1,5
5,2016,21.1978,0.4625,0.0434,-0.0488,14,9,1,0,1
5,2017,21.4042,0.2412,0.093,0.1224,15,10,0,0,3
5,2018,21.1322,0.3233,-0.0001,0.2253,16,9,0,1,3
5,2019,21.1264,0.544,0.1157,-0.0433,17,9,0,1,1
5,2020,20.7985,0.3068,0.0588,-0.0649,18,11,0,1,5
5,2021,22.3922,0.2742,-0.0199,-0.4683,19,9,0,0,6
5,2022,24.0368,0.95,0.0332,-0.1913,20,9,0,1,4
6,2016,20.1082,0.3939,0.0949,0.3256,19,11,1,0,1
6,2017,20.3174,0.4676,-0.0007,-0.3754,20,7,0,0,0
6,2018,22.4912,0.4225,0.0343,0.0312,21,9,0,0,2
6,2019,21.9671,0.4577,0.1173,-0.2509,22,7,0,1,5
6,2020,22.8072,0.1798,-0.0578,0.057,23,10,0,0,5
6,2021,23.3319,0.5252,0.1596,0.1857,24,5,0,1,5
6,2022,24.301,0.4289,0.1128,-0.0625,25,10,0,1,5
7,2016,19.551,0.5263,-0.0841,0.1129,22,7,1,1,6
7,2017,22.394,0.2035,0.0982,0.5727,23,7,1,0,2
7,2018,21.7358,0.4234,-0.0026,-0.1385,24,11,0,0,1
7,2019,21.5081,0.498,0.0357,0.1525,25,8,0,1,1
7,2020,21.3084,0.2988,0.0885,0.4193,26,11,1,1,2
7,2021,24.7665,0.6081,0.0183,0.4215,27,8,0,1,2
7,2022,24.6812,0.5288,0.0858,-0.2486,28,15,1,0,3
8,2016,22.216,0.95,0.0121,0.2051,2,11,1,0,1
8,2017,21.7343,0.6226,0.1282,0.181,3,8,0,0,1
8,2018,24.0773,0.6345,0.0888,-0.0734,4,7,0,0,3
8,2019,23.43,0.504,0.003,0.6348,5,5,0,1,2
8,2020,23.9578,0.5239,-0.0556,-0.1127,6,10,0,0,5
8,2021,23.9681,0.6016,0.0208,0.1406,7,9,0,1,6
8,2022,23.5538,0.4065,0.1062,0.539,8,8,1,0,2
9,2016,21.2129,0.4031,0.0779,0.826,7,11,0,1,6
9,2017,20.752,0.6813,-0.0013,0.33,8,7,0,1,3
9,2018,21.7919,0.2674,0.1511,0.7336,9,12,0,1,4
9,2019,23.6471,0.2996,0.031,0.1546,10,12,1,0,25
9,2020,22.6845,0.4188,0.0482,-0.125,11,11,1,1,13
9,2021,23.236,0.5804,0.1119,-0.5093,12,8,1,1,22
9,2022,27.9969,0.6991,0.1683,0.0551,13,10,0,1,70
10,2016,23.2872,0.05,0.0198,-0.2528,8,11,1,1,2
10,2017,23.6834,0.5264,-0.0123,-0.1635,9,10,0,0,0
10,2018,24.513,0.4733,0.0426,-0.6,10,12,0,0,3
10,2019,24.0938,0.4589,-0.0112,0.2765,11,11,0,0,4
10,2020,23.2752,0.247,0.0442,-0.1827,12,11,0,0,0
10,2021,23.9892,0.3292,-0.0218,-0.2779,13,11,0,1,4
10,2022,24.4237,0.23,-0.0099,0.2316,14,9,0,1,3
11,2016,21.8187,0.2149,0.0548,0.2025,13,9,1,0,2
11,2017,21.3575,0.4126,0.0305,0.4419,14,11,0,0,0
11,2018,20.1842,0.3606,0.0186,0.1168,15,12,0,0,0
11,2019,22.7966,0.4005,0.0857,0.1738,16,11,0,0,0
11,2020,22.216,0.4469,0.07,0.0843,17,11,0,0,2
11,2021,23.0977,0.4523,0.0539,0.066,18,7,0,0,1
11,2022,21.9255,0.8086,-0.0329,0.234,19,9,0,0,0
12,2016,22.4504,0.8466,0.0082,0.2871,21,10,1,1,1
12,2017,24.9938,0.683,-0.0441,0.3293,22,10,0,0,6
12,2018,22.9061,0.6899,0.063,0.0302,23,9,1,1,6
12,2019,26.0085,0.5561,0.0594,0.1104,24,11,0,0,5
12,2020,24.761,0.4221,0.0122,-0.0097,25,8,0,1,9
12,2021,25.861,0.5734,0.1052,0.3176,26,10,1,1,6
12,2022,24.4629,0.5664,0.0051,-0.0674,27,7,0,1,3
13,2016,22.5306,0.2445,0.0628,0.1607,14,9,1,0,1
13,2017,23.1344,0.4251,0.0235,-0.1938,15,9,0,0,1
13,2018,22.9816,0.1129,0.0972,-0.0055,16,10,0,0,0
13,2019,24.0116,0.2373,0.0331,0.1652,17,12,0,0,5
13,2020,22.4582,0.384,0.0892,0.4498,18,11,0,1,4
13,2021,22.6799,0.5101,0.0186,0.1128,19,6,1,1,2
13,2022,23.84,0.8084,-0.0117,0.3341,20,8,0,1,4
14,2016,21.9494,0.4546,0.0497,-0.1307,6,9,0,1,1
14,2017,25.1476,0.4082,0.048,0.1379,7,10,0,0,2
14,2018,24.3941,0.5861,0.0684,0.6796,8,8,0,0,1
14,2019,23.2697,0.3075,0.0659,0.3552,9,11,0,1,4
14,2020,25.2877,0.5559,0.0765,-0.41,10,10,0,1,4
14,2021,25.4477,0.6101,0.0566,-0.0922,11,7,0,1,1
14,2022,26.0584,0.3657,0.0455,0.449,12,9,0,0,6
15,2016,20.6365,0.3382,0.0913,0.453,6,10,0,0,2
15,2017,20.5322,0.1422,-0.0908,-0.0196,7,7,0,0,1
15,2018,20.4613,0.3135,0.0126,0.0501,8,10,0,0,3
15,2019,21.7924,0.8785,0.0658,-0.0977,9,8,0,1,3
15,2020,22.4749,0.2406,0.1013,-0.6,10,9,0,1,3
15,2021,21.9411,0.4944,0.116,0.6083,11,9,0,1,13
15,2022,21.4872,0.4194,0.08,0.4495,12,11,1,1,7
16,2016,21.2856,0.4041,0.0465,-0.038,6,8,0,0,4
16,2017,20.5262,0.4457,0.0411,0.0164,7,8,1,0,0
16,2018,20.7702,0.6109,0.0286,0.0566,8,6,0,0,1
16,2019,22.6064,0.2489,0.0539,0.0395,9,13,1,1,4
16,2020,22.3298,0.4801,-0.0234,0.3183,10,9,0,1,1
16,2021,22.0687,0.7974,-0.0018,0.062,11,10,0,1,3
16,2022,22.0118,0.5959,0.0666,0.3555,12,11,0,1,3
17,2016,23.6944,0.3578,0.05,-0.2258,18,8,0,0,3
17,2017,23.4404,0.3695,0.0279,0.0448,19,14,0,0,1
17,2018,23.1096,0.3153,0.0296,0.2129,20,8,0,0,1
17,2019,23.9172,0.2857,0.0862,0.1882,21,10,1,1,5
17,2020,24.9871,0.4522,0.0905,0.4502,22,11,1,1,4
17,2021,23.8746,0.1528,0.0207,0.0661,23,10,0,1,1
17,2022,25.3532,0.2784,0.0587,-0.3556,24,9,0,0,0
18,2016,23.3264,0.95,0.0523,0.6585,21,10,1,0,0
18,2017,22.6975,0.3438,-0.0235,0.6285,22,7,0,1,0
18,2018,22.8905,0.6007,0.014,-0.4255,23,8,1,0,3
18,2019,22.1901,0.6002,0.0625,-0.1274,24,9,1,1,4
18,2020,23.5532,0.05,0.0612,0.0096,25,9,1,1,2
18,2021,24.716,0.85,0.1094,0.309,26,12,1,1,2
18,2022,25.7154,0.4465,0.0709,0.1263,27,10,0,1,9
19,2016,20.6193,0.5076,0.084,0.0691,22,9,0,0,2
19,2017,21.0326,0.5976,-0.0104,0.2733,23,11,0,0,0
19,2018,21.8564,0.3299,0.0655,-0.0941,24,8,0,0,0
19,2019,24.5669,0.5982,0.1008,-0.0666,25,10,1,0,1
19,2020,23.4524,0.5981,0.054,0.1914,26,8,1,0,1
19,2021,23.8151,0.3073,0.0033,0.3211,27,13,0,1,1
19,2022,24.089,0.3614,0.1298,0.5784,28,10,0,0,3
20,2016,20.1461,0.5253,0.0782,-0.2991,11,8,0,0,0
20,2017,21.6596,0.4034,0.0709,-0.3536,12,8,0,0,3
20,2018,21.0821,0.2661,-0.0077,0.2222,13,7,0,0,3
20,2019,22.0177,0.7369,0.0601,0.4607,14,8,0,1,8
20,2020,21.4772,0.1448,0.081,-0.2793,15,10,1,0,2
20,2021,24.232,0.6521,0.1694,-0.0423,16,11,0,1,6
20,2022,24.2662,0.497,0.0062,0.5624,17,10,1,0,6
21,2016,23.8202,0.3845,0.0786,-0.2105,23,8,0,0,4
21,2017,21.7611,0.2996,-0.0049,0.0172,24,8,0,0,0
21,2018,24.7953,0.5027,0.0847,-0.0575,25,8,0,0,7
21,2019,23.2959,0.4557,0.0525,-0.0462,26,10,0,0,3
21,2020,24.1882,0.4266,0.1019,0.5001,27,7,0,0,2
21,2021,24.2554,0.3009,0.0861,-0.2093,28,8,1,1,9
21,2022,23.7373,0.2863,-0.0256,-0.2877,29,9,0,1,2
22,2016,22.2143,0.2382,0.1238,0.6417,18,6,0,0,2
22,2017,21.2507,0.2449,0.092,-0.4569,19,7,1,1,4
22,2018,20.8224,0.2539,-0.0122,0.2466,20,6,0,1,5
22,2019,21.6718,0.3044,-0.0852,0.0385,21,10,0,0,11
22,2020,21.9772,0.546,0.0382,-0.1723,22,7,0,1,2
22,2021,22.7681,0.3729,-0.012,0.0697,23,11,0,0,8
22,2022,22.0761,0.3163,0.0477,0.3246,24,10,0,1,6
23,2016,23.6818,0.5427,0.1096,-0.1662,2,8,0,1,1
23,2017,22.8884,0.2195,0.0992,-0.4859,3,8,0,0,0
23,2018,25.0398,0.95,-0.0194,0.1281,4,8,1,0,0
23,2019,22.609,0.6802,0.0137,-0.1961,5,7,1,0,0
23,2020,23.1146,0.5826,0.0511,0.1908,6,9,1,0,1
23,2021,23.939,0.4843,0.0113,0.4237,7,14,1,0,0
23,2022,25.4829,0.6728,0.0882,0.2914,8,9,0,0,1
24,2016,20.8765,0.0849,0.1095,0.7837,9,9,0,0,3
24,2017,21.9923,0.2962,0.1759,0.4661,10,11,0,1,2
24,2018,23.3738,0.4304,0.0388,0.4632,11,8,1,0,2
24,2019,22.8616,0.4677,0.0185,0.1554,12,9,0,0,2
24,2020,21.991,0.3515,0.041,0.3135,13,9,0,0,1
24,2021,23.8057,0.654,-0.0007,0.1195,14,9,1,1,2
24,2022,23.3328,0.4201,0.0893,0.1955,15,9,0,0,3
25,2016,22.274,0.726,0.0787,-0.4296,8,7,0,0,4
25,2017,23.6843,0.1837,-0.0843,-0.2152,9,9,0,0,2
25,2018,22.0774,0.4474,0.0786,0.3824,10,10,1,0,3
25,2019,21.9933,0.4599,0.1645,0.3538,11,10,0,0,1
25,2020,22.9099,0.1053,-0.0348,-0.0813,12,9,0,0,2
25,2021,23.8507,0.3981,0.0429,0.1976,13,10,0,1,4
25,2022,23.3984,0.7703,0.0383,-0.2646,14,8,0,1,4
26,2016,23.7776,0.5028,0.0522,0.4754,13,7,0,1,3
26,2017,22.7123,0.2868,0.0838,-0.1346,14,8,1,1,5
26,2018,22.2625,0.3919,-0.0291,-0.0337,15,7,0,0,1
26,2019,22.8832,0.4346,-0.0153,-0.0327,16,10,0,1,7
26,2020,24.7864,0.3047,0.0551,0.0772,17,11,0,1,11
26,2021,23.7598,0.6674,0.0983,-0.1205,18,10,0,0,6
26,2022,24.7896,0.4423,-0.0109,0.5345,19,9,0,1,6
27,2016,20.0469,0.3015,0.0406,-0.2976,18,9,1,0,1
27,2017,18.9752,0.2544,0.1454,0.1026,19,10,0,0,0
27,2018,19.7736,0.4466,-0.051,0.1528,20,11,1,1,2
27,2019,21.382,0.289,0.1702,-0.2155,21,8,0,0,7
27,2020,20.8492,0.3656,0.0644,-0.206,22,6,1,1,6
27,2021,20.9831,0.3626,0.1006,0.3136,23,8,0,1,4
27,2022,19.966,0.5927,0.018,0.477,24,9,0,0,4
28,2016,20.7238,0.4979,-0.0173,0.0738,17,12,1,0,2
28,2017,20.4779,0.2396,0.0534,-0.147,18,10,0,0,2
28,2018,22.3956,0.5618,0.1037,0.3335,19,8,1,1,4
28,2019,21.3844,0.6098,-0.0157,0.2241,20,9,0,1,1
28,2020,22.4975,0.6881,0.0458,0.595,21,12,1,0,1
28,2021,23.0722,0.2449,0.0758,-0.3968,22,9,1,1,3
28,2022,22.0719,0.5227,0.0065,-0.1037,23,10,1,0,2
29,2016,24.4169,0.5189,0.0178,0.2434,13,10,1,0,0
29,2017,24.4472,0.389,-0.0226,0.0085,14,11,1,0,3
29,2018,24.5511,0.2613,0.0511,0.1096,15,6,0,0,3
29,2019,25.7996,0.2703,0.1046,0.4988,16,7,1,1,6
29,2020,27.3695,0.9283,0.0883,-0.1114,17,8,0,1,3
29,2021,26.0195,0.5235,0.0506,0.1829,18,10,0,1,4
29,2022,24.3508,0.3591,-0.0218,-0.0034,19,8,1,1,12
30,2016,20.3231,0.2245,0.0124,0.4541,8,10,1,0,1
30,2017,22.7124,0.5783,0.0769,0.0197,9,7,0,0,2
30,2018,20.6256,0.3249,0.0065,0.1181,10,10,0,0,2
30,2019,21.4193,0.3012,0.0757,0.1963,11,10,0,0,3
30,2020,22.1176,0.6622,0.0714,-0.1067,12,9,0,0,2
30,2021,21.596,0.5504,0.1394,0.1423,13,12,0,0,2
30,2022,21.8847,0.05,-0.0407,-0.3502,14,9,1,1,3
31,2016,23.4731,0.6932,0.0974,0.2422,22,8,0,0,1
31,2017,24.3503,0.3842,0.0003,-0.0451,23,7,0,0,0
31,2018,23.3105,0.6852,0.0118,0.3407,24,10,1,0,1
31,2019,24.6574,0.3002,0.029,-0.3568,25,11,1,1,2
31,2020,24.4678,0.8366,-0.0245,0.6787,26,11,0,0,2
31,2021,23.1913,0.4136,-0.0308,-0.1216,27,9,0,1,2
31,2022,25.2385,0.4287,0.0707,0.2796,28,10,1,1,5
32,2016,24.3106,0.4673,0.0502,0.0405,21,6,0,0,2
32,2017,23.3785,0.3141,0.04,0.0796,22,8,0,0,3
32,2018,22.9051,0.316,-0.0142,0.1751,23,8,0,1,4
32,2019,22.4723,0.3892,0.062,0.3652,24,9,0,1,11
32,2020,22.322,0.4171,0.0776,0.2139,25,10,1,1,7
32,2021,26.9216,0.6027,0.0231,0.1618,26,8,0,1,23
32,2022,25.4358,0.3669,0.1125,-0.2472,27,8,0,1,22
33,2016,21.7853,0.8023,0.0529,0.102,13,7,0,1,3
33,2017,21.18,0.4728,0.0107,0.1744,14,8,0,0,2
33,2018,23.1604,0.5178,0.0639,0.1044,15,9,1,1,4
33,2019,22.389,0.449,0.0812,0.4441,16,6,0,0,1
33,2020,21.2366,0.073,-0.0094,0.4391,17,9,0,0,2
33,2021,23.3675,0.6016,0.0941,0.5769,18,8,0,1,3
33,2022,23.9274,0.2272,0.032,0.368,19,9,0,0,1
34,2016,24.678,0.5334,0.1327,0.0941,5,11,1,0,2
34,2017,23.8924,0.2252,0.0534,-0.0263,6,7,0,0,1
34,2018,23.5211,0.2942,0.1021,-0.0254,7,9,1,0,0
34,2019,24.9881,0.5241,0.1016,0.2411,8,12,0,0,6
34,2020,25.2409,0.7372,0.0628,0.1022,9,10,1,0,1
34,2021,25.2069,0.5417,0.0264,-0.0004,10,6,0,0,3
34,2022,26.4953,0.6292,0.0742,-0.1924,11,8,0,1,1
35,2016,20.9826,0.6381,-0.056,0.6484,10,9,0,1,1
35,2017,20.8817,0.1307,-0.0362,0.2264,11,13,0,0,0
35,2018,21.8553,0.4836,-0.0251,0.3112,12,8,0,1,1
35,2019,23.9423,0.6818,0.0251,0.4188,13,10,1,0,0
35,2020,23.306,0.2343,0.0273,-0.0097,14,9,0,0,1
35,2021,24.9518,0.6497,0.1909,0.2256,15,9,1,0,3
35,2022,24.6736,0.2534,-0.0323,0.327,16,12,0,0,4
36,2016,24.4534,0.584,0.1245,-0.1226,22,7,0,1,3
36,2017,22.7629,0.5339,0.0318,0.1019,23,10,1,0,5
36,2018,23.3863,0.7261,0.0172,0.5696,24,13,0,0,4
36,2019,23.6866,0.3072,0.1101,-0.1519,25,6,0,0,5
36,2020,24.6865,0.4855,0.0207,0.1647,26,11,0,0,7
36,2021,25.3992,0.3082,0.0515,-0.5509,27,9,0,1,6
36,2022,23.706,0.4354,0.0775,0.1444,28,9,1,1,2
37,2016,20.1411,0.6572,0.0482,0.1488,20,7,0,1,2
37,2017,20.9042,0.2377,0.0996,0.1577,21,10,0,0,3
37,2018,20.9945,0.279,-0.027,0.3209,22,6,0,0,1
37,2019,20.5517,0.3044,0.0253,0.4924,23,12,0,0,5
37,2020,21.7656,0.2327,0.0633,0.053,24,9,0,1,6
37,2021,22.4672,0.6653,0.0291,-0.0226,25,10,0,1,2
37,2022,23.802,0.1655,0.0104,0.3014,26,10,0,1,7
38,2016,22.267,0.6218,0.0472,0.1025,11,9,0,0,1
38,2017,23.9627,0.2504,0.0703,0.1009,12,10,0,0,1
38,2018,23.1564,0.4501,0.0696,0.3919,13,7,0,0,0
38,2019,23.7048,0.5268,-0.0124,-0.114,14,12,0,0,3
38,2020,24.0422,0.7587,-0.0539,0.2063,15,6,1,0,0
38,2021,24.675,0.05,0.0621,-0.0541,16,7,0,0,1
38,2022,24.5543,0.2378,0.1833,-0.054,17,12,1,0,4
39,2016,22.2673,0.5311,0.0516,-0.018,20,7,0,0,0
39,2017,22.3499,0.5819,0.0782,-0.1948,21,8,0,0,0
39,2018,23.5017,0.6711,-0.0011,-0.0096,22,11,1,0,0
39,2019,20.9205,0.257,-0.0788,0.4297,23,13,1,1,1
39,2020,24.1063,0.581,0.0503,0.6002,24,6,0,0,1
39,2021,24.8444,0.7298,0.0547,0.5853,25,13,0,0,2
39,2022,25.9102,0.8896,0.0803,0.3119,26,12,1,0,4
40,2016,25.3372,0.253,-0.0023,0.4914,2,10,0,1,2
40,2017,27.645,0.2939,0.0555,-0.3419,3,12,0,1,10
40,2018,25.5736,0.4464,-0.0021,0.1983,4,9,0,0,3
40,2019,29.1251,0.475,0.0228,0.4806,5,9,0,1,8
40,2020,27.2139,0.5538,0.0493,-0.3355,6,10,0,1,12
40,2021,28.1867,0.4746,0.0489,0.1126,7,11,0,1,10
40,2022,28.0022,0.5167,0.075,-0.0218,8,14,0,1,15
41,2016,22.0069,0.5142,0.0116,-0.337,20,9,0,0,2
41,2017,21.9935,0.2467,0.0172,-0.224,21,10,1,1,1
41,2018,24.5278,0.9362,0.0465,0.4114,22,8,0,0,1
41,2019,21.7699,0.0642,0.0431,0.5031,23,11,1,0,1
41,2020,22.845,0.293,0.0576,0.3666,24,8,0,0,1
41,2021,23.6906,0.425,0.0848,-0.0971,25,11,1,0,0
41,2022,24.0343,0.4729,0.149,0.1489,26,10,0,0,2
42,2016,22.1369,0.4881,0.0795,-0.0047,11,10,0,0,3
42,2017,21.3181,0.1672,-0.0274,0.0804,12,6,1,0,1
42,2018,21.2551,0.503,0.111,0.3777,13,10,1,0,3
42,2019,22.8569,0.6015,0.0718,0.2656,14,6,0,0,5
42,2020,20.9144,0.288,0.0948,-0.5465,15,10,0,1,1
42,2021,22.4159,0.4741,0.0548,-0.0452,16,7,0,1,10
42,2022,23.6524,0.7981,0.1016,0.1288,17,10,1,0,3
43,2016,22.476,0.5426,-0.0364,-0.1732,15,11,0,0,5
43,2017,21.6649,0.4675,0.0426,0.5029,16,11,0,0,4
43,2018,23.4994,0.3632,0.0377,-0.1357,17,9,1,0,3
43,2019,23.5915,0.3231,0.1242,0.1275,18,6,1,0,5
43,2020,23.1058,0.5367,-0.0775,-0.0595,19,9,0,0,6
43,2021,23.8431,0.5364,0.0906,0.207,20,9,0,0,3
43,2022,24.2212,0.8294,0.0336,0.3553,21,11,0,1,5
44,2016,22.9623,0.5118,0.0489,0.3814,5,9,0,0,0
44,2017,22.0262,0.4621,0.0512,0.1673,6,9,1,0,4
44,2018,21.7407,0.3832,0.0289,0.2188,7,7,0,0,3
44,2019,21.5404,0.5073,-0.0136,0.4225,8,11,0,0,2
44,2020,21.8531,0.5047,0.0499,0.2741,9,7,1,0,0
44,2021,22.9137,0.5861,0.0582,0.134,10,8,0,0,3
44,2022,23.4862,0.2178,0.1246,0.1584,11,9,0,0,2
45,2016,22.0183,0.7788,0.0303,0.039,18,9,1,0,5
45,2017,22.8247,0.6018,0.0195,0.3005,19,7,0,1,8
45,2018,24.6665,0.3337,0.0346,-0.2973,20,8,0,0,18
45,2019,22.1872,0.6596,-0.0358,0.1846,21,9,1,1,10
45,2020,24.3706,0.3484,-0.0705,0.0081,22,12,0,1,25
45,2021,23.0066,0.4982,0.0582,0.1545,23,8,0,1,23
45,2022,23.6234,0.2046,0.09,0.2491,24,9,1,1,23
46,2016,20.3124,0.2557,0.0327,-0.0948,9,9,0,0,2
46,2017,18.8445,0.1589,-0.0125,0.2416,10,7,0,0,2
46,2018,22.2551,0.3751,0.0503,0.3501,11,9,1,0,4
46,2019,20.5081,0.0523,0.0371,0.0829,12,7,1,1,2
46,2020,20.6863,0.3406,0.1285,0.0889,13,9,1,1,3
46,2021,21.8884,0.7126,0.1373,0.2741,14,10,0,0,2
46,2022,22.8864,0.8755,0.0652,0.0918,15,10,0,1,1
47,2016,20.8488,0.4244,0.073,-0.1196,20,6,1,0,6
47,2017,19.9793,0.2203,0.0087,0.3146,21,8,0,1,3
47,2018,19.9403,0.7629,0.0379,0.3745,22,10,1,0,0
47,2019,22.7676,0.5014,0.0398,0.1793,23,10,0,1,6
47,2020,22.4107,0.4831,0.0436,0.2789,24,9,0,1,4
47,2021,23.7292,0.6266,-0.0268,0.378,25,10,0,1,3
47,2022,22.0919,0.5083,0.0037,0.0841,26,8,0,0,3
48,2016,23.1609,0.5395,0.0552,0.3056,11,10,0,0,0
48,2017,24.2833,0.7207,-0.0071,0.2614,12,9,1,0,1
48,2018,24.9345,0.7027,-0.0035,0.0076,13,9,0,1,1
48,2019,24.0726,0.2887,0.0441,0.1479,14,10,0,0,1
48,2020,23.1763,0.2155,-0.0259,0.3425,15,11,0,0,0
48,2021,26.4236,0.5012,0.0245,0.3743,16,10,1,1,3
48,2022,26.5276,0.4976,0.0381,0.0882,17,7,0,1,2
49,2016,22.572,0.794,0.0608,0.2508,10,8,0,1,8
49,2017,20.6859,0.5659,-0.016,0.2983,11,10,1,0,3
49,2018,23.03,0.6063,0.1052,0.2201,12,5,0,0,7
49,2019,22.8421,0.8872,0.0364,-0.3521,13,11,0,0,4
49,2020,22.9547,0.3306,0.0725,0.0336,14,10,0,1,7
49,2021,22.7194,0.3151,-0.0133,0.0436,15,9,1,0,5
49,2022,21.6367,0.3281,-0.0782,0.1776,16,10,1,0,4
50,2016,20.2406,0.6346,0.1058,-0.0836,12,9,0,0,0
50,2017,20.9912,0.5613,0.0353,0.2274,13,9,0,0,0
50,2018,20.1312,0.5542,0.0112,0.1648,14,8,0,1,3
50,2019,21.1838,0.4438,0.0302,-0.0589,15,8,0,1,0
50,2020,22.6003,0.4045,-0.0015,0.1502,16,10,0,1,4
50,2021,21.5442,0.3405,0.0391,0.0549,17,6,0,0,4
50,2022,22.3185,0.3543,0.0188,-0.2582,18,8,0,1,3
51,2016,21.6363,0.5524,0.1527,0.2203,20,8,0,0,0
51,2017,20.2311,0.3947,-0.0042,0.1568,21,9,0,0,3
51,2018,23.6714,0.2899,0.0386,0.108,22,10,1,0,1
51,2019,23.6203,0.5213,-0.0042,0.0894,23,8,0,1,2
51,2020,23.8014,0.5182,-0.0178,-0.396,24,9,1,1,5
51,2021,23.3575,0.4495,0.0033,-0.5406,25,11,0,1,3
51,2022,24.5527,0.4539,-0.0217,-0.0358,26,8,1,0,10
52,2016,23.9189,0.484,0.0706,-0.2036,4,9,1,0,3
52,2017,24.4394,0.3897,0.0959,0.2602,5,11,0,0,2
52,2018,23.2294,0.3775,0.0812,-0.0108,6,10,0,0,0
52,2019,23.9109,0.3851,0.0585,-0.1363,7,10,0,0,1
52,2020,24.144,0.1898,0.0329,0.4066,8,8,1,0,1
52,2021,25.5376,0.7092,0.0462,0.1242,9,8,0,1,3
52,2022,26.2641,0.3853,-0.0017,0.2891,10,6,1,0,7
53,2016,21.8241,0.2755,0.0305,0.0194,16,8,1,0,0
53,2017,24.5421,0.8104,0.075,0.222,17,8,1,1,7
53,2018,24.313,0.3206,0.1958,0.0379,18,9,0,1,8
53,2019,23.0343,0.4,0.0507,0.4067,19,9,0,0,8
53,2020,24.7242,0.3341,0.041,0.0179,20,9,0,1,7
53,2021,25.7985,0.5206,0.1924,-0.1286,21,12,0,1,20
53,2022,27.1479,0.0761,0.0145,-0.3345,22,11,1,1,10
54,2016,19.8989,0.5405,0.116,0.4031,9,10,0,1,2
54,2017,20.8285,0.4175,0.0197,0.3742,10,11,1,1,3
54,2018,22.1079,0.6071,0.0723,0.4205,11,11,0,0,1
54,2019,20.9239,0.3148,0.0162,-0.2908,12,8,1,0,3
54,2020,20.7391,0.5785,-0.0004,0.441,13,11,1,0,6
54,2021,22.7461,0.7794,0.1775,-0.0536,14,9,1,0,12
54,2022,20.9751,0.5463,0.0193,-0.1459,15,7,1,1,1
55,2016,21.1177,0.2638,0.0188,0.0637,23,8,1,0,2
55,2017,22.3805,0.3109,0.1047,-0.1604,24,11,0,1,5
55,2018,21.7816,0.1493,0.0419,-0.1455,25,9,0,0,3
55,2019,23.1581,0.3923,-0.0056,0.1125,26,8,0,1,6
55,2020,22.8401,0.3668,-0.0099,0.0524,27,11,1,1,7
55,2021,23.7799,0.4308,0.0664,0.3926,28,7,0,1,12
55,2022,24.9072,0.7589,-0.0004,0.4033,29,7,0,1,18
56,2016,20.938,0.4956,0.0361,0.2635,21,10,0,1,2
56,2017,19.9396,0.4776,-0.0361,0.0421,22,12,0,0,4
56,2018,18.8846,0.606,0.0775,0.3415,23,13,0,1,2
56,2019,21.7877,0.7592,0.0759,0.387,24,9,0,1,9
56,2020,21.3925,0.3825,-0.0216,0.0441,25,12,0,0,5
56,2021,22.5393,0.3321,0.0565,0.0877,26,11,0,1,14
56,2022,21.7444,0.6489,0.0107,0.2471,27,11,1,1,4
57,2016,23.3151,0.4751,0.0399,-0.2212,2,10,0,0,3
57,2017,22.3295,0.3299,0.0659,0.3146,3,8,0,0,4
57,2018,21.3063,0.4662,0.0676,0.0236,4,8,0,0,0
57,2019,22.5164,0.6266,0.022,0.1258,5,9,1,0,1
57,2020,22.4201,0.3264,0.0354,0.2776,6,10,0,0,1
57,2021,23.6305,0.4191,0.0603,-0.2274,7,8,0,0,0
57,2022,24.0638,0.3342,0.1241,-0.1901,8,9,0,1,7
58,2016,22.8565,0.1466,-0.0468,0.716,6,10,0,0,2
58,2017,24.5517,0.69,0.1147,0.0265,7,10,0,1,4
58,2018,24.5231,0.3967,-0.0453,-0.127,8,11,0,0,3
58,2019,24.4435,0.6619,0.0425,0.0434,9,8,0,1,4
58,2020,24.464,0.05,0.1121,-0.0888,10,9,0,1,4
58,2021,25.4314,0.5224,-0.0134,0.3554,11,10,0,1,6
58,2022,27.7787,0.3862,0.1705,-0.1276,12,7,1,1,17
59,2016,22.0784,0.3148,0.1043,0.0651,23,9,0,0,0
59,2017,21.9755,0.2199,0.0094,0.1531,24,8,0,0,1
59,2018,23.9503,0.0683,0.0847,0.9516,25,6,0,0,1
59,2019,23.9969,0.4493,0.1516,0.0835,26,14,1,0,0
59,2020,23.8664,0.6059,0.055,0.1223,27,12,0,1,1
59,2021,23.6724,0.6519,0.0986,0.5004,28,9,1,0,0
59,2022,24.0373,0.05,0.0827,0.3295,29,11,1,0,1
60,2016,21.1127,0.4285,0.0862,-0.2829,9,12,0,0,1
60,2017,23.7915,0.4284,0.0569,-0.0294,10,11,0,1,3
60,2018,21.9713,0.2165,0.0896,0.1226,11,9,0,1,1
60,2019,23.0162,0.7619,-0.0386,0.3264,12,12,0,0,2
60,2020,22.8602,0.6807,0.0903,0.3354,13,11,0,0,2
60,2021,22.1349,0.6435,0.088,-0.2676,14,10,1,0,1
60,2022,22.2566,0.4888,0.0114,-0.0219,15,10,1,0,1
61,2016,20.2651,0.3351,0.0588,0.2394,23,9,0,0,1
61,2017,21.3512,0.3958,0.0718,0.0322,24,10,0,1,0
61,2018,22.2739,0.7194,-0.0446,0.3626,25,8,0,0,1
61,2019,21.0712,0.492,0.114,-0.0316,26,10,1,0,1
61,2020,23.7021,0.5805,-0.0262,-0.048,27,8,0,0,1
61,2021,23.1813,0.6898,0.0645,-0.3356,28,8,0,0,2
61,2022,24.3343,0.4183,0.1067,-0.1053,29,7,1,0,4
62,2016,21.1381,0.6025,-0.0394,0.2785,8,7,0,1,3
62,2017,20.2566,0.2602,0.0004,0.301,9,7,0,0,1
62,2018,21.6351,0.5889,0.0199,-0.3479,10,10,1,0,5
62,2019,22.0699,0.4389,-0.0687,0.0489,11,9,0,1,8
62,2020,23.0092,0.6642,0.0718,-0.2713,12,7,0,1,4
62,2021,22.5611,0.2016,-0.0019,0.2402,13,10,0,1,7
62,2022,23.3943,0.5707,0.1168,-0.1357,14,7,0,1,9
63,2016,22.3137,0.613,0.0411,0.4508,21,10,0,0,0
63,2017,23.7838,0.9467,-0.018,0.0061,22,11,0,1,1
63,2018,24.8172,0.6605,0.0329,0.4034,23,9,0,1,2
63,2019,24.5194,0.0812,0.0732,0.1903,24,10,1,0,3
63,2020,26.8897,0.6181,0.0751,-0.2611,25,12,0,0,6
63,2021,25.7376,0.3222,0.1159,-0.0189,26,5,1,0,5
63,2022,25.0815,0.4732,-0.0089,0.2104,27,7,0,1,6
64,2016,20.2612,0.5864,0.1007,0.4741,13,7,0,0,0
64,2017,22.3055,0.3081,0.0153,0.0175,14,12,0,0,1
64,2018,21.4117,0.443,0.055,0.013,15,9,0,0,2
64,2019,21.5838,0.2565,0.053,-0.0151,16,11,1,0,0
64,2020,22.261,0.2392,0.0018,-0.6,17,6,1,0,1
64,2021,24.0016,0.1307,-0.083,-0.1491,18,10,0,0,2
64,2022,23.1304,0.4786,0.1223,-0.0537,19,11,0,1,2
65,2016,22.5295,0.2741,0.1584,-0.1874,20,8,0,0,1
65,2017,22.0117,0.4537,-0.0175,0.0389,21,10,0,0,0
65,2018,24.424,0.3504,0.0267,-0.0001,22,11,0,0,1
65,2019,21.1712,0.6695,0.0443,0.4165,23,9,0,0,1
65,2020,22.713,0.05,0.0715,0.1577,24,10,1,0,0
65,2021,23.5204,0.6514,0.0824,0.328,25,11,0,0,1
65,2022,25.4525,0.6233,0.1135,-0.0824,26,7,1,0,6
66,2016,24.1151,0.5258,0.0784,0.3304,10,10,0,1,5
66,2017,24.7463,0.0521,0.0832,0.1915,11,8,0,1,6
66,2018,26.8496,0.3936,-0.0053,-0.0579,12,9,0,1,23
66,2019,26.9081,0.3319,0.0427,-0.0183,13,11,1,1,11
66,2020,26.7734,0.6869,0.0112,0.3271,14,10,0,0,9
66,2021,27.295,0.3085,0.0422,0.2855,15,5,0,1,4
66,2022,27.7022,0.9478,0.0388,-0.6,16,9,1,1,8
67,2016,20.5119,0.3677,-0.0101,0.2785,7,10,0,0,0
67,2017,21.1307,0.4757,0.0819,-0.0658,8,12,1,0,0
67,2018,20.1794,0.5406,-0.0025,0.2556,9,11,1,0,0
67,2019,19.8424,0.3057,0.031,0.5109,10,7,0,0,1
67,2020,22.6099,0.6559,0.0962,0.1457,11,7,0,0,2
67,2021,23.7277,0.3784,0.1224,-0.0309,12,5,0,0,0
67,2022,23.068,0.5987,0.0234,-0.1369,13,12,0,0,2
68,2016,20.9039,0.2629,0.0337,0.1492,6,10,0,1,6
68,2017,19.4112,0.3934,0.089,-0.3007,7,10,0,0,6
68,2018,21.6096,0.3705,0.0561,0.8388,8,7,0,1,4
68,2019,21.8737,0.2775,-0.0351,0.5958,9,8,0,1,6
68,2020,23.3768,0.301,0.0497,-0.1502,10,7,1,1,11
68,2021,21.5152,0.519,0.1678,0.3191,11,10,0,0,8
68,2022,23.0657,0.2135,0.06,0.318,12,7,0,1,10
69,2016,20.7941,0.5745,0.0955,0.0786,13,10,0,0,1
69,2017,21.3147,0.7744,0.0804,0.2706,14,10,0,0,0
69,2018,20.3296,0.4936,-0.0349,-0.4012,15,8,0,0,5
69,2019,21.5496,0.6137,-0.0896,-0.1384,16,9,0,0,5
69,2020,22.2773,0.139,0.0018,-0.0122,17,11,0,1,3
69,2021,22.104,0.5096,0.0383,-0.1952,18,10,1,1,4
69,2022,22.5581,0.4463,0.1465,0.0718,19,14,0,1,9
70,2016,21.7984,0.391,0.0819,0.3642,18,10,0,0,5
70,2017,20.9931,0.5346,-0.0307,0.0807,19,8,0,0,0
70,2018,21.8449,0.4707,0.0321,-0.2632,20,12,0,1,2
70,2019,21.38,0.423,0.0209,0.7802,21,9,0,1,7
70,2020,23.1581,0.5832,-0.0115,0.1461,22,7,0,1,6
70,2021,23.2398,0.3217,-0.0012,0.5371,23,10,0,1,15
70,2022,23.4898,0.4528,0.0553,0.2297,24,10,1,1,24
71,2016,17.1026,0.3577,-0.0195,0.2185,3,8,0,0,0
71,2017,19.5523,0.5854,-0.0769,0.2373,4,9,1,1,1
71,2018,19.3566,0.4652,0.0952,-0.2395,5,10,0,0,3
71,2019,20.4364,0.4089,-0.0092,-0.4354,6,10,0,1,1
71,2020,21.0053,0.239,-0.0144,-0.59,7,8,0,0,4
71,2021,21.6229,0.4346,-0.0327,0.4347,8,10,1,0,2
71,2022,21.6595,0.5628,-0.0355,-0.0797,9,13,0,0,1
72,2016,19.9306,0.34,0.1246,-0.0719,14,5,0,1,3
72,2017,19.7118,0.4435,0.0157,0.0269,15,10,0,1,0
72,2018,19.0205,0.6252,-0.0497,0.3517,16,7,0,0,1
72,2019,20.312,0.4245,0.0695,0.0904,17,13,1,1,5
72,2020,22.958,0.3627,0.151,-0.0621,18,10,0,1,8
72,2021,21.4125,0.6582,0.0542,0.2233,19,10,0,1,1
72,2022,20.658,0.5203,0.1041,0.5115,20,5,1,0,1
73,2016,21.4669,0.2259,0.1031,-0.0716,5,7,0,1,6
73,2017,20.3546,0.6092,0.0156,-0.0584,6,10,0,0,4
73,2018,20.2689,0.6613,-0.035,0.1731,7,9,0,1,4
73,2019,21.7202,0.7896,0.0,0.0172,8,11,0,1,7
73,2020,21.547,0.2093,0.0176,0.4844,9,6,0,1,16
73,2021,21.0693,0.4273,0.073,-0.1922,10,8,0,1,7
73,2022,22.7428,0.5599,0.0186,0.1471,11,10,1,1,18
74,2016,24.7118,0.6112,0.0655,0.2244,6,10,0,0,0
74,2017,25.8761,0.6596,0.1821,0.2783,7,9,1,0,4
74,2018,25.8367,0.3823,0.1402,0.1444,8,7,0,0,1
74,2019,25.582,0.3627,-0.0036,-0.4031,9,9,1,0,2
74,2020,26.2748,0.6848,0.0596,0.1798,10,10,1,1,2
74,2021,27.6155,0.1911,0.1109,0.4613,11,8,0,0,5
74,2022,27.7883,0.4303,0.0172,0.1567,12,10,0,1,9
75,2016,23.0321,0.2498,0.0035,-0.2182,3,11,1,0,7
75,2017,23.8368,0.3439,0.0894,0.2344,4,9,0,1,6
75,2018,23.4488,0.4802,0.0617,-0.3577,5,9,1,0,0
75,2019,24.1137,0.5169,0.067,-0.5244,6,10,0,0,1
75,2020,23.5496,0.2412,0.085,0.3933,7,9,0,1,5
75,2021,23.8731,0.517,-0.025,-0.0087,8,7,0,1,2
75,2022,24.9366,0.731,0.0585,-0.2867,9,10,1,1,4
76,2016,19.0136,0.2938,0.0405,0.3305,20,13,1,0,1
76,2017,19.2378,0.5662,0.0575,0.199,21,6,0,0,3
76,2018,19.8798,0.3055,0.0379,0.2944,22,5,0,0,2
76,2019,20.5269,0.5229,0.0777,-0.1091,23,12,0,0,7
76,2020,20.989,0.6567,0.0756,0.2476,24,9,0,1,4
76,2021,21.7347,0.529,0.0376,0.7196,25,10,0,1,6
76,2022,22.4746,0.5104,0.1588,0.0258,26,9,0,1,13
77,2016,20.6188,0.4051,-0.0064,-0.0086,8,8,0,0,2
77,2017,21.6791,0.664,-0.0699,-0.3265,9,10,0,0,3
77,2018,19.9435,0.2954,-0.0321,0.2403,10,9,1,0,3
77,2019,23.5378,0.3712,0.1139,0.2369,11,11,0,1,6
77,2020,23.3872,0.2791,0.0791,-0.0972,12,13,1,0,8
77,2021,24.5369,0.5002,0.1289,0.0747,13,11,0,1,9
77,2022,22.934,0.6546,-0.0531,-0.2572,14,10,0,1,3
78,2016,21.9374,0.5034,0.0004,0.5499,22,7,0,0,0
78,2017,21.594,0.6363,-0.0318,0.2643,23,8,0,0,3
78,2018,23.453,0.523,0.0163,-0.0794,24,8,0,0,2
78,2019,24.7263,0.4416,0.0104,0.1012,25,10,0,1,5
78,2020,24.7167,0.55,0.1045,-0.2416,26,8,1,1,5
78,2021,24.8871,0.6538,0.0507,-0.2268,27,11,0,0,6
78,2022,25.2435,0.668,0.09,0.4198,28,10,0,0,5
79,2016,21.8644,0.1311,0.058,0.3159,2,6,1,0,0
79,2017,21.423,0.2174,0.0927,-0.0381,3,11,0,0,5
79,2018,22.1231,0.339,0.0598,-0.0201,4,10,0,0,2
79,2019,24.0362,0.3598,0.1193,-0.2607,5,11,1,0,4
79,2020,23.1013,0.5708,0.0188,-0.2394,6,8,0,1,3
79,2021,21.5205,0.0706,-0.0827,0.1951,7,9,0,0,2
79,2022,23.3966,0.2327,-0.042,0.1385,8,9,0,1,11
80,2016,23.4597,0.2493,0.073,0.1361,12,8,1,0,0
80,2017,25.8487,0.3329,0.0576,0.2713,13,11,0,0,1
80,2018,26.4277,0.4055,0.049,0.0844,14,9,0,0,1
80,2019,27.5627,0.5246,0.0778,0.1771,15,9,0,0,4
80,2020,26.3272,0.165,0.0807,-0.084,16,11,1,0,3
80,2021,28.3332,0.7079,0.0275,-0.069,17,10,0,0,6
80,2022,26.4039,0.2315,0.0825,-0.1018,18,12,0,1,3
81,2016,18.6331,0.5992,0.0353,0.4407,3,7,0,0,0
81,2017,20.0322,0.3573,0.0108,0.0227,4,6,1,0,2
81,2018,22.0391,0.1665,0.065,-0.0235,5,9,0,0,1
81,2019,21.3768,0.5875,0.1251,0.1807,6,8,1,0,0
81,2020,22.2661,0.6604,-0.0122,0.0794,7,8,0,1,3
81,2021,22.3434,0.5278,0.0001,0.2601,8,10,0,1,5
81,2022,22.2016,0.738,0.0656,-0.1003,9,10,1,0,1
82,2016,22.7923,0.779,0.0384,-0.5117,14,9,0,0,0
82,2017,23.5115,0.4924,0.0705,0.1296,15,10,0,0,1
82,2018,23.4734,0.2378,0.1075,0.1654,16,9,1,0,3
82,2019,24.0464,0.2564,-0.0281,0.3925,17,11,0,1,5
82,2020,23.0569,0.2229,-0.0811,-0.1705,18,11,0,1,4
82,2021,23.8896,0.05,-0.0114,-0.0868,19,11,1,0,4
82,2022,23.1606,0.3012,0.0779,0.3037,20,8,0,1,2
83,2016,18.9596,0.4662,0.1003,-0.0189,5,6,0,0,4
83,2017,22.0489,0.4805,0.0265,-0.0933,6,10,0,0,0
83,2018,21.0501,0.7263,0.1284,-0.0883,7,5,0,0,3
83,2019,20.4179,0.1947,-0.0126,0.2089,8,10,0,1,2
83,2020,21.6832,0.498,-0.0527,0.2036,9,9,1,0,3
83,2021,21.6874,0.4582,0.0709,0.0951,10,10,0,1,4
83,2022,21.4408,0.412,0.1272,-0.0004,11,5,0,1,3
84,2016,20.4529,0.5722,-0.0329,0.1791,5,9,0,0,0
84,2017,20.839,0.4516,-0.0597,-0.1255,6,8,1,1,2
84,2018,21.8765,0.591,0.002,-0.2645,7,8,0,1,3
84,2019,21.8,0.2396,0.0182,0.5766,8,9,1,1,2
84,2020,22.8916,0.4527,0.0545,0.1004,9,10,1,1,4
84,2021,25.3728,0.8526,0.018,0.1046,10,9,0,0,7
84,2022,23.8467,0.5997,-0.025,-0.1379,11,6,0,1,5
85,2016,23.2646,0.5206,0.1215,-0.0062,7,8,0,0,1
85,2017,21.8293,0.4751,0.0575,0.1125,8,11,0,1,4
85,2018,23.9265,0.7337,0.037,0.5865,9,11,0,1,3
85,2019,23.0625,0.509,0.0642,-0.0276,10,10,0,1,1
85,2020,24.9426,0.4484,0.047,-0.2426,11,9,1,1,4
85,2021,23.86,0.1766,0.0462,0.1872,12,10,0,1,1
85,2022,23.7862,0.4578,0.0491,0.425,13,7,0,0,4
86,2016,21.9385,0.4067,0.0615,0.1964,21,13,0,0,0
86,2017,23.5693,0.5015,0.0757,0.0549,22,10,1,0,2
86,2018,22.2526,0.4977,0.0888,-0.4724,23,7,0,0,0
86,2019,22.7439,0.2697,0.1147,0.1284,24,9,0,0,0
86,2020,22.7973,0.2082,0.0642,-0.2287,25,11,1,0,0
86,2021,23.67,0.7925,0.1474,-0.0905,26,10,1,0,1
86,2022,23.4378,0.3909,0.0685,0.051,27,9,0,0,0
87,2016,19.6003,0.4112,0.1278,0.187,18,7,0,0,0
87,2017,18.1302,0.2746,-0.0622,0.1357,19,9,0,0,2
87,2018,18.2782,0.4742,0.0063,-0.0371,20,8,1,0,0
87,2019,19.8358,0.5464,-0.0004,-0.3694,21,8,0,1,1
87,2020,21.6654,0.4768,0.0632,0.0769,22,9,0,0,2
87,2021,20.6958,0.502,-0.0251,0.1967,23,8,1,0,3
87,2022,21.1793,0.3742,-0.0398,-0.0165,24,9,0,0,3
88,2016,18.0616,0.1858,-0.0303,0.6265,18,9,0,1,0
88,2017,19.8491,0.1833,0.0102,0.001,19,9,0,0,3
88,2018,20.2587,0.2507,0.1356,0.7017,20,11,0,0,3
88,2019,21.4549,0.7251,0.0315,-0.0244,21,9,0,1,3
88,2020,20.9604,0.3568,0.0875,0.1973,22,9,0,1,4
88,2021,21.6639,0.6515,-0.0363,-0.1685,23,9,0,0,2
88,2022,22.9303,0.6317,0.1031,0.0224,24,10,1,0,5
89,2016,21.7891,0.2755,-0.0226,0.1613,7,12,0,0,4
89,2017,21.7044,0.6892,0.0501,0.1989,8,9,0,0,1
89,2018,20.5247,0.5417,-0.0631,0.3107,9,11,0,0,0
89,2019,21.5586,0.2621,0.0782,0.0237,10,9,1,1,4
89,2020,21.4888,0.5615,0.0637,-0.0431,11,13,0,0,1
89,2021,23.6831,0.3548,0.0994,-0.2835,12,8,0,1,10
89,2022,22.3555,0.3796,0.0892,-0.377,13,10,1,0,1
90,2016,23.8516,0.3765,0.0236,0.0969,16,9,0,1,1
90,2017,22.5742,0.2743,-0.0125,0.5688,17,10,0,0,4
90,2018,23.4897,0.078,0.0105,0.3355,18,9,1,1,1
90,2019,24.0872,0.7029,-0.0315,0.4091,19,9,0,1,7
90,2020,23.7368,0.1591,0.0463,-0.268,20,7,1,1,5
90,2021,24.8279,0.2853,0.0603,0.2212,21,11,0,0,7
90,2022,23.1475,0.5164,0.0528,0.0442,22,11,0,0,2
91,2016,25.2942,0.6443,-0.0068,-0.3472,7,9,0,0,1
91,2017,25.037,0.3453,0.0182,-0.1116,8,9,0,0,1
91,2018,27.0872,0.2945,-0.0077,-0.236,9,6,0,1,2
91,2019,26.8089,0.8051,0.1112,0.176,10,8,0,0,2
91,2020,26.9142,0.6419,0.138,0.3505,11,14,0,0,3
91,2021,25.6744,0.95,0.0946,-0.1905,12,7,0,1,3
91,2022,27.0008,0.5649,0.1436,-0.0747,13,10,1,1,4
92,2016,19.8698,0.3657,-0.0096,-0.0794,16,11,0,0,2
92,2017,20.9569,0.4306,0.1127,0.3054,17,9,0,0,5
92,2018,20.796,0.4467,0.0203,-0.214,18,9,0,1,0
92,2019,21.7185,0.2652,-0.0044,0.2131,19,7,1,1,5
92,2020,23.7791,0.5654,0.0013,0.3308,20,7,0,1,4
92,2021,24.1638,0.5121,0.0626,0.0943,21,10,0,1,10
92,2022,24.7118,0.5213,0.1185,0.1424,22,10,1,0,13
93,2016,20.1,0.196,0.0943,-0.074,22,11,1,0,2
93,2017,20.1695,0.5333,0.0508,0.2773,23,9,1,0,1
93,2018,21.2382,0.2778,0.0989,-0.237,24,10,0,0,3
93,2019,21.8065,0.5254,0.027,0.0688,25,8,0,0,3
93,2020,21.8963,0.3977,0.0396,-0.2081,26,10,0,0,4
93,2021,21.5552,0.5651,0.0513,-0.0146,27,9,0,1,6
93,2022,21.8265,0.3019,0.1277,0.3188,28,7,0,1,2
94,2016,22.4267,0.113,-0.0392,0.1795,17,10,0,0,2
94,2017,24.9289,0.4417,0.0011,0.2548,18,12,1,1,1
94,2018,24.0226,0.05,0.0659,0.2222,19,11,0,0,5
94,2019,25.183,0.3795,0.043,0.5873,20,9,1,0,1
94,2020,25.2986,0.2669,0.0251,0.3503,21,8,0,1,3
94,2021,26.2055,0.4441,0.0743,-0.0503,22,10,1,1,6
94,2022,27.0759,0.2545,0.043,0.0525,23,8,1,1,7
95,2016,19.8478,0.5509,0.1366,-0.2647,10,8,1,0,2
95,2017,19.2735,0.1876,0.1109,0.3121,11,11,0,0,0
95,2018,20.4567,0.6221,0.1031,-0.1235,12,8,0,0,5
95,2019,21.1113,0.3951,0.0999,0.1733,13,10,0,0,6
95,2020,21.6452,0.5319,-0.0165,-0.4937,14,11,1,1,5
95,2021,21.2586,0.1378,0.0804,-0.2382,15,9,0,1,7
95,2022,21.6757,0.5761,0.0452,-0.1546,16,8,0,1,3
96,2016,22.426,0.5127,0.0222,0.1487,8,11,0,0,2
96,2017,21.9401,0.6265,0.059,0.1922,9,7,1,0,3
96,2018,22.3269,0.8822,0.1592,0.0629,10,14,0,0,1
96,2019,23.0649,0.4676,-0.0065,0.1915,11,10,1,0,0
96,2020,22.2342,0.2841,0.001,0.2308,12,9,0,0,1
96,2021,22.0207,0.5154,0.1332,0.5028,13,8,1,0,0
96,2022,23.4681,0.3193,-0.0546,0.085,14,11,1,0,1
97,2016,21.4255,0.4626,0.1238,0.557,14,10,0,1,1
97,2017,20.066,0.2366,0.0166,0.2675,15,7,1,0,0
97,2018,21.8776,0.3226,0.0798,0.3512,16,6,0,0,1
97,2019,21.6438,0.3411,-0.0013,0.0393,17,5,0,0,2
97,2020,22.9039,0.1814,0.1272,0.0881,18,9,1,1,4
97,2021,23.7038,0.4633,-0.0173,-0.1864,19,9,1,0,1
97,2022,22.5305,0.5215,0.1647,0.0935,20,6,1,0,2
98,2016,20.9325,0.2323,-0.0265,-0.0335,6,10,0,1,0
98,2017,20.3116,0.3637,-0.102,0.1621,7,10,0,0,1
98,2018,22.1502,0.5186,0.1102,-0.3724,8,13,1,0,1
98,2019,22.2488,0.7505,0.1156,0.1021,9,8,0,0,1
98,2020,23.2309,0.5785,-0.0294,0.3603,10,9,0,0,2
98,2021,21.5917,0.05,0.0078,0.0417,11,8,1,0,5
98,2022,23.6525,0.5254,0.1279,0.2464,12,8,0,0,3
99,2016,22.4086,0.5459,0.0855,-0.024,20,11,0,1,4
99,2017,24.0504,0.2958,0.0223,0.4216,21,10,1,0,1
99,2018,23.4928,0.149,-0.0322,0.168,22,11,0,1,0
99,2019,23.1572,0.4237,-0.0465,0.0769,23,14,0,1,1
99,2020,23.3292,0.2003,0.037,0.0517,24,10,1,1,4
99,2021,24.7817,0.05,0.0278,0.0012,25,11,1,1,9
99,2022,24.5491,0.5368,0.1201,-0.0355,26,10,0,0,5
100,2016,22.4125,0.4538,-0.0269,-0.4362,20,9,0,0,0
100,2017,23.5169,0.5677,0.0344,-0.0477,21,9,0,1,4
100,2018,22.8297,0.4595,0.0293,-0.0275,22,7,1,0,3
100,2019,21.4659,0.4191,0.0113,-0.2579,23,12,0,1,4
100,2020,23.823,0.3015,0.0646,-0.1891,24,7,0,0,8
100,2021,24.9801,0.6976,0.0237,0.4031,25,9,0,1,9
100,2022,24.5675,0.4696,-0.0189,0.0941,26,8,0,0,8
101,2016,23.1731,0.3478,-0.0121,-0.2995,12,7,0,0,1
101,2017,20.687,0.2936,0.0046,-0.3769,13,9,0,0,1
101,2018,23.5668,0.4085,0.0742,-0.1646,14,11,0,0,0
101,2019,23.1827,0.2379,0.0038,-0.1217,15,9,0,0,2
101,2020,21.0184,0.2218,0.0128,0.245,16,8,1,0,2
101,2021,23.3396,0.4232,0.0411,0.0938,17,7,1,1,2
101,2022,23.621,0.4809,-0.0092,-0.0779,18,6,1,0,4
102,2016,24.3242,0.6263,-0.0243,-0.061,13,5,0,0,1
102,2017,23.5151,0.5723,0.0256,0.208,14,9,0,0,1
102,2018,25.6717,0.2603,0.1339,-0.3325,15,9,0,0,2
102,2019,25.5316,0.2882,0.0892,-0.0733,16,11,0,0,1
102,2020,25.5668,0.5115,-0.0031,0.1419,17,11,0,1,1
102,2021,23.6624,0.4982,-0.0008,0.6798,18,11,1,1,1
102,2022,26.088,0.4032,-0.0548,0.4148,19,14,1,1,3
103,2016,23.1181,0.5229,0.0164,0.2978,7,9,0,0,0
103,2017,23.6272,0.3241,-0.0007,-0.5373,8,9,1,1,2
103,2018,24.0869,0.4559,0.089,0.1616,9,8,0,0,4
103,2019,23.481,0.8518,-0.0099,-0.107,10,11,0,0,1
103,2020,24.6407,0.3687,0.0803,0.4603,11,7,0,1,4
103,2021,24.8174,0.05,0.046,0.1008,12,9,0,0,2
103,2022,26.2824,0.5524,-0.0157,0.0836,13,10,0,1,2
104,2016,21.3691,0.241,0.0162,0.4414,14,6,0,0,0
104,2017,22.6445,0.5575,-0.1287,0.2135,15,8,1,0,2
104,2018,23.0981,0.3948,0.1663,-0.2462,16,12,0,0,1
104,2019,23.7458,0.401,0.1675,0.3739,17,10,0,0,0
104,2020,24.545,0.5205,0.0675,0.2615,18,11,0,0,2
104,2021,23.9637,0.277,0.0962,-0.1616,19,11,1,0,1
104,2022,24.7717,0.5666,0.1703,0.2116,20,6,0,1,2
105,2016,21.9319,0.4624,-0.0042,0.813,6,9,1,0,2
105,2017,22.8868,0.3084,0.1028,-0.4791,7,8,0,1,0
105,2018,21.5134,0.4812,0.0451,0.0549,8,9,0,1,1
105,2019,22.729,0.5909,0.0127,0.3436,9,10,1,0,4
105,2020,23.5935,0.3845,0.1148,0.2111,10,11,0,1,3
105,2021,22.7555,0.599,0.0308,0.382,11,11,0,1,1
105,2022,24.1059,0.5759,0.0354,0.2399,12,8,0,1,1
106,2016,21.1874,0.3373,0.1619,0.0234,15,8,0,1,4
106,2017,20.7681,0.4875,0.1274,0.3133,16,10,0,0,3
106,2018,19.9063,0.6713,-0.0279,0.0235,17,11,0,0,3
106,2019,21.5528,0.5951,0.0717,0.1596,18,9,0,0,5
106,2020,22.5074,0.5888,0.043,0.3249,19,9,0,1,3
106,2021,22.5928,0.596,-0.1057,-0.1632,20,8,1,1,5
106,2022,22.0201,0.3537,0.0208,-0.2121,21,8,0,1,7
107,2016,20.8887,0.5256,0.0199,-0.0382,21,8,0,0,1
107,2017,19.1951,0.6226,0.0245,0.0465,22,12,0,0,2
107,2018,21.2995,0.4878,-0.016,-0.0105,23,8,1,0,4
107,2019,22.2513,0.4453,0.0638,0.2529,24,9,0,1,3
107,2020,22.935,0.7326,0.0767,0.1862,25,11,0,0,3
107,2021,22.3565,0.1413,0.0779,0.1955,26,10,0,0,2
107,2022,22.0892,0.4561,-0.068,0.2978,27,12,1,0,1
108,2016,19.4485,0.0832,0.0511,0.3125,7,7,0,0,0
108,2017,23.8451,0.5011,0.0266,0.1926,8,11,0,0,7
108,2018,22.8842,0.598,0.0289,-0.1269,9,7,1,1,6
108,2019,22.6366,0.6173,0.0329,0.1038,10,7,0,1,6
108,2020,24.7786,0.7975,0.0184,-0.0289,11,8,0,1,8
108,2021,23.7173,0.4432,0.0861,0.1241,12,11,0,1,7
108,2022,23.9631,0.2263,0.0527,0.0545,13,8,0,1,11
109,2016,23.384,0.5951,-0.053,0.3275,23,8,1,1,3
109,2017,23.2716,0.513,-0.0155,-0.0624,24,10,0,0,2
109,2018,24.3108,0.6868,0.0501,0.0177,25,7,0,0,2
109,2019,22.6582,0.3385,0.0552,0.1906,26,8,1,1,1
109,2020,24.5004,0.5869,0.1011,-0.2204,27,9,0,1,5
109,2021,24.1133,0.1189,0.012,0.4421,28,8,1,1,2
109,2022,26.5842,0.3086,0.1001,0.1978,29,6,0,0,10
110,2016,19.6695,0.3415,0.0403,-0.3286,8,9,0,0,2
110,2017,20.3543,0.3492,0.0742,0.0965,9,9,0,0,3
110,2018,18.5965,0.33,0.1236,0.0159,10,8,1,1,3
110,2019,20.8766,0.2907,-0.095,0.1946,11,9,0,0,1
110,2020,20.0764,0.0902,-0.0364,-0.3786,12,11,0,1,2
110,2021,21.0762,0.4239,0.0835,-0.2077,13,9,1,0,4
110,2022,19.324,0.6002,-0.0245,-0.0672,14,12,0,1,2
111,2016,23.9006,0.3234,0.0932,0.4447,23,13,0,0,1
111,2017,24.5741,0.6485,0.1097,0.4442,24,10,0,0,3
111,2018,22.2916,0.578,-0.0851,-0.1304,25,7,0,1,1
111,2019,24.8419,0.1989,0.0171,0.0724,26,9,0,0,5
111,2020,23.9187,0.3316,-0.1046,0.6855,27,8,0,0,3
111,2021,26.05,0.5752,0.1121,-0.1067,28,5,0,0,5
111,2022,27.3956,0.3709,0.1236,0.0945,29,10,0,1,2
112,2016,20.7925,0.5496,0.1076,0.3078,8,11,0,0,3
112,2017,20.3746,0.3418,-0.0054,0.3854,9,7,0,0,0
112,2018,18.3171,0.3991,-0.0946,0.1355,10,7,0,0,1
112,2019,20.1581,0.5974,-0.0111,0.1334,11,9,0,0,1
112,2020,20.5139,0.3935,0.059,0.5977,12,7,0,0,0
112,2021,21.8385,0.5257,0.0914,0.2067,13,9,0,0,1
112,2022,20.7755,0.6441,0.0046,-0.1584,14,10,0,0,3
113,2016,22.2497,0.4997,0.0069,0.0921,23,7,0,0,2
113,2017,23.4727,0.5957,0.0064,-0.4385,24,11,0,0,8
113,2018,23.6094,0.3598,0.0121,-0.1225,25,9,0,0,0
113,2019,24.3082,0.2998,0.0739,-0.0623,26,10,1,1,1
113,2020,24.0334,0.6552,0.0322,0.2337,27,11,0,1,5
113,2021,24.8722,0.293,0.0144,0.2547,28,8,0,1,6
113,2022,24.4771,0.3416,0.1278,0.4039,29,10,1,1,4
114,2016,24.4352,0.6397,0.1446,0.2695,17,7,0,0,2
114,2017,22.4236,0.5612,0.1401,-0.2296,18,12,0,0,2
114,2018,23.4989,0.5753,0.0068,-0.2438,19,10,0,0,1
114,2019,23.7681,0.5902,-0.0544,0.214,20,8,1,0,0
114,2020,23.7808,0.2056,0.0182,-0.3016,21,10,0,1,2
114,2021,25.8236,0.8291,0.0844,0.4077,22,8,0,0,4
114,2022,23.2127,0.389,0.0488,-0.2733,23,8,0,0,1
115,2016,21.1724,0.132,-0.0325,0.1651,6,8,0,0,1
115,2017,21.3653,0.5963,0.114,0.0026,7,9,0,0,1
115,2018,22.7589,0.4688,0.1464,0.1479,8,8,0,0,1
115,2019,23.8034,0.3788,0.0941,0.4963,9,8,0,0,1
115,2020,24.1843,0.5975,0.0725,0.0539,10,11,0,1,3
115,2021,24.6584,0.4419,0.1227,0.2184,11,10,1,0,3
115,2022,25.7183,0.5166,0.1268,-0.4138,12,10,0,1,5
116,2016,24.2743,0.4852,0.0053,-0.2155,5,9,1,0,5
116,2017,23.9234,0.831,-0.0043,-0.1548,6,7,0,0,5
116,2018,23.2269,0.2245,0.0005,-0.5317,7,9,0,1,2
116,2019,24.2956,0.4006,0.1051,0.2108,8,10,1,1,7
116,2020,23.3766,0.3898,0.0533,0.101,9,9,0,1,8
116,2021,24.9299,0.4002,0.0672,0.0916,10,9,0,1,11
116,2022,25.9254,0.6415,0.0223,0.421,11,5,1,0,12
117,2016,24.0356,0.3041,0.008,0.6842,14,7,1,0,0
117,2017,26.2337,0.6733,0.0805,0.0502,15,10,0,0,3
117,2018,24.5365,0.4763,0.1081,0.1106,16,10,0,0,1
117,2019,24.5585,0.6335,0.1161,0.1051,17,10,0,1,5
117,2020,25.6564,0.5181,0.1066,-0.4005,18,10,0,1,8
117,2021,24.2007,0.238,0.0794,0.41,19,8,0,1,8
117,2022,26.7879,0.6898,0.1162,0.0673,20,11,1,0,7
118,2016,21.4611,0.3686,0.0014,-0.0915,20,7,0,0,1
118,2017,21.8851,0.5633,0.1122,0.1072,21,9,0,0,0
118,2018,21.8123,0.212,-0.0425,-0.0523,22,10,0,0,2
118,2019,21.4917,0.1983,0.0336,0.3569,23,9,0,0,8
118,2020,22.0743,0.3704,0.0366,0.1568,24,9,0,1,0
118,2021,22.6754,0.4105,0.0597,0.2959,25,9,0,0,10
118,2022,24.1971,0.4816,0.0028,-0.313,26,7,0,1,2
119,2016,19.8037,0.1106,-0.0161,0.0862,20,10,0,0,0
119,2017,20.1674,0.5274,0.1722,0.5691,21,7,0,0,0
119,2018,19.9023,0.291,0.0274,0.2249,22,10,0,1,0
119,2019,21.2135,0.6767,0.0796,0.0308,23,9,0,0,0
119,2020,20.1068,0.2296,0.0495,0.2324,24,10,1,0,1
119,2021,21.4969,0.3968,0.0979,-0.3052,25,10,0,1,3
119,2022,22.4607,0.3844,-0.0457,-0.1446,26,7,0,0,1
120,2016,20.87,0.2096,0.0727,-0.4337,22,10,1,1,0
120,2017,21.6658,0.3982,0.0242,0.0802,23,8,1,0,1
120,2018,20.2686,0.3847,0.0372,0.463,24,11,1,0,0
120,2019,22.2933,0.3625,-0.0277,0.361,25,11,1,0,2
120,2020,23.6073,0.0847,0.1793,-0.5593,26,11,0,0,2
120,2021,21.2153,0.1826,-0.0553,-0.0139,27,8,0,1,3
120,2022,23.5576,0.467,0.0614,0.3117,28,7,0,0,4
121,2016,24.0386,0.655,0.0877,0.0602,2,12,0,1,1
121,2017,23.2067,0.1275,0.1345,-0.1142,3,11,1,0,6
121,2018,22.3492,0.4773,-0.0,-0.011,4,11,0,0,1
121,2019,23.4057,0.0987,-0.0287,-0.1583,5,9,0,1,0
121,2020,23.9796,0.5859,0.097,0.0561,6,5,1,1,2
121,2021,24.6812,0.6224,0.029,-0.2237,7,11,0,1,2
121,2022,26.629,0.2027,0.0698,0.3412,8,8,1,1,10
122,2016,24.3951,0.3205,0.1349,-0.1383,3,10,1,0,3
122,2017,25.0361,0.4529,0.033,-0.1293,4,9,1,1,2
122,2018,24.251,0.824,0.0863,0.297,5,9,1,0,2
122,2019,23.2925,0.598,-0.0328,0.3632,6,8,1,1,0
122,2020,25.0913,0.5758,0.0337,0.1089,7,11,0,1,3
122,2021,26.7436,0.7369,0.0229,0.2014,8,9,1,0,2
122,2022,26.4916,0.3897,0.0115,-0.2263,9,13,0,1,8
123,2016,21.5948,0.4629,0.1048,0.5601,22,8,0,0,1
123,2017,20.6006,0.5882,-0.0039,0.3446,23,8,1,0,0
123,2018,20.2841,0.4256,-0.0196,-0.0464,24,11,0,0,3
123,2019,18.6402,0.2049,-0.0494,-0.1966,25,11,0,0,0
123,2020,20.9422,0.3663,0.0833,0.1236,26,9,1,0,2
123,2021,22.6167,0.7634,0.0977,0.8305,27,10,0,1,8
123,2022,22.3918,0.4333,0.1368,0.3675,28,7,0,1,4
124,2016,22.3321,0.2057,0.0706,0.3286,5,8,1,0,1
124,2017,22.7802,0.3094,-0.079,-0.2246,6,12,0,1,1
124,2018,22.8342,0.3283,0.0147,0.1071,7,10,0,0,1
124,2019,25.2246,0.1508,0.0685,-0.1169,8,12,0,1,4
124,2020,23.5181,0.5872,-0.0602,0.0865,9,9,0,0,2
124,2021,24.853,0.5487,0.1478,-0.472,10,6,0,0,6
124,2022,24.2193,0.6945,0.0715,-0.5067,11,9,1,0,6
125,2016,21.4791,0.106,0.0741,0.3923,7,9,1,0,1
125,2017,20.8754,0.3601,0.0324,0.2054,8,10,0,0,2
125,2018,20.8262,0.5659,0.0684,-0.1722,9,9,0,0,2
125,2019,21.0989,0.1572,0.022,0.0981,10,8,0,1,0
125,2020,21.3592,0.613,0.0019,0.5564,11,11,0,1,1
125,2021,20.732,0.4992,0.0278,0.4979,12,9,0,1,1
125,2022,22.5602,0.4969,-0.0171,0.4826,13,10,0,1,5
126,2016,19.6881,0.8524,0.0521,0.0267,10,8,1,0,1
126,2017,19.8631,0.4171,0.0777,0.2302,11,5,0,0,3
126,2018,21.3192,0.6687,0.0524,-0.014,12,9,1,1,5
126,2019,19.5493,0.5488,0.0815,-0.4149,13,12,0,1,5
126,2020,20.4038,0.566,0.0456,0.258,14,9,0,1,6
126,2021,20.4936,0.3644,0.0051,0.2997,15,8,1,0,6
126,2022,20.2586,0.05,0.0599,0.1217,16,8,0,1,6
127,2016,19.8769,0.6587,0.1721,0.0167,15,9,1,1,0
127,2017,20.9018,0.5405,0.0786,0.0842,16,9,1,0,4
127,2018,21.3005,0.4678,0.0899,-0.2202,17,11,1,0,1
127,2019,21.3749,0.3961,0.1071,0.5953,18,7,1,0,1
127,2020,21.192,0.4025,0.0911,0.4064,19,10,0,0,0
127,2021,22.4506,0.3772,0.0782,0.0797,20,10,0,0,0
127,2022,23.1195,0.2707,0.037,0.259,21,7,0,0,3
128,2016,20.881,0.307,-0.0144,0.6152,21,9,0,1,0
128,2017,23.5837,0.5328,0.0179,0.1971,22,9,0,0,3
128,2018,22.2756,0.3798,0.0594,-0.2397,23,5,0,0,4
128,2019,22.6833,0.6317,0.0474,0.291,24,10,0,1,1
128,2020,24.304,0.6577,0.0158,-0.0944,25,6,1,1,1
128,2021,23.1747,0.313,0.0581,0.0455,26,10,0,0,1
128,2022,23.986,0.7027,0.0206,0.517,27,10,0,1,4
129,2016,22.3225,0.3059,0.1004,-0.03,14,10,0,0,1
129,2017,22.6423,0.4026,0.1638,-0.1157,15,8,0,0,2
129,2018,21.7291,0.475,0.0398,0.2578,16,10,1,1,1
129,2019,21.6774,0.05,-0.0391,0.2284,17,10,0,0,2
129,2020,22.2629,0.5912,0.0627,-0.1006,18,10,0,1,3
129,2021,23.364,0.5794,0.0224,-0.0293,19,11,0,0,3
129,2022,23.887,0.4283,0.0377,-0.0454,20,9,0,1,5
130,2016,21.5921,0.1723,0.1014,0.2796,20,7,1,1,4
130,2017,21.6138,0.2879,0.0885,0.3811,21,9,0,1,8
130,2018,23.5628,0.5191,0.1385,0.3056,22,11,1,1,13
130,2019,23.7616,0.4218,0.0592,-0.218,23,14,0,1,16
130,2020,23.3672,0.195,0.1056,0.4745,24,10,0,1,14
130,2021,22.9148,0.4578,0.0304,-0.0927,25,10,1,1,14
130,2022,22.163,0.2775,0.0204,0.4251,26,10,0,1,12
131,2016,22.264,0.3482,0.0235,0.8211,20,5,0,0,1
131,2017,23.6542,0.6325,0.0034,0.5653,21,9,0,0,0
131,2018,22.6127,0.489,0.0146,0.249,22,6,1,0,1
131,2019,24.7212,0.3654,0.0861,0.2931,23,10,0,1,1
131,2020,24.8351,0.4663,0.1143,0.1182,24,7,0,0,3
131,2021,23.137,0.4965,0.1155,-0.0927,25,10,0,0,3
131,2022,25.4412,0.2088,0.0795,0.1964,26,9,1,0,5
132,2016,22.4048,0.7464,0.03,0.2965,20,10,0,1,3
132,2017,21.8444,0.701,0.0314,0.4178,21,7,0,0,3
132,2018,22.3872,0.5437,0.0732,-0.0961,22,11,0,1,7
132,2019,24.0458,0.6269,0.1234,0.2813,23,9,1,1,17
132,2020,22.7397,0.2749,0.0066,0.1204,24,12,0,1,11
132,2021,24.3549,0.6516,0.0732,-0.007,25,10,0,1,10
132,2022,25.4064,0.437,-0.0032,0.2468,26,9,0,1,7
133,2016,21.8691,0.3728,0.0189,0.0283,21,9,0,0,2
133,2017,22.5366,0.05,0.0445,-0.2745,22,13,0,0,3
133,2018,22.6031,0.4942,-0.0001,-0.0962,23,8,0,1,1
133,2019,23.4068,0.1602,0.0778,0.4227,24,10,0,1,13
133,2020,23.9005,0.5197,0.1771,0.4935,25,10,0,1,3
133,2021,24.1225,0.4384,0.098,0.1293,26,6,1,1,7
133,2022,23.7535,0.1758,0.0612,0.163,27,12,0,1,8
134,2016,19.99,0.5603,0.0533,-0.3296,17,8,1,0,1
134,2017,21.6285,0.3469,0.1035,-0.0082,18,9,0,0,5
134,2018,22.0331,0.5626,0.0078,0.4519,19,8,1,0,1
134,2019,22.7987,0.5403,0.1151,-0.3741,20,11,0,1,7
134,2020,21.8928,0.51,0.0605,0.033,21,9,0,1,8
134,2021,23.2574,0.6059,-0.0261,0.2314,22,13,0,1,4
134,2022,23.4548,0.5667,0.1158,0.51,23,8,0,1,7
135,2016,21.1506,0.4212,0.0225,-0.0968,3,10,0,0,1
135,2017,21.1689,0.4374,-0.0358,0.1935,4,10,0,0,1
135,2018,22.8828,0.4734,-0.0015,0.4815,5,7,0,0,1
135,2019,22.0302,0.3332,0.1081,0.1137,6,12,0,0,3
135,2020,22.8058,0.5915,0.0913,-0.324,7,7,0,1,4
135,2021,24.4922,0.7821,0.1703,-0.0043,8,12,1,0,5
135,2022,24.1504,0.3748,0.0359,0.2943,9,11,0,1,9
136,2016,22.4861,0.4031,0.0836,0.1406,11,5,0,1,0
136,2017,25.0849,0.7407,0.1193,0.3729,12,9,0,0,0
136,2018,22.6877,0.3872,0.0181,0.1253,13,9,1,0,2
136,2019,24.0859,0.5221,-0.0408,0.1552,14,14,0,0,1
136,2020,25.8201,0.5094,-0.0042,0.0608,15,7,1,1,4
136,2021,25.815,0.4732,0.1461,-0.2485,16,9,0,0,5
136,2022,26.1152,0.6879,0.0756,-0.2031,17,8,0,1,6
137,2016,21.6815,0.6177,-0.0278,0.0031,16,10,0,0,2
137,2017,21.9543,0.5322,0.1645,0.0335,17,8,0,0,1
137,2018,21.1008,0.5412,0.0771,-0.0505,18,8,0,0,0
137,2019,23.139,0.3085,-0.0208,0.6842,19,12,0,0,2
137,2020,22.8995,0.3401,0.0288,0.1158,20,11,1,0,0
137,2021,22.7131,0.4754,0.0699,-0.0754,21,7,0,0,0
137,2022,23.1271,0.4944,0.0269,0.255,22,12,0,1,0
138,2016,22.1499,0.5902,0.0528,0.0424,11,9,0,0,2
138,2017,20.2788,0.5254,0.101,-0.0303,12,7,0,0,3
138,2018,22.5881,0.4635,0.0121,0.2534,13,7,0,0,1
138,2019,22.5469,0.8576,0.0618,0.3481,14,8,0,1,5
138,2020,23.855,0.3105,-0.0135,0.1126,15,9,0,1,1
138,2021,22.6209,0.3634,0.0474,-0.0086,16,7,0,0,4
138,2022,23.5357,0.3056,0.0973,0.1632,17,5,0,1,2
139,2016,25.5282,0.4486,-0.0264,0.3151,19,11,0,0,1
139,2017,26.4078,0.775,-0.0106,0.1288,20,8,0,0,0
139,2018,26.2653,0.4916,0.0988,0.3603,21,11,0,0,0
139,2019,27.0975,0.4775,0.1047,0.1269,22,10,0,1,1
139,2020,28.4968,0.6176,0.0996,0.443,23,10,0,1,3
139,2021,27.4962,0.4248,0.065,0.3949,24,11,0,0,1
139,2022,27.8228,0.3339,0.0651,0.3735,25,9,0,0,3
140,2016,22.0179,0.4947,-0.0161,0.0492,14,10,0,0,3
140,2017,22.2206,0.4409,0.0568,0.2232,15,9,1,0,5
140,2018,22.638,0.6116,0.1365,0.1962,16,7,0,1,5
140,2019,23.0536,0.4711,-0.0093,-0.1376,17,9,1,1,9
140,2020,23.3526,0.259,0.0804,0.1429,18,9,1,1,6
140,2021,24.6934,0.3277,0.0387,0.1256,19,9,0,0,6
140,2022,25.048,0.2828,-0.0306,-0.2057,20,9,0,1,7
141,2016,20.4839,0.3012,0.1424,0.0587,5,12,0,1,1
141,2017,22.4837,0.4815,0.0536,-0.2893,6,9,0,1,2
141,2018,21.4627,0.5894,-0.0959,-0.0631,7,5,0,1,1
141,2019,20.9843,0.2617,0.0172,0.3149,8,9,0,0,1
141,2020,22.3277,0.6443,0.0939,0.5699,9,10,0,0,6
141,2021,21.5794,0.4037,0.0955,0.0273,10,10,0,1,2
141,2022,23.2012,0.0893,0.0737,-0.0885,11,9,0,0,7
142,2016,23.7631,0.2917,0.0595,0.3538,12,5,0,0,2
142,2017,24.4325,0.4474,0.1059,-0.0843,13,8,1,0,1
142,2018,22.421,0.3694,-0.0135,0.1735,14,8,1,0,2
142,2019,25.4833,0.5827,0.1065,0.2804,15,12,1,0,2
142,2020,24.3253,0.5104,-0.027,0.1611,16,9,0,1,2
142,2021,24.7005,0.3084,0.049,0.2288,17,6,0,0,2
142,2022,25.9286,0.3952,0.1063,-0.0633,18,9,0,1,7
143,2016,22.4914,0.5153,-0.0387,-0.2294,5,8,0,1,1
143,2017,23.9484,0.2871,0.0404,0.3746,6,10,1,0,2
143,2018,23.9143,0.7868,0.0268,0.277,7,11,0,0,2
143,2019,24.1169,0.652,0.0396,0.301,8,9,0,0,3
143,2020,24.6236,0.8416,0.0613,0.3522,9,8,1,1,1
143,2021,25.0402,0.6575,0.0891,0.2019,10,8,0,0,1
143,2022,23.7399,0.1878,0.0498,-0.199,11,5,0,0,1
144,2016,18.2362,0.05,0.0997,-0.3295,22,8,0,1,1
144,2017,18.0967,0.2497,-0.0056,0.1259,23,7,0,0,1
144,2018,19.9585,0.2193,0.0848,-0.3489,24,7,1,0,2
144,2019,21.0291,0.3589,0.1182,0.0643,25,11,1,1,8
144,2020,20.3397,0.274,0.0574,0.2567,26,12,0,0,9
144,2021,20.4029,0.3872,0.017,-0.3996,27,8,0,0,7
144,2022,22.9151,0.4542,0.136,0.2717,28,10,0,0,18
145,2016,24.5325,0.5954,0.2329,0.3936,14,11,0,0,0
145,2017,25.6542,0.1352,0.0096,-0.0336,15,8,0,1,1
145,2018,25.3395,0.5503,0.0252,0.0692,16,11,0,0,2
145,2019,25.0611,0.5176,0.0081,0.1065,17,7,0,1,3
145,2020,25.0484,0.7747,0.0061,-0.2716,18,10,1,1,3
145,2021,25.9704,0.5919,-0.0453,-0.0773,19,9,0,1,2
145,2022,27.9209,0.2787,-0.0423,0.0235,20,9,0,0,3
146,2016,20.6162,0.5058,0.1049,0.5209,5,7,0,0,1
146,2017,18.7998,0.3834,0.0687,0.0045,6,10,0,1,2
146,2018,20.3638,0.4982,0.0397,-0.0204,7,10,0,1,0
146,2019,19.917,0.4604,0.1262,0.3062,8,9,0,0,3
146,2020,21.1059,0.4745,0.0693,0.1489,9,9,0,0,1
146,2021,20.943,0.4852,0.0374,0.0675,10,11,0,1,4
146,2022,21.5603,0.4725,-0.0227,-0.0028,11,8,0,1,6
147,2016,23.1717,0.5651,0.0917,0.0411,12,13,0,1,4
147,2017,23.5891,0.3726,-0.0106,-0.0596,13,9,0,0,0
147,2018,21.5509,0.2894,0.0559,0.375,14,10,0,0,3
147,2019,23.9893,0.5378,0.0827,0.4163,15,6,0,0,8
147,2020,23.5111,0.1469,-0.005,0.0017,16,13,0,1,4
147,2021,23.7022,0.4513,0.0232,0.3518,17,8,0,1,10
147,2022,24.8725,0.4127,0.0367,0.2618,18,8,0,1,10
148,2016,21.0681,0.748,0.0388,-0.3985,2,9,1,0,3
148,2017,19.2835,0.3023,-0.049,0.3706,3,10,0,0,0
148,2018,20.2479,0.0806,0.0467,-0.205,4,9,0,1,1
148,2019,18.8603,0.5288,0.0475,-0.0985,5,7,1,1,4
148,2020,21.8922,0.423,-0.0395,-0.2807,6,10,0,1,8
148,2021,21.2644,0.5043,0.0647,0.1443,7,9,0,1,1
148,2022,21.5172,0.367,0.0297,0.5315,8,11,1,1,4
149,2016,23.2678,0.6739,0.0731,0.1783,3,7,0,0,0
149,2017,22.6431,0.1273,0.078,0.1997,4,11,1,1,4
149,2018,25.3019,0.4736,0.0439,-0.0411,5,8,0,0,8
149,2019,23.9277,0.3867,0.0024,0.39,6,11,0,0,8
149,2020,23.8584,0.1761,-0.0045,0.296,7,11,1,1,1
149,2021,25.1897,0.3243,0.0207,0.2531,8,8,0,1,6
149,2022,26.5284,0.5968,0.0138,-0.0259,9,8,0,1,7
150,2016,20.7072,0.4182,0.0167,0.2334,9,12,1,0,2
150,2017,22.071,0.3304,0.0585,0.0568,10,11,1,0,2
150,2018,22.401,0.3829,0.0017,0.202,11,9,0,0,1
150,2019,23.1761,0.5882,0.0801,-0.3322,12,7,0,1,3
150,2020,22.1806,0.376,0.0465,0.05,13,9,1,0,7
150,2021,22.956,0.4274,0.066,0.0187,14,9,0,0,2
150,2022,23.3366,0.4087,0.0986,0.1311,15,5,1,0,3
151,2016,21.0242,0.5562,0.0314,0.0947,3,9,0,0,1
151,2017,22.1656,0.3621,0.0546,0.0706,4,9,0,0,2
151,2018,20.8336,0.947,0.0619,-0.1494,5,6,0,0,2
151,2019,22.4798,0.5051,0.0195,0.2559,6,11,1,1,0
151,2020,21.4505,0.2391,0.144,0.0002,7,13,0,0,3
151,2021,22.019,0.3504,0.1094,-0.0882,8,11,1,0,4
151,2022,22.2279,0.5021,0.0334,0.605,9,9,1,1,0
152,2016,23.036,0.437,-0.0152,-0.2337,2,11,1,0,0
152,2017,25.3132,0.2792,0.0479,0.1614,3,8,0,0,3
152,2018,23.8578,0.4285,-0.0017,0.152,4,9,0,0,0
152,2019,25.4721,0.4524,-0.017,-0.0505,5,8,0,1,3
152,2020,25.2594,0.4302,0.0441,0.2554,6,8,0,0,4
152,2021,25.7805,0.6072,0.1773,0.1599,7,9,0,0,1
152,2022,27.8535,0.2444,-0.0459,0.0342,8,10,1,0,4
153,2016,22.7439,0.8043,0.1026,0.3188,16,9,0,1,2
153,2017,22.1514,0.3105,0.0698,-0.0376,17,10,0,0,1
153,2018,22.4358,0.491,-0.0424,0.5164,18,11,0,1,3
153,2019,24.2413,0.3223,0.0374,-0.2235,19,8,0,1,3
153,2020,22.3102,0.1719,-0.0424,0.1762,20,9,1,1,4
153,2021,24.118,0.2298,0.0763,0.353,21,12,1,1,6
153,2022,24.6268,0.2881,0.062,-0.3314,22,13,1,1,17
154,2016,20.5711,0.3331,0.0946,0.1025,22,11,0,0,2
154,2017,20.3953,0.4517,-0.017,0.4363,23,11,1,1,3
154,2018,22.1779,0.3889,0.0252,-0.2809,24,10,1,0,4
154,2019,21.0911,0.1835,-0.0428,0.2818,25,12,1,1,2
154,2020,21.2898,0.4913,0.0687,-0.099,26,5,0,1,5
154,2021,23.1486,0.3441,0.0672,-0.248,27,9,0,1,4
154,2022,22.6415,0.3472,0.1067,0.0144,28,7,1,1,5
155,2016,23.4638,0.3855,0.0549,0.3877,3,9,0,0,2
155,2017,22.5204,0.627,0.0514,0.1595,4,7,1,0,0
155,2018,23.0605,0.3272,0.1039,0.2774,5,7,0,0,0
155,2019,25.102,0.3319,0.0369,0.5479,6,7,1,0,2
155,2020,25.8348,0.5215,0.0196,-0.0458,7,9,0,0,2
155,2021,25.2254,0.4154,0.0421,0.2696,8,6,0,0,6
155,2022,24.362,0.2862,0.0348,0.1094,9,9,0,0,2
156,2016,18.0875,0.4923,0.0679,0.6092,23,8,0,1,3
156,2017,18.7888,0.6529,-0.0158,0.4562,24,12,1,0,4
156,2018,20.056,0.6927,0.0836,0.324,25,10,0,1,2
156,2019,19.6355,0.3287,0.0881,0.0551,26,8,0,0,9
156,2020,19.9038,0.355,-0.0541,0.1299,27,8,0,1,3
156,2021,18.7171,0.5669,0.0481,0.6237,28,8,1,0,2
156,2022,21.3323,0.608,0.0066,0.3844,29,8,0,1,4
157,2016,21.0938,0.5588,0.0492,0.3212,18,7,1,0,1
157,2017,22.4045,0.3113,-0.0137,0.4403,19,8,0,0,0
157,2018,22.7573,0.37,-0.0639,0.1537,20,10,0,0,2
157,2019,24.7454,0.1809,0.0779,0.2886,21,9,0,0,10
157,2020,22.6448,0.4935,-0.0108,0.0892,22,6,1,1,6
157,2021,26.095,0.8695,0.0754,-0.1208,23,10,0,0,6
157,2022,24.9712,0.1769,0.122,-0.2473,24,8,0,1,7
158,2016,22.9209,0.3885,-0.0137,0.2412,18,9,0,0,0
158,2017,21.9945,0.3939,-0.0318,-0.1628,19,6,0,0,2
158,2018,23.8149,0.7077,0.0549,0.1702,20,13,1,0,3
158,2019,22.8293,0.8561,-0.0297,0.2721,21,8,0,0,0
158,2020,22.0817,0.143,0.1795,-0.2146,22,9,0,0,1
158,2021,23.8058,0.834,-0.0684,0.0277,23,8,0,0,0
158,2022,24.183,0.4814,0.0356,-0.1026,24,8,1,1,0
159,2016,23.6624,0.3203,-0.0075,1.0795,8,9,0,0,2
159,2017,23.057,0.2495,0.0809,-0.0611,9,9,0,0,6
159,2018,23.3864,0.5022,0.0592,0.0988,10,8,0,1,1
159,2019,23.0688,0.05,0.01,0.0963,11,12,0,1,3
159,2020,24.7934,0.3669,0.0392,-0.1359,12,8,0,1,15
159,2021,24.4365,0.8523,0.119,0.2764,13,10,0,1,5
159,2022,25.9892,0.5524,-0.0243,0.5462,14,7,1,1,6
160,2016,21.4923,0.3651,0.0638,0.4195,15,10,0,0,5
160,2017,23.9244,0.6124,0.0946,0.1354,16,9,1,0,4
160,2018,23.5778,0.443,0.0788,-0.0832,17,10,0,0,2
160,2019,23.3489,0.258,0.1186,-0.1399,18,7,0,0,7
160,2020,22.9199,0.147,-0.0126,0.3999,19,8,0,0,1
160,2021,21.1936,0.5112,0.0365,0.3109,20,8,0,1,2
160,2022,24.3646,0.3622,0.0867,-0.0283,21,5,1,0,4
161,2016,21.8384,0.5411,0.0427,-0.0454,15,7,0,1,3
161,2017,21.0746,0.5058,0.0564,-0.037,16,10,0,1,3
161,2018,21.6997,0.4465,0.0754,-0.1036,17,6,1,0,4
161,2019,22.9236,0.1299,-0.0506,-0.0458,18,9,1,0,2
161,2020,21.1427,0.6579,0.1228,0.1887,19,11,0,0,2
161,2021,22.1735,0.5013,0.0154,-0.1693,20,6,0,0,1
161,2022,22.8838,0.3992,0.1293,0.1831,21,10,0,1,8
162,2016,21.1037,0.4065,0.0736,0.0477,12,9,0,0,1
162,2017,22.6558,0.2529,0.0839,-0.6,13,7,0,0,4
162,2018,22.5087,0.4602,0.0243,0.3215,14,9,0,0,1
162,2019,22.3372,0.5405,0.0517,0.101,15,9,0,0,4
162,2020,21.3797,0.3708,-0.0254,-0.2365,16,8,0,0,2
162,2021,22.0591,0.3162,-0.0403,0.1221,17,6,0,1,4
162,2022,22.1226,0.4006,-0.0384,-0.2011,18,9,0,0,2
163,2016,20.7917,0.5777,0.1373,0.3689,2,9,0,0,0
163,2017,21.7742,0.5417,0.1099,0.1688,3,10,1,0,3
163,2018,23.0643,0.5221,0.0893,0.0632,4,7,0,1,4
163,2019,23.0993,0.4714,0.0994,0.0075,5,8,1,0,4
163,2020,20.0578,0.3254,0.0512,-0.0211,6,9,0,0,5
163,2021,22.7352,0.4343,-0.0094,0.2703,7,8,1,0,2
163,2022,22.7124,0.6156,0.1198,0.308,8,10,1,0,5
164,2016,22.3667,0.3278,0.048,0.4736,3,10,0,0,3
164,2017,22.1482,0.1933,-0.0047,0.0647,4,7,0,1,1
164,2018,22.2348,0.3386,0.0046,0.0849,5,10,0,1,4
164,2019,23.2111,0.6294,0.1246,0.3648,6,9,0,1,17
164,2020,22.0323,0.31,-0.1509,0.9057,7,8,1,1,7
164,2021,23.6703,0.5432,0.0101,0.2795,8,11,1,1,10
164,2022,23.709,0.4935,-0.07,0.292,9,11,1,1,10
165,2016,19.7786,0.6876,-0.021,0.2358,8,7,0,1,5
165,2017,22.8241,0.6449,0.0445,0.2934,9,9,0,0,3
165,2018,20.602,0.6232,0.1062,0.0527,10,10,0,0,1
165,2019,21.6844,0.2054,-0.0293,0.5216,11,8,0,1,4
165,2020,20.4889,0.46,0.0108,0.0474,12,8,1,1,4
165,2021,22.7965,0.6407,0.084,0.1542,13,10,0,1,7
165,2022,22.3811,0.4608,0.0891,-0.003,14,9,0,1,4
166,2016,22.0181,0.3901,0.0964,0.2695,14,11,0,0,7
166,2017,20.7422,0.3393,0.0295,0.1566,15,10,0,1,3
166,2018,19.9134,0.6148,0.0663,-0.0204,16,6,1,1,2
166,2019,21.9683,0.6821,0.0326,0.1908,17,8,1,1,3
166,2020,22.4823,0.6483,0.1133,0.2965,18,10,0,1,11
166,2021,21.8508,0.5263,-0.0354,0.5718,19,10,0,0,2
166,2022,23.6507,0.4715,0.0647,0.1325,20,10,0,1,5
167,2016,22.7238,0.3763,0.0695,0.1105,8,9,0,1,2
167,2017,22.8389,0.1936,0.038,0.3241,9,8,0,1,1
167,2018,24.2651,0.7257,-0.018,-0.4335,10,8,0,0,1
167,2019,24.455,0.252,0.0738,0.3028,11,9,0,0,1
167,2020,24.8443,0.3948,0.0822,0.3502,12,9,0,1,4
167,2021,26.1108,0.7383,-0.0329,0.2283,13,9,0,1,2
167,2022,25.0788,0.2594,-0.0116,0.201,14,6,0,0,2
168,2016,19.124,0.2219,-0.0221,0.1862,2,9,0,0,0
168,2017,17.9519,0.6862,0.0616,-0.3129,3,11,0,0,0
168,2018,19.1917,0.5177,0.0697,0.275,4,6,0,0,4
168,2019,18.0808,0.3901,0.0274,0.2786,5,6,0,1,4
168,2020,17.7825,0.2269,0.0299,0.1147,6,8,1,1,3
168,2021,20.6917,0.5008,0.0682,0.4826,7,6,0,0,11
168,2022,21.4417,0.5691,0.105,0.5111,8,10,1,1,10
169,2016,22.8391,0.4373,0.0228,0.4586,10,5,0,0,3
169,2017,22.5016,0.4508,-0.0255,0.1074,11,11,0,0,0
169,2018,22.1757,0.4146,-0.0226,-0.0765,12,10,1,0,0
169,2019,24.6732,0.4879,-0.0082,0.2427,13,11,0,1,1
169,2020,23.8423,0.3668,0.1393,-0.2619,14,8,0,1,3
169,2021,23.9504,0.4526,0.0671,-0.0284,15,10,0,1,3
169,2022,24.3425,0.4118,-0.0232,0.4276,16,9,1,1,3
170,2016,20.7604,0.4903,0.0396,-0.055,6,12,0,1,1
170,2017,20.6151,0.4536,-0.0055,0.0188,7,9,0,0,5
170,2018,20.7018,0.3187,-0.0121,0.095,8,11,0,0,0
170,2019,22.3313,0.5486,0.0108,0.1965,9,7,1,0,1
170,2020,21.4423,0.3478,0.0296,0.0789,10,10,0,0,0
170,2021,22.2321,0.4586,0.0884,0.5755,11,9,0,0,1
170,2022,23.4074,0.317,0.0465,0.2295,12,9,0,0,4
171,2016,20.8561,0.4007,0.0238,-0.3735,14,10,0,0,0
171,2017,22.087,0.1571,0.0455,-0.1973,15,10,1,0,1
171,2018,22.2468,0.0504,0.0631,0.1794,16,9,0,0,0
171,2019,23.5559,0.6505,0.1015,-0.1661,17,12,0,0,1
171,2020,24.1464,0.592,0.0311,0.5384,18,6,0,1,0
171,2021,24.8284,0.4611,0.1131,0.4237,19,13,0,0,0
171,2022,24.8237,0.5206,0.0892,0.4014,20,10,0,1,4
172,2016,19.8611,0.6229,0.1668,0.0545,2,8,1,0,2
172,2017,21.0749,0.4145,-0.0429,0.2492,3,12,1,1,1
172,2018,20.6266,0.2109,0.0531,0.0389,4,10,1,0,1
172,2019,22.6447,0.6266,0.1199,-0.0565,5,11,1,0,7
172,2020,21.4293,0.391,0.0346,-0.0028,6,11,0,0,2
172,2021,22.9246,0.6156,-0.0183,0.092,7,10,1,1,6
172,2022,23.1233,0.3101,0.0602,0.4654,8,9,0,0,2
173,2016,22.0532,0.4731,0.0541,0.229,2,10,1,1,2
173,2017,21.8986,0.5305,0.1105,0.3314,3,8,0,1,1
173,2018,21.5613,0.3175,0.0609,-0.0544,4,11,1,0,1
173,2019,22.2418,0.2101,0.0701,-0.1335,5,10,0,1,4
173,2020,23.6532,0.19,-0.0561,0.2386,6,11,0,1,9
173,2021,23.8493,0.3429,-0.017,-0.3653,7,7,0,1,7
173,2022,23.5486,0.4058,0.0152,0.0702,8,8,0,0,9
174,2016,21.8073,0.3353,0.0494,0.3104,13,9,0,0,2
174,2017,20.9486,0.5461,-0.0376,0.0722,14,6,0,0,1
174,2018,21.1285,0.2036,-0.0103,-0.075,15,13,0,1,3
174,2019,23.0579,0.3504,0.1136,0.4942,16,9,0,0,1
174,2020,22.3955,0.5198,0.1137,0.1292,17,7,0,0,0
174,2021,21.125,0.1639,-0.0422,0.1647,18,10,0,0,1
174,2022,23.7094,0.6337,0.0644,0.0933,19,10,0,1,3
175,2016,23.1103,0.3868,-0.0173,0.0826,19,10,0,0,0
175,2017,22.3658,0.5299,-0.0571,0.0449,20,8,1,0,1
175,2018,24.117,0.6648,0.0362,-0.0883,21,6,0,0,1
175,2019,21.4577,0.4845,-0.0679,0.0601,22,10,1,0,0
175,2020,23.5841,0.6196,-0.0037,0.2366,23,7,0,0,1
175,2021,24.5337,0.3711,-0.0148,0.4247,24,9,0,0,4
175,2022,24.2175,0.396,-0.0491,0.0,25,8,0,1,1
176,2016,17.2954,0.432,0.0427,0.025,11,10,0,0,0
176,2017,21.4876,0.5133,0.0944,0.1302,12,6,0,1,0
176,2018,21.4972,0.5898,0.0438,0.1647,13,11,1,0,4
176,2019,21.5102,0.4307,0.1462,0.3117,14,5,0,0,4
176,2020,19.4856,0.5659,0.0328,0.117,15,10,1,0,0
176,2021,20.9869,0.5092,0.0397,0.5817,16,8,0,0,3
176,2022,20.4887,0.304,0.0493,-0.3718,17,5,1,0,3
177,2016,20.8252,0.2624,0.096,-0.1918,15,7,0,0,4
177,2017,20.9251,0.0852,-0.0575,0.0606,16,10,0,1,2
177,2018,20.7443,0.3196,-0.0002,-0.2858,17,10,0,0,2
177,2019,19.4713,0.1359,-0.0293,0.2142,18,8,0,0,2
177,2020,22.0997,0.8222,0.0267,-0.1781,19,13,0,1,5
177,2021,20.1174,0.4902,0.1293,0.761,20,8,1,0,5
177,2022,21.9389,0.3532,0.0514,0.3832,21,8,1,1,7
178,2016,21.3348,0.1791,0.075,0.1203,21,13,1,0,0
178,2017,21.4671,0.5627,0.0976,0.1818,22,10,0,0,2
178,2018,20.9927,0.3636,0.1168,0.2258,23,9,0,0,2
178,2019,22.3401,0.5803,0.0551,0.0671,24,8,1,1,3
178,2020,21.4511,0.3408,0.0298,0.5925,25,9,1,0,1
178,2021,20.5835,0.3911,-0.057,0.1522,26,11,0,0,2
178,2022,21.5137,0.5311,0.0409,0.452,27,5,0,0,0
179,2016,23.2836,0.5599,-0.0457,-0.0048,15,11,0,0,1
179,2017,22.7378,0.3409,-0.0879,0.0261,16,8,0,0,0
179,2018,24.9886,0.7097,-0.1217,0.0553,17,6,1,1,1
179,2019,24.5704,0.2602,0.0786,0.2184,18,12,1,1,4
179,2020,25.2208,0.1149,0.0578,0.0929,19,9,1,0,2
179,2021,25.6906,0.3141,0.0411,-0.0261,20,8,0,1,1
179,2022,25.6115,0.5669,0.1216,0.119,21,12,0,1,2
180,2016,25.8081,0.5555,0.1104,-0.1209,22,9,0,0,5
180,2017,22.8785,0.2687,0.0986,0.2758,23,9,0,0,3
180,2018,22.7569,0.3951,0.0805,0.1796,24,11,0,1,3
180,2019,23.3166,0.609,0.0939,0.5041,25,5,1,0,1
180,2020,24.526,0.365,0.1524,0.1991,26,5,0,0,5
180,2021,23.8479,0.5681,0.0259,-0.1699,27,5,0,0,3
180,2022,24.8932,0.6136,0.1132,0.3741,28,9,0,0,9
181,2016,22.0419,0.5862,0.0612,0.0676,12,12,1,0,0
181,2017,21.2902,0.6892,0.067,0.4475,13,7,0,0,1
181,2018,22.5443,0.644,0.0844,0.2025,14,8,1,0,2
181,2019,21.7548,0.5009,-0.007,0.3388,15,11,0,0,0
181,2020,23.2798,0.3139,0.1199,0.1138,16,8,0,0,3
181,2021,22.6264,0.2776,0.0145,0.3657,17,8,0,0,3
181,2022,23.2396,0.5361,0.06,0.1844,18,10,0,0,2
182,2016,18.8712,0.2577,0.0655,0.0333,23,8,1,0,1
182,2017,19.1179,0.2926,0.0641,0.3115,24,7,0,0,1
182,2018,20.4927,0.1764,0.103,-0.0057,25,7,0,0,2
182,2019,20.1548,0.5664,0.0275,0.1002,26,9,0,0,2
182,2020,19.4062,0.5434,0.0938,0.2064,27,11,0,0,1
182,2021,20.2571,0.8154,0.0569,0.0472,28,7,1,0,1
182,2022,19.5302,0.7076,0.0919,0.0502,29,7,0,0,1
183,2016,20.3707,0.4077,0.0273,0.4709,6,8,1,0,3
183,2017,19.8135,0.2839,0.0561,-0.2359,7,11,1,1,5
183,2018,20.4392,0.1903,0.0686,0.0816,8,10,0,0,2
183,2019,20.5411,0.5334,0.0192,0.4615,9,8,0,1,2
183,2020,21.4286,0.3468,0.0706,-0.1064,10,7,0,0,2
183,2021,21.0111,0.3098,0.0234,0.4097,11,12,1,0,2
183,2022,19.8502,0.438,0.107,-0.2114,12,8,0,1,1
184,2016,22.0043,0.3382,0.0432,0.1204,5,11,0,0,0
184,2017,22.6148,0.2179,-0.0331,0.0683,6,8,1,0,3
184,2018,22.8377,0.5407,0.004,0.3438,7,9,0,0,2
184,2019,22.8885,0.3252,0.1551,0.4586,8,11,0,1,5
184,2020,23.3111,0.4823,0.109,-0.0343,9,8,0,0,1
184,2021,23.2476,0.4686,-0.0081,0.336,10,9,0,1,0
184,2022,23.9903,0.5433,0.1046,0.4524,11,11,0,0,3
185,2016,19.9013,0.4017,0.0403,0.449,9,8,1,1,1
185,2017,19.2509,0.5102,-0.026,0.0596,10,9,0,0,0
185,2018,21.4841,0.6283,0.1134,-0.0108,11,9,0,1,3
185,2019,20.1866,0.2818,0.0368,-0.1025,12,9,0,1,8
185,2020,19.6375,0.2343,-0.0395,0.2472,13,9,1,1,4
185,2021,21.9569,0.6379,-0.0677,0.0244,14,11,0,0,3
185,2022,21.8866,0.6341,0.0179,0.8874,15,8,0,0,5
186,2016,23.7457,0.549,0.1346,0.1624,22,11,0,1,6
186,2017,21.8583,0.1603,0.1948,0.1861,23,9,0,0,4
186,2018,21.5723,0.3846,0.0945,0.2372,24,8,1,1,3
186,2019,22.8016,0.384,0.0496,-0.2281,25,8,1,1,3
186,2020,23.8356,0.4058,0.081,0.3738,26,8,1,1,8
186,2021,23.9462,0.5184,0.0021,0.199,27,7,0,1,8
186,2022,25.7225,0.197,0.137,0.094,28,11,1,1,8
187,2016,20.7498,0.6443,0.0384,0.3688,12,9,0,0,3
187,2017,17.7187,0.4679,0.0164,0.283,13,7,0,0,1
187,2018,20.4654,0.367,0.0846,0.0729,14,10,1,0,2
187,2019,21.1344,0.7578,0.0949,0.1225,15,6,0,0,3
187,2020,20.0088,0.1634,-0.0201,0.1028,16,8,1,1,4
187,2021,21.7915,0.5401,0.0852,0.3115,17,7,0,1,6
187,2022,22.0891,0.2835,0.1028,0.0274,18,10,1,0,5
188,2016,24.1713,0.4192,0.0095,0.0719,20,11,0,0,2
188,2017,25.9588,0.4055,0.0324,0.2508,21,8,0,1,1
188,2018,25.3499,0.3878,0.039,0.1724,22,8,0,1,2
188,2019,26.726,0.188,0.158,-0.5726,23,10,0,1,4
188,2020,25.938,0.2152,0.0504,-0.1769,24,11,0,0,3
188,2021,26.3507,0.707,-0.0068,0.1547,25,10,0,0,0
188,2022,25.3228,0.387,0.0872,0.5021,26,11,0,0,4
189,2016,23.4092,0.4879,-0.0018,-0.2515,21,7,0,0,2
189,2017,23.0797,0.7191,0.107,0.2698,22,9,0,0,2
189,2018,24.3076,0.6043,-0.0079,-0.0573,23,10,0,1,3
189,2019,23.2887,0.344,0.072,-0.2733,24,7,0,1,3
189,2020,23.1217,0.5791,0.0585,0.288,25,10,0,0,0
189,2021,25.0433,0.1894,0.0756,-0.3117,26,11,0,1,6
189,2022,25.5981,0.424,0.1061,-0.0695,27,8,0,0,5
190,2016,22.9203,0.3035,0.0279,0.1083,15,8,0,0,1
190,2017,22.9118,0.5674,-0.0361,0.6771,16,8,1,1,1
190,2018,23.4459,0.67,0.1746,0.065,17,10,0,0,2
190,2019,23.8798,0.4,0.0374,0.1509,18,5,0,0,2
190,2020,25.5776,0.8134,-0.0398,0.6103,19,9,0,0,2
190,2021,21.6798,0.2824,0.006,0.2888,20,6,1,1,3
190,2022,25.3011,0.3534,0.0848,0.1838,21,10,0,1,8
191,2016,21.6087,0.1287,0.1647,0.1811,14,8,0,0,1
191,2017,23.5763,0.7527,-0.0413,0.2688,15,7,0,0,1
191,2018,21.0794,0.4904,0.0876,-0.1149,16,9,0,0,0
191,2019,22.5855,0.7064,0.1073,0.0149,17,7,0,0,1
191,2020,23.2137,0.6967,0.0445,0.3602,18,8,0,0,2
191,2021,23.6888,0.68,0.0047,0.0159,19,11,0,0,1
191,2022,25.2372,0.688,-0.0166,-0.3289,20,11,1,0,4
192,2016,22.7093,0.6835,0.0422,0.3066,14,10,1,0,0
192,2017,22.0375,0.3066,0.0438,0.0609,15,10,0,0,3
192,2018,22.7173,0.7962,-0.045,0.329,16,12,0,1,2
192,2019,23.9753,0.5562,0.0375,-0.3113,17,9,0,0,4
192,2020,23.6252,0.3834,0.1461,0.5631,18,10,0,0,1
192,2021,25.6547,0.3974,0.0796,-0.3281,19,6,0,1,0
192,2022,23.9615,0.2887,0.1107,-0.1442,20,8,1,0,4
193,2016,20.9224,0.5359,0.0345,-0.0978,11,8,0,1,4
193,2017,21.4243,0.5233,-0.0354,-0.1729,12,10,0,1,4
193,2018,23.0174,0.2702,-0.0125,0.2819,13,11,1,0,9
193,2019,21.4656,0.4803,-0.0351,0.1971,14,12,0,0,4
193,2020,22.0688,0.2451,-0.0846,0.0741,15,11,0,1,3
193,2021,23.4285,0.8131,0.0018,0.129,16,11,0,0,10
193,2022,24.0819,0.8727,0.1324,0.0589,17,10,0,1,20
194,2016,22.9398,0.3235,0.0256,0.25,16,10,0,0,4
194,2017,22.4672,0.4236,0.0717,0.1828,17,9,0,0,5
194,2018,24.6337,0.5964,-0.1039,0.3226,18,9,0,1,4
194,2019,24.5806,0.1678,0.0734,0.4194,19,12,1,1,6
194,2020,23.6599,0.6418,-0.0038,0.1697,20,11,1,0,3
194,2021,24.5297,0.5813,0.0334,-0.3731,21,10,0,1,4
194,2022,23.9402,0.3436,-0.0377,0.0102,22,9,0,0,3
195,2016,22.7416,0.3408,0.0696,-0.0318,5,10,0,1,4
195,2017,23.7821,0.7485,0.0719,0.4362,6,10,0,0,2
195,2018,24.9607,0.4122,0.1533,-0.0323,7,8,1,1,5
195,2019,24.9593,0.3737,0.171,0.1305,8,7,0,0,10
195,2020,24.8961,0.4408,0.0361,-0.1391,9,7,1,1,3
195,2021,24.297,0.2124,0.0321,0.0186,10,10,0,0,3
195,2022,24.5532,0.2181,0.1075,0.4616,11,7,0,0,8
196,2016,23.565,0.3415,-0.0059,0.0149,18,11,0,1,5
196,2017,23.2571,0.5356,0.0058,-0.0897,19,10,0,1,4
196,2018,23.1875,0.3586,0.0263,0.0333,20,8,1,1,0
196,2019,25.4597,0.7959,0.0748,-0.0272,21,8,1,1,7
196,2020,24.4029,0.3843,0.0534,0.4446,22,11,1,0,5
196,2021,24.6509,0.4089,0.0113,0.315,23,9,0,0,0
196,2022,24.6712,0.5459,0.0624,-0.0445,24,7,1,1,7
197,2016,23.3487,0.6324,0.0623,0.4068,11,10,0,0,2
197,2017,25.0027,0.1362,0.1146,0.0383,12,10,0,0,3
197,2018,21.2293,0.526,-0.0005,0.2716,13,11,0,1,3
197,2019,23.6236,0.2037,0.0334,0.0333,14,7,0,1,6
197,2020,24.8557,0.7166,0.0743,0.2064,15,9,0,1,7
197,2021,24.1988,0.0721,-0.0068,-0.3293,16,9,0,1,5
197,2022,25.3,0.5373,0.1126,0.2595,17,8,1,1,14
198,2016,21.5046,0.6405,0.0743,0.058,6,9,0,0,1
198,2017,22.0732,0.5141,0.0815,0.3229,7,9,0,0,2
198,2018,21.6141,0.106,-0.0081,0.5523,8,6,0,0,0
198,2019,21.3408,0.1722,0.0169,-0.1917,9,10,0,1,0
198,2020,22.7799,0.4303,0.0021,-0.0018,10,10,1,1,1
198,2021,22.2293,0.3564,0.0015,0.3557,11,11,1,0,5
198,2022,24.4143,0.5648,-0.0185,-0.0592,12,9,0,1,2
199,2016,20.1891,0.226,0.0285,0.4169,20,9,0,0,6
199,2017,21.9877,0.3074,0.1007,0.1225,21,10,0,0,3
199,2018,21.901,0.5175,0.0909,0.2392,22,7,0,0,4
199,2019,22.0858,0.5977,-0.0623,0.0378,23,9,0,1,3
199,2020,24.1137,0.2955,0.0598,-0.2245,24,8,0,1,17
199,2021,23.902,0.5041,0.1535,0.1606,25,9,0,1,19
199,2022,22.6493,0.3507,0.0467,0.135,26,9,0,1,10
200,2016,22.3343,0.4186,0.0333,0.4158,11,8,1,0,3
200,2017,21.4992,0.4353,0.0079,0.1863,12,9,1,0,0
200,2018,21.4956,0.6645,0.1192,0.1827,13,11,0,0,1
200,2019,22.8048,0.4056,0.1188,0.6523,14,7,0,1,5
200,2020,22.3623,0.4548,0.0675,-0.0157,15,10,0,1,3
200,2021,23.7234,0.4149,0.1015,0.3289,16,10,0,1,3
200,2022,23.2662,0.2403,0.0073,0.2641,17,10,1,0,7
201,2016,21.4445,0.6479,-0.0446,0.2254,3,8,1,1,0
201,2017,23.5341,0.6034,0.104,0.0636,4,13,1,0,5
201,2018,20.2548,0.7054,0.0554,-0.2975,5,14,0,0,2
201,2019,22.1272,0.4615,0.0756,-0.2673,6,9,0,0,5
201,2020,21.1265,0.6877,0.0319,-0.1602,7,10,0,1,4
201,2021,22.5295,0.5627,0.0818,-0.358,8,11,0,1,5
201,2022,22.3827,0.4843,0.1836,0.0288,9,6,0,1,1
202,2016,19.6474,0.4133,-0.014,0.2988,2,10,1,0,2
202,2017,22.8956,0.5049,0.0302,-0.1102,3,8,0,0,6
202,2018,20.8241,0.3166,0.0144,0.3094,4,13,0,1,1
202,2019,21.7733,0.3276,0.0516,0.2685,5,8,0,1,5
202,2020,23.7244,0.3214,0.1007,-0.0181,6,7,0,0,8
202,2021,21.7125,0.95,0.0869,-0.4514,7,9,0,1,4
202,2022,22.3874,0.5053,0.0984,0.3605,8,8,0,1,5
203,2016,21.8216,0.3477,0.0106,0.0466,6,8,0,0,1
203,2017,20.2941,0.3912,-0.0269,0.1482,7,7,1,0,0
203,2018,21.074,0.5292,0.0287,-0.1931,8,9,1,0,1
203,2019,21.3507,0.2294,0.0623,0.1035,9,9,0,0,2
203,2020,22.3275,0.2949,0.0438,0.3515,10,12,0,0,1
203,2021,21.627,0.4729,0.1105,0.3,11,8,0,0,0
203,2022,22.7475,0.4453,-0.0436,-0.3626,12,9,0,0,0
204,2016,20.5105,0.6037,0.0376,0.1541,17,10,1,1,2
204,2017,21.5198,0.1542,0.068,-0.1291,18,5,1,1,7
204,2018,20.8179,0.7867,0.0095,0.53,19,9,1,1,3
204,2019,21.4913,0.6145,-0.0416,-0.0871,20,8,0,1,6
204,2020,23.3171,0.7297,0.0355,0.0706,21,9,1,0,12
204,2021,21.9333,0.05,0.0407,-0.0666,22,9,0,0,10
204,2022,22.5786,0.3418,0.0464,-0.6,23,10,0,1,16
205,2016,23.2235,0.4089,0.088,0.2934,2,8,0,1,6
205,2017,24.3907,0.7491,0.0825,0.1581,3,6,0,0,1
205,2018,23.6621,0.287,0.0005,-0.1885,4,11,1,1,2
205,2019,24.9048,0.4362,0.0417,0.3835,5,8,1,1,14
205,2020,24.7293,0.3509,0.0198,-0.3595,6,9,1,1,8
205,2021,24.2937,0.5397,-0.0351,-0.0857,7,5,1,1,6
205,2022,24.8891,0.3318,0.1187,0.0501,8,10,0,1,15
206,2016,21.7192,0.4429,-0.0042,0.5309,17,9,0,0,2
206,2017,21.6446,0.2115,0.129,0.2881,18,8,1,0,2
206,2018,20.0081,0.373,0.1008,0.3515,19,9,0,1,1
206,2019,21.6877,0.6319,0.0463,-0.1849,20,8,0,0,1
206,2020,23.5201,0.3405,0.0351,-0.0778,21,11,0,1,3
206,2021,22.1149,0.6461,0.077,0.0475,22,10,1,1,9
206,2022,20.7585,0.162,0.0908,-0.1189,23,9,0,1,9
207,2016,20.7785,0.7241,-0.0215,-0.2823,21,6,0,0,1
207,2017,18.519,0.7041,0.0377,-0.3136,22,6,0,0,0
207,2018,19.3336,0.4183,-0.0108,-0.3269,23,10,1,0,1
207,2019,20.7767,0.4485,0.0281,-0.2416,24,7,0,0,5
207,2020,20.019,0.05,0.0711,0.2548,25,10,0,0,3
207,2021,21.6311,0.6575,0.0315,0.6347,26,11,0,1,2
207,2022,21.7316,0.7183,0.0009,0.3929,27,6,1,1,3
208,2016,21.3395,0.3735,0.0018,-0.1712,12,10,0,0,4
208,2017,22.138,0.8279,0.1005,-0.0535,13,9,1,0,2
208,2018,20.7755,0.776,0.0505,-0.4973,14,8,0,0,1
208,2019,22.8971,0.1273,0.0688,0.1111,15,8,0,0,5
208,2020,20.9897,0.2562,0.0292,0.0307,16,9,0,0,3
208,2021,22.7131,0.3632,0.02,-0.1916,17,9,1,1,4
208,2022,22.1384,0.2644,-0.0648,-0.091,18,11,1,1,2
209,2016,18.6814,0.6154,0.0419,-0.2066,18,8,0,1,1
209,2017,21.2164,0.7962,0.1055,0.4253,19,5,0,0,0
209,2018,20.3667,0.7342,0.027,0.0513,20,9,1,0,3
209,2019,20.7227,0.3244,0.0433,0.427,21,7,1,0,1
209,2020,21.9716,0.7846,-0.0631,-0.3142,22,9,1,0,2
209,2021,20.8933,0.3607,0.0554,0.6451,23,10,0,0,3
209,2022,21.0237,0.1073,0.0618,-0.2447,24,9,0,0,1
210,2016,23.4517,0.1631,0.0559,0.3075,16,8,0,0,1
210,2017,21.8534,0.1929,0.0855,0.1229,17,9,0,0,1
210,2018,23.604,0.5454,-0.0214,0.0454,18,8,0,1,4
210,2019,24.4203,0.4169,0.0638,-0.1725,19,6,0,1,9
210,2020,22.669,0.5106,0.0716,-0.0034,20,10,1,1,3
210,2021,24.2866,0.7196,0.0102,0.2625,21,9,0,0,2
210,2022,24.2233,0.4859,-0.0317,0.103,22,11,1,1,3
211,2016,24.483,0.6149,0.0058,0.1553,13,7,1,0,0
211,2017,23.1993,0.6164,-0.0038,0.4745,14,6,0,0,0
211,2018,23.1353,0.7014,0.0108,0.0837,15,10,0,0,0
211,2019,23.2373,0.4566,0.0289,-0.0579,16,8,0,0,0
211,2020,22.202,0.3152,-0.0611,-0.0472,17,9,0,0,0
211,2021,24.4703,0.3019,0.0128,0.1979,18,10,0,0,5
211,2022,25.9782,0.3307,0.0925,1.1494,19,7,0,0,2
212,2016,21.85,0.3507,0.0495,-0.0835,22,8,1,0,1
212,2017,23.7106,0.5917,0.1527,0.2442,23,12,0,0,5
212,2018,23.0923,0.2872,0.0629,-0.1039,24,8,0,1,5
212,2019,22.1476,0.3886,0.0368,0.109,25,12,1,1,6
212,2020,22.8792,0.2783,0.1213,0.0297,26,8,0,1,1
212,2021,26.1772,0.3322,0.0524,0.3606,27,11,1,1,12
212,2022,22.9743,0.6349,0.1083,-0.1822,28,11,0,0,3
213,2016,22.4021,0.671,0.0799,0.1224,22,12,1,0,2
213,2017,23.6499,0.7243,0.0362,0.3039,23,13,1,0,3
213,2018,24.799,0.3278,0.093,0.3525,24,7,0,0,1
213,2019,24.367,0.4386,0.0321,0.0647,25,11,0,1,3
213,2020,25.601,0.6253,0.0327,0.4254,26,7,0,1,6
213,2021,25.2798,0.6334,0.023,-0.0377,27,11,0,1,4
213,2022,25.3417,0.2628,0.0843,0.0735,28,11,0,1,15
214,2016,22.7878,0.3912,0.0836,-0.2924,23,9,0,1,1
214,2017,25.0723,0.6012,0.0163,0.6522,24,9,0,0,1
214,2018,23.7752,0.5916,-0.0102,0.2009,25,7,0,0,3
214,2019,24.0453,0.2219,0.0132,0.4616,26,10,0,1,1
214,2020,25.02,0.6243,0.0207,0.1562,27,8,1,1,3
214,2021,25.6507,0.3013,0.0179,-0.2709,28,9,0,0,1
214,2022,25.5795,0.3782,0.0309,-0.0475,29,11,1,0,6
215,2016,22.6924,0.6601,0.0221,0.6781,18,12,0,1,0
215,2017,22.0918,0.4601,0.1096,-0.0269,19,9,0,0,1
215,2018,23.6453,0.4571,-0.0131,-0.4831,20,10,0,0,2
215,2019,23.0772,0.3603,0.0322,0.7101,21,11,1,0,4
215,2020,23.6209,0.4436,0.1461,0.2346,22,11,0,0,0
215,2021,24.6015,0.4197,0.0031,-0.4721,23,8,0,0,2
215,2022,23.9111,0.5676,-0.0279,-0.308,24,12,0,0,2
216,2016,23.7404,0.712,0.0726,0.5741,11,10,0,0,3
216,2017,23.4157,0.4724,0.0202,0.4525,12,10,0,0,1
216,2018,24.7526,0.5242,0.1255,-0.0203,13,11,0,0,3
216,2019,23.0113,0.4246,0.0978,0.2964,14,8,0,1,7
216,2020,23.9796,0.3274,-0.0397,-0.1705,15,8,0,1,12
216,2021,24.0083,0.471,0.0944,0.0595,16,5,1,1,10
216,2022,24.2172,0.3788,0.0727,-0.1662,17,5,0,1,15
217,2016,20.2666,0.7155,0.0327,0.0347,2,7,0,0,2
217,2017,22.8836,0.2522,0.0211,-0.016,3,11,0,0,3
217,2018,23.6469,0.5342,0.0638,-0.4008,4,10,1,1,5
217,2019,22.6481,0.2377,0.0636,-0.1376,5,7,1,0,4
217,2020,22.9428,0.5548,0.0573,0.495,6,10,1,1,3
217,2021,25.0272,0.3649,0.1593,0.2125,7,6,0,1,9
217,2022,23.872,0.5833,0.0251,0.1783,8,10,0,1,6
218,2016,24.6591,0.3293,0.1558,0.2492,5,6,0,1,4
218,2017,24.9965,0.6726,-0.0265,0.0643,6,5,0,1,1
218,2018,25.017,0.7025,-0.0225,0.3434,7,9,0,0,0
218,2019,25.469,0.5503,0.0263,-0.0031,8,8,0,1,6
218,2020,26.8409,0.4751,0.0945,-0.2071,9,7,0,1,9
218,2021,26.5917,0.3221,0.0306,-0.067,10,9,0,1,14
218,2022,27.8858,0.4184,-0.005,0.2881,11,10,0,1,17
219,2016,23.2388,0.2749,0.0979,-0.1718,7,11,0,0,0
219,2017,24.8833,0.5565,0.0178,-0.0576,8,7,0,0,5
219,2018,23.4164,0.4847,0.0448,0.1666,9,8,1,1,1
219,2019,23.7852,0.2906,0.0522,0.4669,10,9,0,0,3
219,2020,24.6107,0.3273,0.0817,-0.0568,11,10,0,0,1
219,2021,24.7255,0.3172,0.1053,-0.3695,12,8,0,0,5
219,2022,24.9275,0.4564,0.0126,-0.0747,13,8,0,1,1
220,2016,21.8374,0.1519,0.0879,0.151,6,6,0,1,2
220,2017,22.565,0.465,0.0474,-0.2076,7,10,0,0,2
220,2018,23.8168,0.451,0.0698,0.7088,8,10,0,0,5
220,2019,24.1758,0.5589,0.1345,0.4207,9,9,0,0,1
220,2020,24.6192,0.489,-0.041,0.6263,10,10,0,0,3
220,2021,25.3034,0.3509,0.1176,0.0359,11,7,0,1,4
220,2022,24.9689,0.5937,0.0049,-0.1307,12,11,1,0,9
221,2016,20.7021,0.4008,0.1171,-0.139,5,7,0,0,8
221,2017,19.6417,0.7561,0.0645,0.1005,6,11,0,1,0
221,2018,19.605,0.5691,0.0304,0.0511,7,6,0,0,2
221,2019,19.2614,0.1205,0.0233,-0.2024,8,11,1,1,7
221,2020,19.9988,0.3289,0.1247,-0.1047,9,9,0,1,4
221,2021,21.2399,0.6084,0.0933,0.0383,10,5,0,1,8
221,2022,21.6092,0.1656,0.0211,0.5283,11,9,0,0,5
222,2016,19.7032,0.0688,-0.015,-0.0526,22,11,1,0,3
222,2017,21.3758,0.6492,0.0718,0.3069,23,12,0,1,2
222,2018,19.6729,0.05,0.0125,0.2884,24,11,0,0,4
222,2019,20.0749,0.1754,0.0435,0.1143,25,13,0,0,6
222,2020,20.427,0.409,0.105,0.0827,26,7,0,0,4
222,2021,22.7649,0.7592,0.0857,-0.4031,27,8,0,1,9
222,2022,23.1412,0.3508,0.091,0.5001,28,9,0,0,13
223,2016,22.4511,0.5184,0.0468,0.1034,17,7,1,0,0
223,2017,22.3563,0.5462,0.0499,0.1076,18,10,1,1,2
223,2018,23.5659,0.6263,0.0779,0.5315,19,9,1,1,2
223,2019,22.7127,0.462,0.0536,0.6973,20,10,0,1,2
223,2020,24.4191,0.4337,0.0282,0.5827,21,11,0,0,3
223,2021,24.4974,0.95,0.0326,-0.1386,22,6,0,1,5
223,2022,23.0727,0.25,0.019,-0.1763,23,9,0,0,1
224,2016,23.3695,0.6319,0.0764,0.5368,7,10,0,0,2
224,2017,23.5064,0.3371,0.0694,0.1339,8,8,1,0,4
224,2018,24.5406,0.6098,0.0941,0.3482,9,7,0,0,1
224,2019,23.1863,0.05,-0.0252,0.3468,10,8,1,0,1
224,2020,23.1567,0.6097,0.1681,-0.1239,11,7,0,0,1
224,2021,24.6402,0.7775,0.1434,-0.3905,12,10,0,0,3
224,2022,24.4498,0.4475,-0.0127,0.1042,13,8,1,1,6
225,2016,19.7853,0.2973,0.0525,0.1077,22,9,0,0,3
225,2017,20.1889,0.4821,0.0367,0.0526,23,9,0,1,2
225,2018,21.3258,0.0879,0.0747,0.0577,24,9,0,0,8
225,2019,20.4887,0.2048,0.1025,0.6022,25,10,0,1,7
225,2020,21.2511,0.4933,0.0918,-0.1305,26,7,0,0,11
225,2021,19.4862,0.5148,0.0377,0.1907,27,10,1,1,8
225,2022,22.3733,0.4765,0.0865,0.2449,28,12,0,1,17
226,2016,24.2846,0.518,0.1434,0.3311,20,13,1,1,3
226,2017,25.5388,0.6096,0.0509,-0.0735,21,9,0,0,2
226,2018,25.2307,0.4278,0.0661,0.0215,22,11,0,0,0
226,2019,24.6191,0.682,-0.0636,-0.105,23,10,0,1,1
226,2020,25.1859,0.3337,0.0358,-0.0379,24,9,0,1,1
226,2021,26.381,0.3683,0.0038,0.246,25,6,0,0,1
226,2022,27.0605,0.0665,-0.0478,0.2512,26,9,0,0,7
227,2016,21.3472,0.1969,0.0144,-0.0824,15,10,0,0,1
227,2017,21.8118,0.4935,0.029,-0.2413,16,12,1,0,0
227,2018,21.8742,0.7663,0.1657,0.3171,17,8,0,0,0
227,2019,21.9951,0.2414,0.0631,0.0835,18,11,0,1,2
227,2020,24.3483,0.4197,0.0781,0.1713,19,8,1,1,4
227,2021,25.1896,0.4615,0.1315,0.1718,20,11,1,1,5
227,2022,23.575,0.2685,0.0743,-0.0296,21,11,0,0,4
228,2016,22.4269,0.2874,0.1252,0.1753,21,11,1,0,2
228,2017,23.4591,0.5255,0.0504,0.0996,22,8,1,0,0
228,2018,22.9984,0.6741,0.0091,0.275,23,9,0,0,1
228,2019,22.137,0.526,-0.0335,0.0426,24,11,0,1,5
228,2020,22.5621,0.683,0.0848,0.5326,25,10,0,1,7
228,2021,23.8498,0.5449,0.1169,-0.023,26,10,0,1,2
228,2022,24.1376,0.6638,-0.0558,0.4184,27,11,0,1,5
229,2016,22.1468,0.2922,0.0386,-0.1443,14,8,1,1,4
229,2017,23.8445,0.4594,0.0998,-0.3945,15,11,1,0,4
229,2018,23.346,0.408,0.0304,0.2027,16,5,0,1,6
229,2019,23.1995,0.3535,-0.0378,-0.0027,17,9,1,0,4
229,2020,22.3207,0.576,-0.0392,-0.2114,18,10,1,1,3
229,2021,25.1671,0.2403,0.04,-0.3058,19,11,0,1,15
229,2022,24.4127,0.2677,0.1045,-0.1921,20,9,1,1,4
230,2016,24.168,0.2773,-0.0333,0.0819,10,12,0,0,2
230,2017,24.2546,0.7183,0.0403,-0.1546,11,7,0,0,2
230,2018,22.0876,0.7028,-0.011,0.1147,12,10,1,0,0
230,2019,26.1527,0.1229,0.1153,0.3959,13,10,0,1,6
230,2020,24.8772,0.2838,-0.0468,-0.0456,14,9,0,0,0
230,2021,25.3295,0.3318,0.0884,-0.0294,15,7,0,0,3
230,2022,24.4663,0.3871,-0.0054,0.481,16,8,1,0,1
231,2016,19.7883,0.4673,0.0463,0.4073,5,7,0,1,2
231,2017,21.421,0.5422,0.0922,0.5255,6,9,0,0,2
231,2018,20.8063,0.5548,0.093,-0.5144,7,10,0,1,3
231,2019,21.5788,0.3169,0.0548,0.189,8,11,0,0,2
231,2020,22.3521,0.5162,0.0836,0.0342,9,10,0,0,2
231,2021,24.4366,0.5408,0.1165,-0.4089,10,10,0,1,10
231,2022,23.9102,0.5339,0.1409,-0.2677,11,9,0,0,7
232,2016,23.8215,0.05,0.0606,-0.0349,4,8,0,0,1
232,2017,23.0918,0.5021,0.058,-0.2782,5,8,0,0,4
232,2018,23.5872,0.3338,0.011,-0.205,6,10,0,0,0
232,2019,21.6538,0.6058,-0.0229,0.169,7,8,1,1,0
232,2020,24.2668,0.4845,-0.0116,0.5528,8,8,0,1,1
232,2021,24.9794,0.4298,0.138,0.0729,9,10,0,0,5
232,2022,24.2883,0.4865,0.078,-0.0768,10,8,0,1,1
233,2016,19.4615,0.3418,0.002,0.1223,7,8,1,1,1
233,2017,20.9625,0.6324,0.0166,-0.274,8,9,0,1,2
233,2018,22.3669,0.296,0.0788,-0.2281,9,9,0,0,2
233,2019,21.2864,0.3935,-0.0185,-0.1603,10,11,0,1,6
233,2020,20.9126,0.3197,0.091,0.1973,11,9,1,1,6
233,2021,21.2283,0.3559,0.0637,0.2947,12,7,0,1,4
233,2022,22.7301,0.4726,0.0331,-0.1946,13,8,1,1,13
234,2016,21.3698,0.3436,0.0387,0.1477,11,8,1,1,2
234,2017,23.3421,0.1171,0.059,-0.0022,12,10,0,0,5
234,2018,23.2476,0.3796,0.1559,0.2616,13,7,0,1,4
234,2019,23.0914,0.7052,0.0238,0.2457,14,7,0,0,5
234,2020,23.189,0.335,-0.054,-0.1319,15,6,1,1,4
234,2021,24.8275,0.5592,0.0047,-0.2693,16,9,1,0,6
234,2022,24.7867,0.2755,-0.0694,0.4735,17,7,0,1,6
235,2016,22.9048,0.7037,0.0233,-0.3852,16,11,1,0,3
235,2017,21.6681,0.38,-0.0342,0.0566,17,10,0,0,1
235,2018,21.6448,0.4674,0.0414,0.2155,18,10,1,1,2
235,2019,23.1878,0.3793,0.0819,0.3836,19,8,0,0,1
235,2020,22.0716,0.6561,0.1213,0.4478,20,7,0,0,3
235,2021,22.3803,0.5077,0.0561,-0.0783,21,10,0,0,1
235,2022,24.156,0.464,0.0643,-0.1803,22,9,0,1,1
236,2016,22.9517,0.4735,-0.0472,-0.0396,12,9,0,0,1
236,2017,20.8132,0.2244,0.0523,-0.0883,13,8,0,1,1
236,2018,24.5601,0.4503,0.132,-0.0558,14,9,1,0,2
236,2019,24.0257,0.4369,0.0126,0.0133,15,11,0,1,6
236,2020,23.835,0.3603,0.0887,-0.0408,16,8,0,1,2
236,2021,24.063,0.1636,0.0511,0.2405,17,6,1,1,5
236,2022,24.244,0.4727,0.0064,-0.1034,18,11,0,0,3
237,2016,25.2533,0.2945,-0.0114,0.1602,16,11,1,0,1
237,2017,23.9671,0.5907,0.0685,-0.1798,17,8,1,1,2
237,2018,24.8062,0.05,0.0255,0.3769,18,9,0,0,1
237,2019,26.542,0.641,0.104,0.1334,19,8,0,0,8
237,2020,26.8677,0.6484,0.0615,-0.1399,20,12,0,1,2
237,2021,26.4692,0.2627,0.0657,0.2837,21,10,0,1,9
237,2022,25.3805,0.4229,0.0945,0.1422,22,5,0,1,3
238,2016,19.4556,0.119,0.0272,-0.1141,2,7,0,0,3
238,2017,22.0473,0.4095,0.0857,0.045,3,8,0,0,2
238,2018,22.4544,0.462,0.0619,-0.0115,4,9,0,0,7
238,2019,20.5859,0.3453,-0.0427,-0.296,5,10,0,0,1
238,2020,22.6006,0.3901,0.147,0.1288,6,13,1,0,8
238,2021,21.3444,0.0876,0.0871,0.2286,7,9,0,0,5
238,2022,21.9427,0.3872,0.0541,-0.3653,8,11,1,1,4
239,2016,21.6911,0.6107,0.068,0.2152,4,10,0,0,0
239,2017,22.9137,0.6908,0.087,0.2295,5,10,0,0,0
239,2018,22.4692,0.2152,-0.0445,0.334,6,12,0,0,0
239,2019,23.1985,0.4929,0.0845,-0.0402,7,11,0,0,3
239,2020,22.8199,0.6734,0.0247,0.0079,8,9,1,0,4
239,2021,24.8118,0.4877,0.0116,0.1978,9,12,1,0,7
239,2022,24.9095,0.6263,0.0184,-0.2211,10,9,0,0,1
240,2016,19.5836,0.4941,0.1073,0.3674,7,10,1,1,3
240,2017,20.0184,0.6274,-0.0508,0.0931,8,9,0,0,2
240,2018,18.7132,0.3574,0.0918,0.1791,9,7,0,0,2
240,2019,20.3041,0.4922,0.0764,0.2692,10,10,1,1,4
240,2020,19.1253,0.6499,0.0927,-0.205,11,9,0,0,4
240,2021,20.1958,0.4213,0.1657,0.2433,12,11,1,0,2
240,2022,19.7915,0.6909,0.0456,0.1013,13,9,0,0,2
241,2016,21.4543,0.5561,0.0595,0.3518,3,9,1,0,0
241,2017,22.8684,0.9133,0.049,-0.5066,4,7,1,0,1
241,2018,22.3163,0.4262,0.0146,0.3609,5,6,1,0,1
241,2019,22.6358,0.2969,0.0553,0.059,6,9,0,0,1
241,2020,22.937,0.4802,0.0079,0.2369,7,9,0,0,3
241,2021,23.342,0.2981,-0.0263,-0.271,8,8,0,1,2
241,2022,23.0309,0.3042,0.0788,0.2683,9,11,1,0,4
242,2016,20.4957,0.5596,0.0233,-0.3115,11,9,0,0,0
242,2017,21.4881,0.4155,0.137,0.327,12,8,0,1,3
242,2018,22.9246,0.7401,0.0901,0.1365,13,7,1,1,0
242,2019,21.0498,0.451,0.0274,-0.2148,14,8,0,1,4
242,2020,22.8435,0.2945,-0.0154,-0.1218,15,9,1,0,0
242,2021,22.6856,0.2852,-0.0709,0.2193,16,8,0,0,3
242,2022,25.45,0.5451,0.0671,-0.2284,17,11,0,1,3
243,2016,24.1645,0.7298,0.1093,0.3126,14,9,0,0,2
243,2017,25.5327,0.6238,0.0621,-0.0457,15,8,0,1,0
243,2018,25.5091,0.2252,0.1015,0.1545,16,10,1,1,4
243,2019,26.94,0.2934,0.0011,0.134,17,5,0,1,4
243,2020,25.6465,0.5013,0.0397,-0.4705,18,11,0,1,3
243,2021,24.6834,0.1316,0.0265,-0.1305,19,11,0,0,7
243,2022,26.3236,0.4693,0.0596,-0.056,20,8,0,1,6
244,2016,22.8526,0.5792,0.1095,-0.0621,7,12,1,0,1
244,2017,22.9645,0.1318,0.0184,0.3401,8,9,1,0,7
244,2018,23.0757,0.5668,0.0222,0.02,9,8,1,0,1
244,2019,24.2151,0.6914,0.1064,0.149,10,11,0,1,8
244,2020,22.1402,0.4313,0.0709,-0.1827,11,9,1,1,10
244,2021,24.1775,0.2966,0.0138,-0.1106,12,5,1,1,7
244,2022,23.2196,0.5088,0.056,-0.1556,13,11,0,1,2
245,2016,23.4714,0.4819,-0.0097,0.067,10,9,0,1,6
245,2017,22.4159,0.6813,0.0564,0.1984,11,9,0,1,2
245,2018,25.7152,0.5163,0.0649,-0.1278,12,12,0,1,11
245,2019,24.5727,0.5973,-0.0122,-0.0935,13,8,0,1,9
245,2020,25.3265,0.6643,0.1466,0.1135,14,8,0,1,14
245,2021,24.4605,0.36,-0.0656,-0.1998,15,10,1,1,7
245,2022,24.7467,0.223,0.0371,0.271,16,7,1,1,17
246,2016,21.3619,0.1818,0.0246,-0.2718,16,6,0,0,4
246,2017,22.898,0.5229,0.0079,0.0555,17,11,0,0,4
246,2018,23.7115,0.3744,0.0726,-0.1521,18,10,0,0,2
246,2019,21.5752,0.5101,0.0641,0.4238,19,10,0,0,2
246,2020,23.4274,0.6078,0.0528,-0.3905,20,9,1,1,4
246,2021,24.2267,0.3884,0.0229,0.1957,21,12,1,1,12
246,2022,22.805,0.5591,0.0507,0.5051,22,6,0,1,7
247,2016,23.1177,0.337,-0.0257,0.0369,22,8,0,1,1
247,2017,24.0848,0.3694,0.0501,0.2517,23,7,0,1,2
247,2018,22.9571,0.3556,0.0426,-0.1172,24,10,0,1,2
247,2019,21.9631,0.3642,0.0625,-0.0224,25,8,0,1,3
247,2020,23.2624,0.6486,-0.0131,-0.0897,26,9,0,1,1
247,2021,22.5833,0.341,-0.0146,-0.0129,27,7,1,0,1
247,2022,23.8627,0.4553,-0.0276,0.0225,28,9,0,0,3
248,2016,22.8095,0.452,0.0073,-0.0766,19,7,1,0,1
248,2017,23.204,0.6844,0.0523,0.1761,20,8,0,0,0
248,2018,21.9293,0.5674,0.0731,0.1912,21,11,1,0,0
248,2019,23.6789,0.7121,0.0947,0.0913,22,9,0,0,1
248,2020,23.7207,0.6745,0.0627,-0.5935,23,8,1,0,2
248,2021,22.9253,0.3989,0.0133,-0.0661,24,8,1,0,5
248,2022,24.3525,0.6351,0.0369,0.6243,25,11,0,1,2
249,2016,19.4833,0.3923,0.0471,0.3457,23,8,0,0,2
249,2017,19.9548,0.4334,0.093,0.0826,24,10,0,0,0
249,2018,19.7579,0.6477,0.0485,-0.019,25,9,0,1,2
249,2019,20.4931,0.2989,0.1591,-0.1183,26,10,0,1,3
249,2020,21.3207,0.4416,0.1328,0.132,27,7,0,0,5
249,2021,21.9487,0.498,0.0655,0.0278,28,11,0,1,6
249,2022,21.3018,0.3026,0.0806,-0.1948,29,6,0,0,4
250,2016,19.9165,0.1572,-0.0077,0.3101,2,5,0,0,2
250,2017,22.7244,0.6193,0.1584,0.0652,3,10,0,0,4
250,2018,22.1197,0.6273,-0.0462,0.4448,4,11,0,0,1
250,2019,22.792,0.4866,0.0285,-0.1004,5,8,1,1,2
250,2020,22.4641,0.3983,0.0968,-0.2117,6,11,0,1,3
250,2021,22.3504,0.7816,-0.0171,-0.086,7,8,1,1,5
250,2022,23.4457,0.05,0.0349,0.0367,8,10,1,0,10
251,2016,20.8151,0.4619,0.047,0.0542,2,7,0,0,0
251,2017,21.1891,0.2226,0.0226,-0.0433,3,8,0,0,1
251,2018,21.6096,0.1864,-0.0326,-0.0665,4,8,0,0,1
251,2019,22.5569,0.7156,0.0747,-0.0242,5,10,0,1,4
251,2020,23.8935,0.2466,0.065,0.2153,6,9,0,1,8
251,2021,22.5392,0.3808,0.0914,0.1152,7,10,0,0,9
251,2022,25.1391,0.6843,0.1471,0.1507,8,5,1,1,4
252,2016,20.8319,0.4933,0.0474,0.3113,19,8,0,0,3
252,2017,18.9866,0.5755,-0.008,0.2363,20,9,0,1,1
252,2018,20.7543,0.4024,-0.0173,-0.2014,21,10,0,0,2
252,2019,22.6043,0.2673,0.0614,0.1275,22,10,1,1,15
252,2020,20.8625,0.5226,0.1082,0.1401,23,7,1,0,6
252,2021,22.9899,0.3343,0.0461,0.0016,24,10,1,1,8
252,2022,22.1549,0.084,0.0761,0.1905,25,10,0,0,6
253,2016,18.4738,0.1088,0.1647,-0.0226,18,9,0,0,1
253,2017,18.1315,0.1223,0.0206,-0.0748,19,8,0,1,1
253,2018,19.1889,0.4426,-0.0071,0.5811,20,10,0,0,1
253,2019,20.9381,0.577,-0.0059,0.25,21,9,1,0,4
253,2020,22.6382,0.2119,0.0559,-0.0037,22,9,0,0,2
253,2021,20.7615,0.5094,0.0325,0.3712,23,8,0,1,0
253,2022,20.1249,0.2994,-0.0572,0.4036,24,13,0,0,4
254,2016,22.1338,0.3946,0.1507,0.1973,9,10,0,0,2
254,2017,21.7485,0.8678,0.0546,0.1297,10,9,1,0,2
254,2018,23.0202,0.362,0.1132,0.3392,11,9,0,1,2
254,2019,23.0263,0.3257,-0.0146,0.1634,12,6,0,1,3
254,2020,24.9336,0.2275,0.0511,0.0183,13,10,0,0,11
254,2021,24.488,0.5812,-0.0482,0.2547,14,9,1,1,5
254,2022,24.3687,0.304,-0.0367,0.2564,15,10,0,1,4
255,2016,19.4414,0.3562,0.0331,0.4836,7,12,0,0,1
255,2017,20.9824,0.4121,0.0889,0.0007,8,8,0,0,3
255,2018,19.6868,0.4605,0.0791,0.323,9,11,0,0,1
255,2019,21.3091,0.7959,0.0028,0.0954,10,10,0,1,5
255,2020,20.5479,0.1649,0.0323,-0.3139,11,11,0,1,3
255,2021,22.2001,0.4928,0.0657,0.282,12,10,1,0,5
255,2022,21.5674,0.8294,0.1862,0.2775,13,9,1,1,2
256,2016,21.5231,0.5368,0.0648,-0.0502,4,7,0,0,0
256,2017,23.8929,0.5558,0.0328,0.1764,5,10,0,0,0
256,2018,23.31,0.6289,0.0892,-0.1717,6,10,0,1,2
256,2019,21.8883,0.5343,0.0064,0.0875,7,8,1,0,3
256,2020,23.8771,0.4225,0.1479,-0.3342,8,7,0,0,5
256,2021,22.9084,0.3673,0.0391,0.0546,9,8,0,0,0
256,2022,25.8709,0.6361,0.1119,0.444,10,13,0,0,1
257,2016,20.925,0.4403,0.1084,-0.1337,19,5,0,0,1
257,2017,19.7369,0.3661,0.0298,0.0693,20,6,0,0,0
257,2018,20.4763,0.231,0.0053,0.0252,21,9,1,0,5
257,2019,20.5243,0.05,0.04,0.2789,22,5,1,0,1
257,2020,20.9172,0.635,0.0188,-0.1039,23,8,0,1,4
257,2021,21.744,0.2603,0.0519,0.2599,24,12,0,0,2
257,2022,23.3945,0.6181,0.1404,-0.2461,25,5,0,1,6
258,2016,22.7125,0.384,-0.0499,-0.3651,11,9,0,0,2
258,2017,19.6427,0.3217,-0.0379,0.3739,12,10,1,0,2
258,2018,23.0002,0.3844,0.0484,-0.3834,13,8,0,0,7
258,2019,22.1018,0.2258,0.0844,0.2558,14,9,0,0,3
258,2020,23.8384,0.6349,0.0224,0.0644,15,9,1,1,3
258,2021,23.0781,0.2764,0.0935,0.3724,16,9,0,1,3
258,2022,21.8209,0.2739,0.0633,0.3396,17,9,0,1,2
259,2016,20.8562,0.252,0.0967,0.6009,14,9,0,1,2
259,2017,20.4271,0.6655,0.0167,0.0418,15,5,1,1,1
259,2018,21.2283,0.6702,0.0834,-0.1072,16,7,0,0,3
259,2019,21.6257,0.0907,0.0757,-0.0064,17,10,1,1,4
259,2020,21.6145,0.4358,0.104,0.0099,18,9,0,1,4
259,2021,23.2631,0.4033,0.0975,0.2739,19,9,0,0,9
259,2022,23.1099,0.363,-0.0058,-0.0008,20,8,1,0,9
260,2016,19.6846,0.4417,-0.0145,0.4408,20,12,1,1,0
260,2017,20.213,0.5354,0.0292,0.3766,21,9,0,0,0
260,2018,18.8189,0.6398,0.03,0.5544,22,9,0,0,1
260,2019,20.8867,0.3207,0.0951,-0.0242,23,9,0,1,3
260,2020,20.1043,0.3957,0.1244,-0.02,24,8,0,1,2
260,2021,22.1089,0.6641,0.1813,0.2199,25,6,0,0,8
260,2022,22.4887,0.6008,0.0666,-0.2986,26,8,0,0,2
261,2016,24.6557,0.6482,0.0228,0.3012,21,8,1,0,0
261,2017,24.421,0.4742,0.0309,0.1013,22,10,0,0,1
261,2018,25.0709,0.2141,0.0058,-0.2591,23,9,0,0,0
261,2019,25.9745,0.3091,0.0568,0.2318,24,7,0,1,1
261,2020,26.5853,0.4505,0.0864,0.1664,25,9,1,0,2
261,2021,26.2952,0.4963,0.0835,0.4714,26,9,0,0,1
261,2022,26.8322,0.3592,0.0528,0.1551,27,8,1,0,2
262,2016,22.6456,0.7426,0.0019,-0.3405,7,9,1,0,3
262,2017,21.88,0.5489,0.0149,-0.229,8,5,0,1,4
262,2018,21.4946,0.5522,0.0455,-0.1737,9,11,0,1,4
262,2019,22.8285,0.5483,-0.0123,0.2563,10,10,0,1,7
262,2020,23.4017,0.5383,-0.0638,0.2316,11,9,0,1,11
262,2021,23.6673,0.4224,-0.0617,0.3813,12,7,1,1,12
262,2022,25.4133,0.5731,0.074,-0.0642,13,8,1,1,20
263,2016,19.983,0.1705,0.0108,0.3172,15,11,0,0,1
263,2017,21.0598,0.4945,0.0958,-0.1373,16,8,1,0,0
263,2018,22.6226,0.3405,0.1273,0.2577,17,8,0,0,2
263,2019,19.8924,0.1768,0.0081,-0.0834,18,8,0,0,0
263,2020,21.3929,0.1964,0.0594,0.0651,19,10,1,1,3
263,2021,21.9817,0.3232,0.0297,-0.2023,20,11,0,0,3
263,2022,22.9364,0.5771,0.0935,-0.2944,21,8,1,1,0
264,2016,22.0182,0.2933,0.1332,0.3335,18,9,0,1,2
264,2017,20.9923,0.5283,0.1154,0.2444,19,11,0,0,0
264,2018,23.7327,0.7636,0.0997,0.2807,20,8,0,0,3
264,2019,21.8445,0.3827,0.0638,-0.0037,21,11,0,1,0
264,2020,22.763,0.3445,0.0996,0.2204,22,9,0,0,6
264,2021,22.0017,0.5442,0.0709,0.5263,23,11,1,1,4
264,2022,24.5426,0.5311,0.0778,-0.1057,24,8,0,0,3
265,2016,23.3233,0.6768,0.0806,0.4375,21,8,0,0,0
265,2017,21.2377,0.5107,0.0185,-0.5951,22,10,0,0,4
265,2018,23.3372,0.1696,0.0984,0.1768,23,6,1,1,1
265,2019,23.2236,0.436,-0.0348,0.0549,24,8,0,1,2
265,2020,23.8602,0.4674,-0.0353,0.3186,25,7,0,0,2
265,2021,26.0372,0.5973,0.1317,-0.0626,26,6,0,1,11
265,2022,23.7808,0.6582,-0.0197,0.0544,27,10,0,1,1
266,2016,22.1728,0.05,0.0494,-0.2022,5,10,0,0,1
266,2017,21.9044,0.2646,0.0796,0.4722,6,8,0,0,3
266,2018,22.7607,0.1628,0.1124,-0.1887,7,11,0,1,6
266,2019,21.0367,0.3103,0.1255,0.076,8,7,1,1,2
266,2020,22.7031,0.4635,0.0445,0.1959,9,8,1,1,5
266,2021,23.862,0.5904,0.0317,-0.1747,10,6,0,1,7
266,2022,24.2146,0.937,0.1121,0.5765,11,8,0,1,5
267,2016,21.663,0.4726,-0.0266,0.3919,22,10,0,1,2
267,2017,23.9656,0.3836,0.0957,0.1599,23,9,0,0,2
267,2018,23.3469,0.2135,0.004,-0.1943,24,8,1,0,2
267,2019,23.2256,0.7476,-0.0098,-0.2492,25,8,0,0,5
267,2020,23.8771,0.664,0.0581,-0.0068,26,7,0,0,1
267,2021,22.7737,0.2965,0.0784,0.2761,27,9,0,0,3
267,2022,23.9651,0.3574,0.078,0.28,28,10,0,0,4
268,2016,23.9869,0.8925,0.0505,0.0169,4,12,0,0,2
268,2017,22.8317,0.1337,0.0555,0.4302,5,6,0,1,1
268,2018,25.1347,0.5555,-0.0064,0.2586,6,10,0,1,3
268,2019,23.3244,0.3116,-0.0307,-0.4644,7,8,1,0,5
268,2020,23.6914,0.4476,-0.0826,-0.2761,8,12,1,1,0
268,2021,23.6993,0.5722,0.1327,0.7387,9,10,0,1,2
268,2022,25.974,0.3739,0.0634,0.3052,10,8,0,0,9
269,2016,23.1814,0.2922,0.1283,0.6414,16,9,0,0,2
269,2017,24.0685,0.6493,0.0499,0.6682,17,9,1,1,0
269,2018,22.984,0.7062,0.0317,0.5939,18,7,1,0,1
269,2019,22.5284,0.428,0.0334,0.1901,19,8,0,1,2
269,2020,23.8457,0.6147,0.0314,0.084,20,11,0,0,0
269,2021,25.6808,0.5988,0.043,0.8977,21,8,0,0,3
269,2022,24.8018,0.4117,0.0099,-0.1149,22,13,0,1,2
270,2016,23.2648,0.6164,0.0227,0.0908,21,11,0,1,3
270,2017,22.6017,0.717,-0.0012,0.5472,22,9,0,1,1
270,2018,23.532,0.3553,0.0022,0.0606,23,13,0,1,1
270,2019,23.1601,0.3956,0.0404,0.0753,24,9,0,0,4
270,2020,23.0434,0.1196,0.0713,0.18,25,11,1,1,8
270,2021,24.0902,0.2877,0.176,0.2053,26,10,0,1,10
270,2022,25.6198,0.4223,0.0211,0.3355,27,10,1,1,15
271,2016,22.0526,0.3686,-0.0385,0.1255,2,7,0,0,2
271,2017,23.2707,0.4324,0.0279,0.1966,3,6,0,0,0
271,2018,22.8443,0.2582,0.029,-0.2229,4,8,0,1,0
271,2019,23.8493,0.645,0.0291,0.3225,5,10,1,0,2
271,2020,23.7525,0.4203,0.0391,0.0979,6,8,0,0,1
271,2021,25.3519,0.577,-0.0571,-0.0494,7,12,1,1,1
271,2022,22.6577,0.4838,0.001,-0.1586,8,11,0,0,1
272,2016,23.315,0.7467,0.0815,0.3713,19,14,0,0,2
272,2017,23.5289,0.8546,0.0632,0.1559,20,7,1,0,6
272,2018,24.0254,0.8719,0.0189,0.0915,21,5,0,1,3
272,2019,24.2135,0.6256,-0.021,0.4331,22,6,1,1,3
272,2020,24.4732,0.3637,0.0105,0.4287,23,7,0,1,5
272,2021,25.0986,0.6373,0.2045,0.1719,24,7,0,1,8
272,2022,25.7705,0.3107,0.0685,0.5693,25,6,0,1,4
273,2016,22.1845,0.2848,-0.0347,0.5814,22,11,0,0,1
273,2017,23.0597,0.4749,0.1182,-0.2109,23,8,1,1,5
273,2018,22.1279,0.3215,-0.0527,0.1191,24,5,0,0,5
273,2019,22.9306,0.2393,0.0359,0.2815,25,12,0,1,2
273,2020,22.126,0.6072,0.0368,0.3467,26,8,1,1,2
273,2021,21.7936,0.3865,-0.0318,-0.3213,27,7,0,1,4
273,2022,23.0947,0.5601,-0.0195,0.5118,28,11,0,1,3
274,2016,21.0977,0.3993,-0.1236,0.2336,13,9,0,0,0
274,2017,22.2062,0.6149,0.0563,0.111,14,10,0,0,0
274,2018,23.2291,0.379,0.1357,-0.3689,15,8,1,0,1
274,2019,23.679,0.6244,0.0387,0.0319,16,9,0,1,2
274,2020,24.8265,0.2965,0.0403,0.2875,17,7,0,0,5
274,2021,24.0185,0.4783,0.1138,0.7872,18,8,0,1,1
274,2022,25.0477,0.2838,0.103,-0.2259,19,8,0,1,1
275,2016,23.9158,0.6337,0.0521,0.409,15,7,0,0,3
275,2017,23.6799,0.3959,0.0903,0.4489,16,7,0,0,1
275,2018,22.296,0.662,0.0036,-0.0419,17,6,0,0,0
275,2019,23.4436,0.2903,0.0991,-0.44,18,9,0,0,1
275,2020,23.7025,0.4738,0.0864,0.2527,19,8,0,1,0
275,2021,22.7516,0.4163,0.0362,0.038,20,9,1,1,1
275,2022,24.5842,0.4475,-0.0154,0.1727,21,13,1,1,3
276,2016,24.1218,0.1938,0.0203,-0.0468,13,8,0,0,2
276,2017,24.9807,0.6665,-0.0555,-0.0822,14,8,1,0,0
276,2018,23.9751,0.5377,0.043,0.0673,15,9,0,1,0
276,2019,25.3566,0.4657,0.0268,0.3672,16,11,1,0,7
276,2020,24.22,0.21,-0.0587,-0.4098,17,8,0,0,6
276,2021,27.2879,0.3256,0.0729,0.4452,18,9,0,1,10
276,2022,26.6019,0.2704,0.0082,0.3021,19,8,0,1,10
277,2016,22.656,0.5977,0.0854,0.2064,9,8,1,0,3
277,2017,25.0665,0.7497,0.0475,-0.0931,10,10,0,0,2
277,2018,21.4528,0.29,0.0063,-0.1253,11,10,0,0,1
277,2019,24.2482,0.627,-0.0153,0.0141,12,7,0,1,6
277,2020,24.2048,0.5411,0.0079,-0.5198,13,8,0,0,2
277,2021,25.1634,0.7546,-0.0303,-0.0347,14,9,0,1,7
277,2022,24.0765,0.4635,-0.0061,-0.1404,15,9,0,0,5
278,2016,20.2631,0.4812,0.0682,0.1093,10,10,0,0,0
278,2017,20.619,0.7949,0.2166,0.1717,11,5,0,0,0
278,2018,21.2033,0.7097,0.0067,-0.1533,12,11,0,1,0
278,2019,21.889,0.2785,0.0426,0.4834,13,5,0,0,3
278,2020,21.3015,0.05,0.0598,0.0954,14,10,1,0,3
278,2021,22.1567,0.4465,0.0865,0.0533,15,11,0,0,4
278,2022,22.4677,0.4328,0.0713,-0.6,16,8,0,1,2
279,2016,22.4197,0.7249,0.0669,0.5654,7,9,1,0,1
279,2017,20.6767,0.2565,0.0184,-0.074,8,7,0,0,1
279,2018,23.4773,0.5113,0.054,-0.0151,9,11,0,0,1
279,2019,21.6323,0.2284,0.0355,-0.1637,10,6,0,0,0
279,2020,22.2367,0.385,0.0646,-0.2944,11,10,0,0,0
279,2021,23.2843,0.4497,0.0572,0.325,12,9,0,0,1
279,2022,24.5093,0.3458,0.0167,0.2675,13,11,0,0,3
280,2016,22.1088,0.4508,0.1075,-0.0956,23,10,0,0,2
280,2017,21.3045,0.297,-0.0462,0.1845,24,12,0,0,1
280,2018,23.421,0.5716,0.0729,0.1845,25,6,0,1,9
280,2019,21.2434,0.3526,0.0068,-0.0884,26,6,0,1,2
280,2020,23.6955,0.5045,0.0586,0.6734,27,10,0,1,3
280,2021,24.5107,0.6757,0.037,0.1091,28,9,0,1,5
280,2022,23.7472,0.4539,-0.041,-0.1679,29,9,0,1,4
281,2016,23.3556,0.4739,0.1196,-0.2784,6,8,1,1,5
281,2017,23.2264,0.4065,0.0396,0.1526,7,9,0,0,3
281,2018,21.422,0.0969,0.0647,0.361,8,12,0,0,2
281,2019,24.074,0.2919,0.0031,0.4046,9,9,1,1,2
281,2020,24.5226,0.7665,0.0995,0.0348,10,8,0,1,4
281,2021,24.4398,0.61,0.0059,0.2493,11,6,0,0,2
281,2022,24.6889,0.3233,0.0539,0.4897,12,8,0,1,8
282,2016,24.486,0.4093,0.1127,0.3716,10,9,0,1,3
282,2017,23.6027,0.3779,0.0647,0.0157,11,9,0,0,2
282,2018,24.6607,0.2241,0.0712,0.1138,12,9,1,0,4
282,2019,25.1506,0.2934,-0.0345,0.2504,13,9,1,1,2
282,2020,24.3443,0.3818,0.0954,0.7956,14,11,1,1,4
282,2021,25.2466,0.6346,0.0739,-0.2084,15,9,0,1,1
282,2022,25.1082,0.5148,0.0406,0.5616,16,5,0,0,3
283,2016,21.9228,0.3837,0.0375,0.3329,9,10,0,1,0
283,2017,24.1017,0.8787,0.086,0.3118,10,10,0,1,7
283,2018,23.4279,0.187,0.087,-0.1216,11,8,0,0,4
283,2019,24.4635,0.1796,0.0296,0.534,12,9,0,1,5
283,2020,23.6695,0.3752,-0.0302,0.0916,13,11,1,0,7
283,2021,25.3511,0.5858,0.0851,0.3022,14,9,1,0,5
283,2022,23.602,0.2972,0.0317,-0.088,15,10,0,1,2
284,2016,23.8353,0.5817,0.0355,-0.1335,10,11,1,0,2
284,2017,23.4382,0.2684,0.0586,-0.1129,11,9,1,1,3
284,2018,24.7644,0.4895,-0.044,-0.3215,12,11,1,1,3
284,2019,25.2674,0.4481,0.0718,0.0729,13,10,1,1,3
284,2020,22.5164,0.2236,-0.069,-0.0811,14,8,1,1,2
284,2021,25.6135,0.5157,0.1124,-0.4613,15,9,0,1,6
284,2022,24.4824,0.4371,0.0205,0.0104,16,11,0,1,8
285,2016,21.8361,0.6959,0.0842,-0.5047,11,10,1,0,0
285,2017,20.9006,0.2346,0.0034,-0.0242,12,11,1,0,1
285,2018,22.2247,0.2124,0.0003,0.3186,13,11,0,0,0
285,2019,22.7437,0.2617,0.0379,-0.1079,14,8,1,0,6
285,2020,22.9936,0.1727,0.0819,0.0582,15,8,0,1,2
285,2021,24.4114,0.367,-0.0244,0.6901,16,5,0,0,2
285,2022,23.7599,0.3547,0.0461,0.0582,17,12,0,0,1
286,2016,21.2222,0.5743,0.1,0.3596,23,6,1,1,2
286,2017,20.8763,0.1811,0.077,0.1133,24,9,0,0,3
286,2018,23.5554,0.5947,0.1043,-0.0807,25,10,1,1,4
286,2019,23.6867,0.2872,-0.0266,-0.0165,26,12,0,1,10
286,2020,22.5953,0.2554,0.0465,0.2291,27,10,0,0,2
286,2021,23.2191,0.5891,-0.0619,-0.2012,28,10,1,1,1
286,2022,23.9993,0.4704,0.0152,0.274,29,13,1,1,3
287,2016,25.9759,0.4916,0.0778,-0.2571,20,11,1,0,2
287,2017,27.2954,0.5128,0.1121,0.6304,21,11,0,1,5
287,2018,24.146,0.5058,0.079,0.2627,22,7,0,0,1
287,2019,25.2827,0.141,0.0888,-0.0964,23,7,0,0,4
287,2020,27.6398,0.2946,0.1111,0.4493,24,10,1,0,6
287,2021,26.5605,0.6133,0.0288,0.0981,25,11,1,0,8
287,2022,26.513,0.1351,-0.0222,0.1544,26,11,1,1,8
288,2016,22.8041,0.3296,0.1243,0.5456,17,9,0,0,3
288,2017,22.2157,0.418,-0.0012,0.3407,18,9,0,0,0
288,2018,22.1341,0.4963,0.038,0.503,19,6,0,0,1
288,2019,24.0436,0.4453,0.0867,0.2967,20,12,0,0,5
288,2020,25.3635,0.7553,0.0154,0.0109,21,9,0,1,2
288,2021,23.5655,0.5272,0.0796,0.2707,22,9,0,1,2
288,2022,25.503,0.3117,0.0431,0.1548,23,7,0,1,8
289,2016,24.4544,0.5421,0.1068,0.3476,11,9,0,1,5
289,2017,25.8426,0.4942,0.1349,-0.319,12,7,1,1,2
289,2018,23.9974,0.5124,0.0797,0.3244,13,6,0,0,3
289,2019,24.9143,0.3676,0.069,-0.0569,14,8,1,1,6
289,2020,23.9539,0.289,-0.0088,0.1983,15,7,0,1,0
289,2021,24.6745,0.3799,-0.0153,0.6895,16,10,0,0,5
289,2022,26.2473,0.4037,0.1511,0.0569,17,9,1,1,13
290,2016,19.7426,0.304,0.1002,-0.1938,12,7,1,1,0
290,2017,21.2532,0.3078,-0.0011,-0.0671,13,10,1,0,3
290,2018,21.5413,0.5445,0.0578,0.123,14,10,0,0,2
290,2019,23.5019,0.544,0.0454,-0.0122,15,10,1,0,6
290,2020,22.3461,0.3917,0.1037,-0.0161,16,11,0,0,1
290,2021,23.367,0.6068,0.0161,0.0889,17,10,1,1,3
290,2022,24.6918,0.5871,0.1228,-0.0438,18,10,0,1,1
291,2016,21.8381,0.2367,-0.0144,-0.2766,18,9,0,0,0
291,2017,21.3547,0.8914,0.0607,0.1181,19,7,1,0,1
291,2018,24.047,0.8554,0.0747,0.1396,20,12,0,0,3
291,2019,23.5939,0.3961,0.0925,-0.095,21,11,1,0,2
291,2020,23.9918,0.5265,-0.0064,0.3789,22,7,0,0,1
291,2021,24.768,0.4018,0.1241,0.5351,23,10,1,0,6
291,2022,25.9624,0.153,0.0273,-0.2236,24,10,1,0,2
292,2016,22.8538,0.6897,0.0004,0.465,21,10,1,0,2
292,2017,22.634,0.2715,0.0242,0.5163,22,11,1,0,3
292,2018,22.7961,0.2587,0.0465,0.3656,23,7,1,0,7
292,2019,22.8909,0.5288,0.1067,0.2417,24,8,0,1,3
292,2020,23.3035,0.0669,-0.0007,0.2502,25,13,0,1,15
292,2021,24.7833,0.2628,0.1118,0.2584,26,10,0,1,19
292,2022,23.6157,0.4327,-0.0229,-0.1022,27,11,0,1,9
293,2016,19.6472,0.4908,-0.0265,0.3138,6,10,0,0,3
293,2017,20.8069,0.5552,-0.019,-0.0612,7,11,1,0,1
293,2018,19.32,0.2184,0.0075,0.023,8,9,0,1,0
293,2019,22.47,0.6008,0.1268,0.014,9,11,0,0,3
293,2020,22.6088,0.1938,0.0658,-0.0608,10,9,0,0,9
293,2021,23.1425,0.4794,0.1272,0.2643,11,7,1,1,9
293,2022,23.6682,0.4568,0.0925,0.1384,12,9,0,1,12
294,2016,21.5077,0.228,0.1062,-0.1797,19,10,1,0,3
294,2017,22.5067,0.4052,0.0856,0.055,20,10,0,0,1
294,2018,21.9166,0.3477,-0.0085,0.4132,21,8,0,0,2
294,2019,23.2063,0.5573,-0.0145,0.2016,22,11,0,0,1
294,2020,23.0107,0.7342,0.0805,0.3595,23,11,0,1,2
294,2021,24.0472,0.4179,0.0578,0.1848,24,8,0,0,3
294,2022,24.9583,0.5103,0.0634,-0.104,25,7,1,0,5
295,2016,22.4536,0.6642,0.0151,0.1055,7,11,0,0,4
295,2017,22.5854,0.6276,-0.01,0.2237,8,9,0,0,1
295,2018,23.2948,0.3837,0.0295,0.1769,9,6,0,0,3
295,2019,22.7971,0.1486,-0.0574,0.1189,10,9,0,1,4
295,2020,25.3063,0.5232,0.1516,-0.0729,11,8,0,0,5
295,2021,24.3959,0.1865,-0.0372,0.0508,12,6,0,1,5
295,2022,22.8334,0.424,0.1016,-0.0502,13,6,0,0,3
296,2016,22.9112,0.5052,0.0353,0.1864,20,8,0,0,3
296,2017,23.6541,0.4834,0.0778,-0.1107,21,10,0,0,1
296,2018,24.3868,0.2064,0.0849,0.0013,22,10,1,0,3
296,2019,22.9672,0.5494,0.0496,0.1037,23,7,1,0,3
296,2020,24.3041,0.4339,0.0358,0.1855,24,8,0,1,1
296,2021,23.9781,0.6274,0.111,0.179,25,12,1,1,5
296,2022,24.8367,0.4384,0.0664,0.181,26,8,0,1,3
297,2016,21.4307,0.5245,0.0417,-0.0307,7,7,0,0,2
297,2017,21.8569,0.3772,0.0236,0.2048,8,10,1,0,0
297,2018,21.8113,0.6305,0.0094,0.5586,9,11,0,0,0
297,2019,20.8584,0.3402,0.0876,0.1064,10,6,1,0,2
297,2020,22.9712,0.3041,-0.016,-0.0096,11,8,0,1,3
297,2021,22.8236,0.05,-0.0062,0.4475,12,9,1,0,3
297,2022,25.1551,0.6761,0.0742,0.1013,13,11,1,0,3
298,2016,23.3469,0.3911,0.1301,0.1095,3,7,0,0,1
298,2017,23.1611,0.3248,-0.0126,0.017,4,10,0,1,2
298,2018,22.7283,0.4245,-0.0403,0.1941,5,8,0,1,3
298,2019,25.3042,0.2612,-0.0425,0.0632,6,9,0,1,3
298,2020,26.2049,0.6188,-0.0223,0.3332,7,6,0,1,3
298,2021,25.6097,0.6683,0.0839,0.2837,8,11,1,1,3
298,2022,26.3205,0.3579,0.0378,0.4972,9,8,1,1,3
299,2016,21.5308,0.5255,0.0316,0.1944,14,5,0,0,0
299,2017,21.808,0.2641,0.1333,-0.0801,15,8,0,0,2
299,2018,21.1828,0.183,0.1187,-0.0173,16,9,0,0,4
299,2019,22.6511,0.3247,0.1103,-0.2533,17,9,0,0,3
299,2020,21.6598,0.3735,0.0482,-0.269,18,11,0,0,2
299,2021,23.3585,0.6749,0.0896,0.6081,19,7,0,0,4
299,2022,23.0106,0.5927,0.0128,0.1912,20,10,0,0,6
300,2016,22.0792,0.2559,0.0465,0.1526,8,10,1,0,3
300,2017,21.1074,0.2687,0.0297,0.0722,9,6,0,1,3
300,2018,20.4972,0.5593,0.0559,-0.2307,10,10,1,1,0
300,2019,21.5796,0.7008,0.1806,-0.3577,11,8,0,1,3
300,2020,22.6449,0.5549,0.0356,0.0487,12,8,0,1,8
300,2021,23.4609,0.5473,0.0216,0.511,13,7,0,1,5
300,2022,23.5638,0.5396,0.0924,0.3813,14,11,0,1,9
